File,LineNumber,MatchedTerm,Classification,LineSnippet,Notes
README.md,16,diagnostic,corrected educational terminology,> **Educational & Non-Diagnostic Disclaimer:**,Standardized educational performance metric and support scaffold
README.md,17,diagnostic,corrected educational terminology,> This application provides educational language support and research-oriented performance tracking. It is **not a diagnostic instrument** a,Standardized educational performance metric and support scaffold
README.md,27,CLI,valid screening terminology,| **DLD Risk Indicator** | **Component 1** / Authorized Clinician | **No** | Stored as a **read-only screening snapshot** (`screening_risk_l,Component 1 owned DLD risk screening indicator (read-only snapshot)
README.md,33,recommended_support_level,corrected educational terminology,"| **Educational Support Level** | **This Component** | **Yes** | Calculates `recommended_support_level` (`mild`, `moderate`, `strong`) for s",Standardized educational performance metric and support scaffold
README.md,35,clinical,corrected educational terminology,| **Clinical Diagnosis** | **Qualified Expert** | **Never** | Clinical diagnoses are outside the software's scope. |,System architectural and educational terminology documentation
README.md,98,clinical,corrected educational terminology,"- **Recommended Support Level**: Continuously recalculates `recommended_support_level` (`mild`, `moderate`, `strong`) for pedagogical adapta",Standardized educational performance metric and support scaffold
README.md,107,clinical,corrected educational terminology,"- Distraction-free, friendly child view strictly hiding all risk levels, performance scores, grammar error codes, and clinical terms.",System architectural and educational terminology documentation
README.md,226,CLI,corrected educational terminology,│   │   ├── services/api.js        # API Client & Integration Endpoints,System architectural and educational terminology documentation
README.md,240,clinical,corrected educational terminology,The performance indicators are derived from interactions within this application and are intended to support educational personalization and,Standardized educational performance metric and support scaffold
RESEARCH_README.md,18,clinical,research quotation/reference,"3. **Enforces strict child safety & anti-leakage**: Enforces $\le 8\text{--}10$ words target sentence length (maximum 12 words), zero puniti","Academic research paper framing, researcher documentation, or expert evaluation"
RESEARCH_README.md,20,CLI,research quotation/reference,5. **Provides formal scientific evaluation**: Incorporates a 5-dimension Likert expert evaluation rubric and one-click modular data packagin,"Academic research paper framing, researcher documentation, or expert evaluation"
RESEARCH_README.md,24,clinical,research quotation/reference,## 2. Clinical & Pedagogical Framework,"Academic research paper framing, researcher documentation, or expert evaluation"
RESEARCH_README.md,29,clinical,research quotation/reference,| Constraint | Policy Boundary | Clinical Rationale |,"Academic research paper framing, researcher documentation, or expert evaluation"
RESEARCH_README.md,36,diagnostic,research quotation/reference,"| **Jargon Privacy** | Clinical codes strictly hidden from child | Diagnostic codes (`missing_preposition`, `pronoun_case_error`) are resear","Academic research paper framing, researcher documentation, or expert evaluation"
RESEARCH_README.md,61,CLI,research quotation/reference,"|  - 3-Attempt Retry Machine - External Payloads (1,3,4) - Dataset Export CLI        |","Academic research paper framing, researcher documentation, or expert evaluation"
RESEARCH_README.md,87,clinical,research quotation/reference,All adaptations can be evaluated by clinical and pedagogical experts on a 1–5 Likert scale:,"Academic research paper framing, researcher documentation, or expert evaluation"
RESEARCH_README.md,109,CLI,research quotation/reference,The platform provides complete data export capabilities via `GET /api/export/...` and the CLI tool `scripts/export_benchmark_dataset.py`.,"Academic research paper framing, researcher documentation, or expert evaluation"
RESEARCH_README.md,169,clinical,research quotation/reference,| `comments` | Text | Qualitative clinical feedback |,"Academic research paper framing, researcher documentation, or expert evaluation"
RESEARCH_README.md,182,CLI,research quotation/reference,### 2. Exporting Research Datasets via CLI,"Academic research paper framing, researcher documentation, or expert evaluation"
RESEARCH_README.md,202,CLI,research quotation/reference,"- **""Evaluation & Research""** tab: Live 5-dimension Likert scoring, aggregate benchmark radar/bar charts, and one-click ZIP/CSV export cente","Academic research paper framing, researcher documentation, or expert evaluation"
SYSTEM_CONCEPT.md,13,diagnostic,research quotation/reference,"- **Punitive & Clinical Feedback**: Cold diagnostic messages (*""Incorrect syntax""*, *""You failed""*) that induce frustration and educational ","Academic research paper framing, researcher documentation, or expert evaluation"
SYSTEM_CONCEPT.md,22,diagnostic,research quotation/reference,"4. **Enforces Strict Child Safety & Anti-Leakage**: Blocks answers, enforces sentence length constraints ($\le 8\text{--}10$ words, strict m","Academic research paper framing, researcher documentation, or expert evaluation"
SYSTEM_CONCEPT.md,23,clinical,research quotation/reference,"5. **Dispatches Multi-System Payloads**: Bridges child-friendly text, Web Speech audio, Augmented Reality (AR) spatial cues, and clinical an","Academic research paper framing, researcher documentation, or expert evaluation"
SYSTEM_CONCEPT.md,49,diagnostic,research quotation/reference,"5. **Diagnostic Privacy**: Clinical error codes (e.g., `dld_omitted_preposition`, `low_speech_confidence`) are logged exclusively for resear","Academic research paper framing, researcher documentation, or expert evaluation"
SYSTEM_CONCEPT.md,113,clinical,research quotation/reference,│              STAGE 8: CLINICAL EVALUATION & DATA PACKAGING                     │,"Academic research paper framing, researcher documentation, or expert evaluation"
SYSTEM_CONCEPT.md,115,CLI,research quotation/reference,"│  - One-Click Data Export: CSV, JSON, and complete Research ZIP Bundles         │","Academic research paper framing, researcher documentation, or expert evaluation"
SYSTEM_CONCEPT.md,166,clinical,research quotation/reference,- **Caregiver Notice**: Clinical alert sent to dashboard showing the child had difficulty with prepositions and spatial targets.,"Academic research paper framing, researcher documentation, or expert evaluation"
SYSTEM_CONCEPT.md,203,clinical,research quotation/reference,## 7. Research & Clinical Value,"Academic research paper framing, researcher documentation, or expert evaluation"
SYSTEM_CONCEPT.md,214,clinical,research quotation/reference,The system includes built-in exports for empirical papers and clinical studies:,"Academic research paper framing, researcher documentation, or expert evaluation"
SYSTEM_DOCUMENTATION.md,15,diagnostic,corrected educational terminology,> **Non-Diagnostic Disclaimer:**,System architectural and educational terminology documentation
SYSTEM_DOCUMENTATION.md,16,diagnostic,corrected educational terminology,> This application provides educational language support and research-oriented performance tracking. It is **not a diagnostic instrument** a,Standardized educational performance metric and support scaffold
SYSTEM_DOCUMENTATION.md,64,screening_risk_level,valid screening terminology,| **DLD Risk Indicator** | **Component 1** / Authorized Expert | **No** | Stored as a read-only snapshot (`screening_risk_level`). |,Component 1 owned DLD risk screening indicator (read-only snapshot)
SYSTEM_DOCUMENTATION.md,70,recommended_support_level,corrected educational terminology,"| **Educational Support Level** | **This Component** | **Yes** | Calculates `recommended_support_level` (`mild`, `moderate`, `strong`). |",Standardized educational performance metric and support scaffold
SYSTEM_DOCUMENTATION.md,73,clinical,corrected educational terminology,| **Clinical DLD Diagnosis** | **Qualified Expert** | **Never** | Outside the software's responsibility. |,System architectural and educational terminology documentation
SYSTEM_DOCUMENTATION.md,121,clinical,valid screening terminology,"The clinical risk indicator received from Component 1 (`screening_risk_level`: `low`, `moderate`, `high`) is **immutable** during activity p",Component 1 owned DLD risk screening indicator (read-only snapshot)
SYSTEM_DOCUMENTATION.md,123,recommended_support_level,corrected educational terminology,This component calculates `recommended_support_level`:,Standardized educational performance metric and support scaffold
SYSTEM_DOCUMENTATION.md,148,screening_risk_level,valid screening terminology,"- `screening_risk_level` (String: `low`, `moderate`, `high` — read-only from Component 1)",Component 1 owned DLD risk screening indicator (read-only snapshot)
SYSTEM_DOCUMENTATION.md,149,recommended_support_level,corrected educational terminology,"- `recommended_support_level` (String: `mild`, `moderate`, `strong`)",Standardized educational performance metric and support scaffold
SYSTEM_DOCUMENTATION.md,164,screening_risk_level,valid screening terminology,- `screening_risk_level` (read-only snapshot),Component 1 owned DLD risk screening indicator (read-only snapshot)
SYSTEM_DOCUMENTATION.md,165,recommended_support_level,corrected educational terminology,- `recommended_support_level`,Standardized educational performance metric and support scaffold
SYSTEM_DOCUMENTATION.md,173,CLI,corrected educational terminology,- `educational_summary_notes` (Educator / clinician summary notes),Standardized educational performance metric and support scaffold
SYSTEM_DOCUMENTATION.md,201,clinical,corrected educational terminology,The performance indicators are derived from interactions within this application and are intended to support educational personalization and,Standardized educational performance metric and support scaffold
backend\app\api\routes.py,221,diagnostic,corrected educational terminology,"""""""Returns pure child-safe payload stripped of diagnostic scores and research logs.""""""",Educational support terminology
backend\app\api\routes.py,773,risk_changed,legacy field retained temporarily,"""risk_changed"": r.risk_changed,",Database schema backward-compatibility column retained during Stage 12
backend\app\api\routes.py,774,screening_risk_level,valid screening terminology,"""screening_risk_level"": r.screening_risk_level or r.risk_before,",Component 1 owned DLD risk screening indicator (read-only snapshot)
backend\app\api\routes.py,775,recommended_support_level,corrected educational terminology,"""recommended_support_level"": r.recommended_support_level,",Standardized educational performance metric and support scaffold
backend\app\api\routes.py,785,diagnostic,corrected educational terminology,"""educational_summary_notes"": r.educational_summary_notes or r.diagnostic_notes,",Standardized educational performance metric and support scaffold
backend\app\api\routes.py,786,diagnostic,corrected educational terminology,"""diagnostic_notes"": r.diagnostic_notes,",Educational support terminology
backend\app\api\routes.py,825,risk_changed,legacy field retained temporarily,"""risk_changed"": r.risk_changed,",Database schema backward-compatibility column retained during Stage 12
backend\app\api\routes.py,826,screening_risk_level,valid screening terminology,"""screening_risk_level"": r.screening_risk_level or r.risk_before,",Component 1 owned DLD risk screening indicator (read-only snapshot)
backend\app\api\routes.py,827,recommended_support_level,corrected educational terminology,"""recommended_support_level"": r.recommended_support_level,",Standardized educational performance metric and support scaffold
backend\app\api\routes.py,838,diagnostic,corrected educational terminology,"""educational_summary_notes"": r.educational_summary_notes or r.diagnostic_notes,",Standardized educational performance metric and support scaffold
backend\app\api\routes.py,839,diagnostic,corrected educational terminology,"""diagnostic_notes"": r.diagnostic_notes,",Educational support terminology
backend\app\api\routes.py,987,screening_risk_level,valid screening terminology,"""screening_risk_level"": learner.screening_risk_level,",Component 1 owned DLD risk screening indicator (read-only snapshot)
backend\app\api\routes.py,991,clinical,corrected educational terminology,# 6. Apply Screening Profile Update (Read-only clinical risk snapshot),Educational support terminology
backend\app\api\routes.py,992,screening_risk_level,valid screening terminology,learner.screening_risk_level = req.risk_level,Component 1 owned DLD risk screening indicator (read-only snapshot)
backend\app\api\routes.py,993,risk_support_level,legacy field retained temporarily,learner.risk_support_level = req.risk_level,Database schema backward-compatibility column retained during Stage 12
backend\app\api\routes.py,1012,screening_risk_level,valid screening terminology,"""screening_risk_level"": learner.screening_risk_level,",Component 1 owned DLD risk screening indicator (read-only snapshot)
backend\app\database\models.py,22,screening_risk_level,valid screening terminology,"screening_risk_level = Column(String(20), nullable=False, default=""moderate"")  # low, moderate, high (read-only snapshot from Component 1)",Component 1 owned DLD risk screening indicator (read-only snapshot)
backend\app\database\models.py,23,recommended_support_level,corrected educational terminology,"recommended_support_level = Column(String(20), nullable=False, default=""moderate"")  # mild, moderate, strong (calculated for educational per",Standardized educational performance metric and support scaffold
backend\app\database\models.py,24,risk_support_level,legacy field retained temporarily,"risk_support_level = Column(String(20), nullable=True)  # legacy compatibility field",Database schema backward-compatibility column retained during Stage 12
backend\app\database\models.py,474,risk_support_level,legacy field retained temporarily,"# Score Snapshots (JSON objects with vocabulary_score, grammar_score, comprehension_score, instruction_following_score, risk_support_level, ",Database schema backward-compatibility column retained during Stage 12
backend\app\database\models.py,482,risk_changed,legacy field retained temporarily,"risk_changed = Column(Boolean, nullable=False, default=False)",Database schema backward-compatibility column retained during Stage 12
backend\app\database\models.py,483,screening_risk_level,valid screening terminology,"screening_risk_level = Column(String(20), nullable=True)    # read-only snapshot",Component 1 owned DLD risk screening indicator (read-only snapshot)
backend\app\database\models.py,484,recommended_support_level,corrected educational terminology,"recommended_support_level = Column(String(20), nullable=True) # educational support level",Standardized educational performance metric and support scaffold
backend\app\database\models.py,506,diagnostic,corrected educational terminology,# Educational Summary (Renamed safely from diagnostic_notes),Standardized educational performance metric and support scaffold
backend\app\database\models.py,508,diagnostic,corrected educational terminology,"diagnostic_notes = Column(Text, nullable=True)  # legacy compatibility field",Educational support terminology
backend\app\database\seed.py,34,risk_support_level,legacy field retained temporarily,"risk_support_level=l_data[""risk_support_level""],",Database schema backward-compatibility column retained during Stage 12
backend\app\generation\llm_generator.py,34,diagnostic,corrected educational terminology,"""Never use clinical or diagnostic terms (e.g. 'DLD', 'disorder', 'risk score').\n""",Educational support terminology
backend\app\generation\llm_generator.py,65,risk_support_level,legacy field retained temporarily,"""risk_support_level"": learner.risk_support_level,",Database schema backward-compatibility column retained during Stage 12
backend\app\grammar_analysis\grammar_extractor.py,13,CLI,corrected educational terminology,import spacy.cli,Educational support terminology
backend\app\grammar_analysis\grammar_extractor.py,14,CLI,corrected educational terminology,"spacy.cli.download(""en_core_web_sm"")",Educational support terminology
backend\app\integrations\component1\schemas.py,14,clinical,valid screening terminology,"risk_level: str = Field(..., pattern=""^(low|moderate|high)$"", description=""Read-only clinical screening risk from Component 1"")",Component 1 owned DLD risk screening indicator (read-only snapshot)
backend\app\integrations\component4\mock_adapter.py,79,screening_risk_level,legacy field retained temporarily,"screening_risk = getattr(learner, ""screening_risk_level"", None) or getattr(learner, ""risk_support_level"", ""moderate"")",Database schema backward-compatibility column retained during Stage 12
backend\app\integrations\component4\mock_adapter.py,80,recommended_support_level,corrected educational terminology,"recommended_support = getattr(learner, ""recommended_support_level"", ""moderate"")",Standardized educational performance metric and support scaffold
backend\app\integrations\component4\mock_adapter.py,85,screening_risk_level,valid screening terminology,"screening_risk_level=screening_risk,",Component 1 owned DLD risk screening indicator (read-only snapshot)
backend\app\integrations\component4\mock_adapter.py,88,recommended_support_level,corrected educational terminology,"recommended_support_level=recommended_support,",Standardized educational performance metric and support scaffold
backend\app\integrations\component4\schemas.py,20,screening_risk_level,valid screening terminology,"screening_risk_level: str = Field(..., description=""Read-only screening risk level imported from Component 1"")",Component 1 owned DLD risk screening indicator (read-only snapshot)
backend\app\integrations\component4\schemas.py,23,recommended_support_level,corrected educational terminology,"recommended_support_level: str = Field(""moderate"", pattern=""^(mild|moderate|strong)$"")",Standardized educational performance metric and support scaffold
backend\app\personalization\controller.py,31,risk_support_level,legacy field retained temporarily,"risk = (learner.risk_support_level or ""moderate"").lower()",Database schema backward-compatibility column retained during Stage 12
backend\app\personalization\controller.py,189,risk_support_level,legacy field retained temporarily,"risk = (learner.risk_support_level or ""moderate"").lower()",Database schema backward-compatibility column retained during Stage 12
backend\app\personalization\profile_updater.py,13,screening_risk_level,valid screening terminology,2. NEVER mutates screening_risk_level (owned as a read-only snapshot from Component 1).,Component 1 owned DLD risk screening indicator (read-only snapshot)
backend\app\personalization\profile_updater.py,14,recommended_support_level,corrected educational terminology,"3. Calculates recommended_support_level (mild, moderate, strong) for educational scaffolding.",Standardized educational performance metric and support scaffold
backend\app\personalization\profile_updater.py,57,screening_risk_level,legacy field retained temporarily,"screening_risk = getattr(learner, ""screening_risk_level"", None) or getattr(learner, ""risk_support_level"", ""moderate"")",Database schema backward-compatibility column retained during Stage 12
backend\app\personalization\profile_updater.py,63,screening_risk_level,valid screening terminology,"""screening_risk_level"": screening_risk,",Component 1 owned DLD risk screening indicator (read-only snapshot)
backend\app\personalization\profile_updater.py,64,recommended_support_level,corrected educational terminology,"""recommended_support_level"": getattr(learner, ""recommended_support_level"", ""moderate""),",Standardized educational performance metric and support scaffold
backend\app\personalization\profile_updater.py,65,risk_support_level,legacy field retained temporarily,"""risk_support_level"": learner.risk_support_level,",Database schema backward-compatibility column retained during Stage 12
backend\app\personalization\profile_updater.py,125,CLI,corrected educational terminology,cli = round(,Standardized educational performance metric and support scaffold
backend\app\personalization\profile_updater.py,135,CLI,corrected educational terminology,if cli < 48.0 or target_score < 40.0:,Standardized educational performance metric and support scaffold
backend\app\personalization\profile_updater.py,137,CLI,corrected educational terminology,elif cli >= 70.0 and target_score >= 65.0:,Standardized educational performance metric and support scaffold
backend\app\personalization\profile_updater.py,143,CLI,corrected educational terminology,if cli < 48.0:,Standardized educational performance metric and support scaffold
backend\app\personalization\profile_updater.py,145,CLI,corrected educational terminology,elif cli < 68.0:,Standardized educational performance metric and support scaffold
backend\app\personalization\profile_updater.py,150,screening_risk_level,valid screening terminology,# 8. PERSIST: Note that screening_risk_level is NEVER modified by activity completion,Component 1 owned DLD risk screening indicator (read-only snapshot)
backend\app\personalization\profile_updater.py,151,recommended_support_level,corrected educational terminology,learner.recommended_support_level = new_support,Standardized educational performance metric and support scaffold
backend\app\personalization\profile_updater.py,163,screening_risk_level,valid screening terminology,"""screening_risk_level"": screening_risk,",Component 1 owned DLD risk screening indicator (read-only snapshot)
backend\app\personalization\profile_updater.py,164,recommended_support_level,corrected educational terminology,"""recommended_support_level"": learner.recommended_support_level,",Standardized educational performance metric and support scaffold
backend\app\personalization\profile_updater.py,165,risk_support_level,legacy field retained temporarily,"""risk_support_level"": learner.risk_support_level,",Database schema backward-compatibility column retained during Stage 12
backend\app\personalization\profile_updater.py,167,CLI,legacy field retained temporarily,"""composite_language_index"": cli",Database schema backward-compatibility column retained during Stage 12
backend\app\personalization\profile_updater.py,201,risk_changed,legacy field retained temporarily,"""risk_changed"": False,  # Strictly False: activity evaluation never changes DLD screening risk",Database schema backward-compatibility column retained during Stage 12
backend\app\retry_controller\retry_manager.py,21,diagnostic,corrected educational terminology,and emits comprehensive clinician diagnostic summary.,Educational support terminology
backend\app\retry_controller\retry_manager.py,129,diagnostic,corrected educational terminology,# Emit Component 4 diagnostic pattern event,Educational support terminology
backend\app\retry_controller\retry_manager.py,133,diagnostic,corrected educational terminology,"event_type=""diagnostic_pattern_event"",",Educational support terminology
backend\app\retry_controller\retry_manager.py,139,diagnostic,corrected educational terminology,"""diagnostic_notes"": escalation_payload.get(""researcher_summary"", """")",Educational support terminology
backend\app\retry_controller\retry_manager.py,191,diagnostic,corrected educational terminology,- Researcher / Clinician summary: Comprehensive diagnostic audit,Educational support terminology
backend\app\retry_controller\retry_manager.py,248,diagnostic,corrected educational terminology,"""""""Extracts grammar and vocabulary diagnostic observations.""""""",Educational support terminology
backend\app\schemas\schemas.py,12,screening_risk_level,valid screening terminology,"screening_risk_level: str = Field(""moderate"", pattern=""^(low|moderate|high)$"", description=""Read-only screening risk level from Component 1""",Component 1 owned DLD risk screening indicator (read-only snapshot)
backend\app\schemas\schemas.py,13,recommended_support_level,corrected educational terminology,"recommended_support_level: str = Field(""moderate"", pattern=""^(mild|moderate|strong)$"", description=""Calculated support level for educational",Standardized educational performance metric and support scaffold
backend\app\schemas\schemas.py,14,risk_support_level,legacy field retained temporarily,"risk_support_level: Optional[str] = Field(""moderate"", description=""Legacy compatibility field"")",Database schema backward-compatibility column retained during Stage 12
backend\app\schemas\schemas.py,463,risk_changed,legacy field retained temporarily,risk_changed: bool = False,Database schema backward-compatibility column retained during Stage 12
backend\app\schemas\schemas.py,464,screening_risk_level,valid screening terminology,screening_risk_level: Optional[str] = None,Component 1 owned DLD risk screening indicator (read-only snapshot)
backend\app\schemas\schemas.py,465,recommended_support_level,corrected educational terminology,recommended_support_level: Optional[str] = None,Standardized educational performance metric and support scaffold
backend\app\schemas\schemas.py,479,diagnostic,corrected educational terminology,diagnostic_notes: Optional[str] = None,Educational support terminology
backend\app\security\rate_limit.py,10,CLI,corrected educational terminology,"self.clients: Dict[str, List[float]] = defaultdict(list)",Educational support terminology
backend\app\security\rate_limit.py,12,CLI,corrected educational terminology,"def is_allowed(self, client_ip: str) -> bool:",Educational support terminology
backend\app\security\rate_limit.py,14,CLI,corrected educational terminology,timestamps = self.clients[client_ip],Educational support terminology
backend\app\security\rate_limit.py,18,CLI,corrected educational terminology,self.clients[client_ip] = valid_timestamps,Educational support terminology
backend\app\security\rate_limit.py,29,CLI,corrected educational terminology,"client_ip = request.client.host if request.client else ""127.0.0.1""",Educational support terminology
backend\app\security\rate_limit.py,30,CLI,corrected educational terminology,if not rate_limiter.is_allowed(client_ip):,Educational support terminology
backend\app\services\evaluation_service.py,225,diagnostic,corrected educational terminology,Child-safe: diagnostic codes are strictly clinician-facing.,Educational support terminology
backend\app\services\evaluation_service.py,243,CLI,corrected educational terminology,clinician_observations = [],Educational support terminology
backend\app\services\evaluation_service.py,247,CLI,corrected educational terminology,clinician_observations.append({,Educational support terminology
backend\app\services\evaluation_service.py,268,diagnostic,corrected educational terminology,"""diagnostic_summary"": {",Educational support terminology
backend\app\services\evaluation_service.py,270,CLI,corrected educational terminology,"""observations_detail"": clinician_observations,",Educational support terminology
backend\app\services\evaluation_service.py,481,risk_support_level,legacy field retained temporarily,"""risk_level"": exp.learner.risk_support_level if exp.learner else None,",Database schema backward-compatibility column retained during Stage 12
backend\app\services\session_service.py,45,risk_support_level,legacy field retained temporarily,"""risk_support_level"": learner.risk_support_level,",Database schema backward-compatibility column retained during Stage 12
backend\app\services\session_service.py,441,screening_risk_level,legacy field retained temporarily,"screening_risk = getattr(learner, ""screening_risk_level"", None) or getattr(learner, ""risk_support_level"", ""moderate"")",Database schema backward-compatibility column retained during Stage 12
backend\app\services\session_service.py,447,screening_risk_level,valid screening terminology,"""screening_risk_level"": screening_risk,",Component 1 owned DLD risk screening indicator (read-only snapshot)
backend\app\services\session_service.py,448,recommended_support_level,corrected educational terminology,"""recommended_support_level"": getattr(learner, ""recommended_support_level"", ""moderate""),",Standardized educational performance metric and support scaffold
backend\app\services\session_service.py,449,risk_support_level,legacy field retained temporarily,"""risk_support_level"": learner.risk_support_level,",Database schema backward-compatibility column retained during Stage 12
backend\app\services\session_service.py,485,diagnostic,corrected educational terminology,# Build educational summary notes (non-diagnostic wording),Standardized educational performance metric and support scaffold
backend\app\services\session_service.py,502,recommended_support_level,corrected educational terminology,"f""Recommended support level: {profile_update['after'].get('recommended_support_level')}. """,Standardized educational performance metric and support scaffold
backend\app\services\session_service.py,503,screening_risk_level,valid screening terminology,"f""Screening risk remains read-only from Component 1 ({score_before_snap['screening_risk_level']}).""",Component 1 owned DLD risk screening indicator (read-only snapshot)
backend\app\services\session_service.py,526,screening_risk_level,valid screening terminology,"risk_before=score_before_snap[""screening_risk_level""],",Component 1 owned DLD risk screening indicator (read-only snapshot)
backend\app\services\session_service.py,527,screening_risk_level,valid screening terminology,"risk_after=score_before_snap[""screening_risk_level""],",Component 1 owned DLD risk screening indicator (read-only snapshot)
backend\app\services\session_service.py,528,risk_changed,legacy field retained temporarily,"risk_changed=False,",Database schema backward-compatibility column retained during Stage 12
backend\app\services\session_service.py,529,screening_risk_level,valid screening terminology,"screening_risk_level=score_before_snap[""screening_risk_level""],",Component 1 owned DLD risk screening indicator (read-only snapshot)
backend\app\services\session_service.py,530,recommended_support_level,corrected educational terminology,"recommended_support_level=profile_update[""after""].get(""recommended_support_level""),",Standardized educational performance metric and support scaffold
backend\app\services\session_service.py,544,diagnostic,corrected educational terminology,"diagnostic_notes=educational_notes,  # keep alias populated for legacy queries",Standardized educational performance metric and support scaffold
backend\app\services\session_service.py,572,diagnostic,corrected educational terminology,"Returns a clean, child-safe view payload with NO diagnostic risk scores,",Educational support terminology
backend\app\services\session_service.py,573,clinical,corrected educational terminology,"clinical labels, or research logs.",Educational support terminology
backend\app\services\session_service.py,716,risk_support_level,legacy field retained temporarily,"""risk_support_level"": snapshot.get(""risk_support_level"", learner.risk_support_level),",Database schema backward-compatibility column retained during Stage 12
backend\app\services\session_service.py,724,risk_support_level,legacy field retained temporarily,"""risk_support_level"": learner.risk_support_level,",Database schema backward-compatibility column retained during Stage 12
backend\app\services\session_service.py,734,diagnostic,corrected educational terminology,diagnostic_notes = (,Educational support terminology
backend\app\services\session_service.py,758,risk_support_level,legacy field retained temporarily,"risk_before=score_before[""risk_support_level""],",Database schema backward-compatibility column retained during Stage 12
backend\app\services\session_service.py,759,risk_support_level,legacy field retained temporarily,"risk_after=score_after[""risk_support_level""],",Database schema backward-compatibility column retained during Stage 12
backend\app\services\session_service.py,760,risk_changed,legacy field retained temporarily,"risk_changed=(score_before[""risk_support_level""] != score_after[""risk_support_level""]),",Database schema backward-compatibility column retained during Stage 12
backend\app\services\session_service.py,763,diagnostic,corrected educational terminology,"diagnostic_notes=diagnostic_notes,",Educational support terminology
backend\app\validation\child_suitability.py,9,diagnostic,child-facing term removed,- Strict isolation of clinical/diagnostic jargon,Safety filter preventing clinical jargon from appearing in child instructions
backend\app\validation\child_suitability.py,20,clinical,child-facing term removed,PROHIBITED_CLINICAL_TERMS = [,Safety filter preventing clinical jargon from appearing in child instructions
backend\app\validation\child_suitability.py,23,clinical,child-facing term removed,"""diagnosis"", ""clinical"", ""at-risk"", ""moderate risk"", ""high risk"",",Safety filter preventing clinical jargon from appearing in child instructions
backend\app\validation\child_suitability.py,66,diagnostic,child-facing term removed,# 2. Check Clinical / Diagnostic Terminology,Safety filter preventing clinical jargon from appearing in child instructions
backend\app\validation\child_suitability.py,67,clinical,child-facing term removed,for term in self.PROHIBITED_CLINICAL_TERMS:,Safety filter preventing clinical jargon from appearing in child instructions
backend\app\validation\child_suitability.py,70,clinical,child-facing term removed,"violations.append(f""clinical_terminology_leakage: '{term}'"")",Safety filter preventing clinical jargon from appearing in child instructions
backend\app\validation\child_suitability.py,101,clinical,child-facing term removed,"safety_valid = len([v for v in violations if ""prohibited"" in v or ""clinical"" in v]) == 0",Safety filter preventing clinical jargon from appearing in child instructions
backend\app\validation\validator.py,12,clinical,corrected educational terminology,"- Child Suitability & Safety (prohibited terms, clinical jargon, sentence length)",Educational support terminology
backend\tests\test_activity_sessions_and_retries.py,2,CLI,research quotation/reference,from fastapi.testclient import TestClient,Automated test suite verifying responsibility boundaries and safety
backend\tests\test_activity_sessions_and_retries.py,8,CLI,research quotation/reference,def client():,Automated test suite verifying responsibility boundaries and safety
backend\tests\test_activity_sessions_and_retries.py,9,CLI,research quotation/reference,with TestClient(app) as c:,Automated test suite verifying responsibility boundaries and safety
backend\tests\test_activity_sessions_and_retries.py,20,CLI,research quotation/reference,"def test_high_risk_learner_scaffolding_progression(client, db_session):",Automated test suite verifying responsibility boundaries and safety
backend\tests\test_activity_sessions_and_retries.py,34,CLI,research quotation/reference,"s_res = client.post(""/api/activity-sessions"", json={",Automated test suite verifying responsibility boundaries and safety
backend\tests\test_activity_sessions_and_retries.py,45,CLI,research quotation/reference,"att1_res = client.post(f""/api/activity-sessions/{session_id}/attempts"")",Automated test suite verifying responsibility boundaries and safety
backend\tests\test_activity_sessions_and_retries.py,53,CLI,research quotation/reference,"client.patch(f""/api/attempts/{att1['id']}/response"", json={""manual_transcript"": ""Fish live water.""})",Automated test suite verifying responsibility boundaries and safety
backend\tests\test_activity_sessions_and_retries.py,54,CLI,research quotation/reference,"client.post(f""/api/attempts/{att1['id']}/confirm-response"", json={""confirmed"": True})",Automated test suite verifying responsibility boundaries and safety
backend\tests\test_activity_sessions_and_retries.py,55,CLI,research quotation/reference,"client.post(f""/api/attempts/{att1['id']}/analyse"")",Automated test suite verifying responsibility boundaries and safety
backend\tests\test_activity_sessions_and_retries.py,56,CLI,research quotation/reference,"client.post(f""/api/attempts/{att1['id']}/transition"")",Automated test suite verifying responsibility boundaries and safety
backend\tests\test_activity_sessions_and_retries.py,59,CLI,research quotation/reference,"att2_res = client.post(f""/api/activity-sessions/{session_id}/attempts"")",Automated test suite verifying responsibility boundaries and safety
backend\tests\test_activity_sessions_and_retries.py,67,CLI,research quotation/reference,"client.patch(f""/api/attempts/{att2['id']}/response"", json={""manual_transcript"": ""under""})",Automated test suite verifying responsibility boundaries and safety
backend\tests\test_activity_sessions_and_retries.py,68,CLI,research quotation/reference,"client.post(f""/api/attempts/{att2['id']}/confirm-response"", json={""confirmed"": True})",Automated test suite verifying responsibility boundaries and safety
backend\tests\test_activity_sessions_and_retries.py,69,CLI,research quotation/reference,"client.post(f""/api/attempts/{att2['id']}/analyse"")",Automated test suite verifying responsibility boundaries and safety
backend\tests\test_activity_sessions_and_retries.py,70,CLI,research quotation/reference,"client.post(f""/api/attempts/{att2['id']}/transition"")",Automated test suite verifying responsibility boundaries and safety
backend\tests\test_activity_sessions_and_retries.py,73,CLI,research quotation/reference,"att3_res = client.post(f""/api/activity-sessions/{session_id}/attempts"")",Automated test suite verifying responsibility boundaries and safety
backend\tests\test_activity_sessions_and_retries.py,81,CLI,research quotation/reference,"att4_fail = client.post(f""/api/activity-sessions/{session_id}/attempts"")",Automated test suite verifying responsibility boundaries and safety
backend\tests\test_activity_sessions_and_retries.py,85,CLI,research quotation/reference,"def test_low_risk_learner_scaffolding_progression(client, db_session):",Automated test suite verifying responsibility boundaries and safety
backend\tests\test_activity_sessions_and_retries.py,95,CLI,research quotation/reference,"s_res = client.post(""/api/activity-sessions"", json={""learner_id"": learner.id, ""task_id"": task.id})",Automated test suite verifying responsibility boundaries and safety
backend\tests\test_activity_sessions_and_retries.py,99,CLI,research quotation/reference,"att1 = client.post(f""/api/activity-sessions/{s_id}/attempts"").json()[""attempt""]",Automated test suite verifying responsibility boundaries and safety
backend\tests\test_activity_sessions_and_retries.py,102,CLI,research quotation/reference,"client.patch(f""/api/attempts/{att1['id']}/response"", json={""manual_transcript"": ""Fish live water.""})",Automated test suite verifying responsibility boundaries and safety
backend\tests\test_activity_sessions_and_retries.py,103,CLI,research quotation/reference,"client.post(f""/api/attempts/{att1['id']}/confirm-response"", json={""confirmed"": True})",Automated test suite verifying responsibility boundaries and safety
backend\tests\test_activity_sessions_and_retries.py,104,CLI,research quotation/reference,"client.post(f""/api/attempts/{att1['id']}/analyse"")",Automated test suite verifying responsibility boundaries and safety
backend\tests\test_activity_sessions_and_retries.py,105,CLI,research quotation/reference,"client.post(f""/api/attempts/{att1['id']}/transition"")",Automated test suite verifying responsibility boundaries and safety
backend\tests\test_activity_sessions_and_retries.py,107,CLI,research quotation/reference,"att2 = client.post(f""/api/activity-sessions/{s_id}/attempts"").json()[""attempt""]",Automated test suite verifying responsibility boundaries and safety
backend\tests\test_activity_sessions_and_retries.py,110,CLI,research quotation/reference,"client.patch(f""/api/attempts/{att2['id']}/response"", json={""manual_transcript"": ""tree""})",Automated test suite verifying responsibility boundaries and safety
backend\tests\test_activity_sessions_and_retries.py,111,CLI,research quotation/reference,"client.post(f""/api/attempts/{att2['id']}/confirm-response"", json={""confirmed"": True})",Automated test suite verifying responsibility boundaries and safety
backend\tests\test_activity_sessions_and_retries.py,112,CLI,research quotation/reference,"client.post(f""/api/attempts/{att2['id']}/analyse"")",Automated test suite verifying responsibility boundaries and safety
backend\tests\test_activity_sessions_and_retries.py,113,CLI,research quotation/reference,"client.post(f""/api/attempts/{att2['id']}/transition"")",Automated test suite verifying responsibility boundaries and safety
backend\tests\test_activity_sessions_and_retries.py,115,CLI,research quotation/reference,"att3 = client.post(f""/api/activity-sessions/{s_id}/attempts"").json()[""attempt""]",Automated test suite verifying responsibility boundaries and safety
backend\tests\test_activity_sessions_and_retries.py,118,CLI,research quotation/reference,"def test_immutable_learner_profile_snapshot(client, db_session):",Automated test suite verifying responsibility boundaries and safety
backend\tests\test_activity_sessions_and_retries.py,127,CLI,research quotation/reference,"s_res = client.post(""/api/activity-sessions"", json={""learner_id"": learner.id, ""task_id"": task.id})",Automated test suite verifying responsibility boundaries and safety
backend\tests\test_activity_sessions_and_retries.py,137,CLI,research quotation/reference,"s_after = client.get(f""/api/activity-sessions/{s_id}"").json()",Automated test suite verifying responsibility boundaries and safety
backend\tests\test_activity_sessions_and_retries.py,144,CLI,child-facing term removed,"def test_child_view_endpoint_safety(client, db_session):",Child-facing interface guarantees zero clinical jargon or scores
backend\tests\test_activity_sessions_and_retries.py,147,diagnostic,research quotation/reference,"without diagnostic codes, clinical scores, or researcher notes.",Automated test suite verifying responsibility boundaries and safety
backend\tests\test_activity_sessions_and_retries.py,152,CLI,research quotation/reference,"s_id = client.post(""/api/activity-sessions"", json={""learner_id"": learner.id, ""task_id"": task.id}).json()[""id""]",Automated test suite verifying responsibility boundaries and safety
backend\tests\test_activity_sessions_and_retries.py,153,CLI,research quotation/reference,"client.post(f""/api/activity-sessions/{s_id}/attempts"")",Automated test suite verifying responsibility boundaries and safety
backend\tests\test_activity_sessions_and_retries.py,155,CLI,research quotation/reference,"cv_res = client.get(f""/api/activity-sessions/{s_id}/child-view"")",Automated test suite verifying responsibility boundaries and safety
backend\tests\test_activity_sessions_and_retries.py,163,diagnostic,research quotation/reference,# Confirm exclusion of researcher/diagnostic fields,Automated test suite verifying responsibility boundaries and safety
backend\tests\test_activity_sessions_and_retries.py,164,risk_support_level,legacy field retained temporarily,"assert ""risk_support_level"" not in cv",Database schema backward-compatibility column retained during Stage 12
backend\tests\test_activity_sessions_and_retries.py,168,diagnostic,research quotation/reference,"assert ""diagnostic_summary"" not in cv",Automated test suite verifying responsibility boundaries and safety
backend\tests\test_analysis.py,2,CLI,research quotation/reference,from fastapi.testclient import TestClient,Automated test suite verifying responsibility boundaries and safety
backend\tests\test_analysis.py,11,CLI,research quotation/reference,def client():,Automated test suite verifying responsibility boundaries and safety
backend\tests\test_analysis.py,12,CLI,research quotation/reference,with TestClient(app) as c:,Automated test suite verifying responsibility boundaries and safety
backend\tests\test_analysis.py,134,CLI,research quotation/reference,def test_analyze_response_api_endpoint(client):,Automated test suite verifying responsibility boundaries and safety
backend\tests\test_analysis.py,136,CLI,research quotation/reference,"response = client.post(""/api/analyze-response"", json={",Automated test suite verifying responsibility boundaries and safety
backend\tests\test_analysis.py,151,CLI,research quotation/reference,def test_grammar_test_cases_api_endpoint(client):,Automated test suite verifying responsibility boundaries and safety
backend\tests\test_analysis.py,153,CLI,research quotation/reference,"response = client.get(""/api/grammar-test-cases"")",Automated test suite verifying responsibility boundaries and safety
backend\tests\test_evaluation_and_export.py,4,CLI,research quotation/reference,from fastapi.testclient import TestClient,Automated test suite verifying responsibility boundaries and safety
backend\tests\test_evaluation_and_export.py,11,CLI,research quotation/reference,def client():,Automated test suite verifying responsibility boundaries and safety
backend\tests\test_evaluation_and_export.py,12,CLI,research quotation/reference,with TestClient(app) as c:,Automated test suite verifying responsibility boundaries and safety
backend\tests\test_evaluation_and_export.py,24,CLI,research quotation/reference,"def test_submit_expert_evaluation_valid(client, db_session):",Automated test suite verifying responsibility boundaries and safety
backend\tests\test_evaluation_and_export.py,43,CLI,research quotation/reference,"resp = client.post(""/api/expert-evaluations"", json=payload)",Automated test suite verifying responsibility boundaries and safety
backend\tests\test_evaluation_and_export.py,56,CLI,research quotation/reference,"def test_submit_expert_evaluation_invalid_bounds(client, db_session):",Automated test suite verifying responsibility boundaries and safety
backend\tests\test_evaluation_and_export.py,73,CLI,research quotation/reference,"resp1 = client.post(""/api/expert-evaluations"", json=payload_high)",Automated test suite verifying responsibility boundaries and safety
backend\tests\test_evaluation_and_export.py,86,CLI,research quotation/reference,"resp2 = client.post(""/api/expert-evaluations"", json=payload_low)",Automated test suite verifying responsibility boundaries and safety
backend\tests\test_evaluation_and_export.py,103,CLI,research quotation/reference,"def test_get_evaluation_statistics(client, db_session):",Automated test suite verifying responsibility boundaries and safety
backend\tests\test_evaluation_and_export.py,108,CLI,research quotation/reference,"resp = client.get(""/api/expert-evaluations/stats"")",Automated test suite verifying responsibility boundaries and safety
backend\tests\test_evaluation_and_export.py,131,CLI,research quotation/reference,"def test_get_evaluations_for_adaptation(client, db_session):",Automated test suite verifying responsibility boundaries and safety
backend\tests\test_evaluation_and_export.py,138,CLI,research quotation/reference,"resp = client.get(f""/api/expert-evaluations/adaptation/{adaptation.id}"")",Automated test suite verifying responsibility boundaries and safety
backend\tests\test_evaluation_and_export.py,148,CLI,research quotation/reference,def test_export_experiments_json(client):,Automated test suite verifying responsibility boundaries and safety
backend\tests\test_evaluation_and_export.py,153,CLI,research quotation/reference,"resp = client.get(""/api/export/experiments/json"")",Automated test suite verifying responsibility boundaries and safety
backend\tests\test_evaluation_and_export.py,166,CLI,research quotation/reference,def test_export_csv_endpoints(client):,Automated test suite verifying responsibility boundaries and safety
backend\tests\test_evaluation_and_export.py,178,CLI,research quotation/reference,resp = client.get(ep),Automated test suite verifying responsibility boundaries and safety
backend\tests\test_evaluation_and_export.py,187,CLI,research quotation/reference,def test_export_research_bundle_zip(client):,Automated test suite verifying responsibility boundaries and safety
backend\tests\test_evaluation_and_export.py,192,CLI,research quotation/reference,"resp = client.get(""/api/export/research-bundle/zip"")",Automated test suite verifying responsibility boundaries and safety
backend\tests\test_llm_and_integration.py,2,CLI,research quotation/reference,from fastapi.testclient import TestClient,Automated test suite verifying responsibility boundaries and safety
backend\tests\test_llm_and_integration.py,16,CLI,research quotation/reference,def client():,Automated test suite verifying responsibility boundaries and safety
backend\tests\test_llm_and_integration.py,17,CLI,research quotation/reference,with TestClient(app) as c:,Automated test suite verifying responsibility boundaries and safety
backend\tests\test_llm_and_integration.py,218,diagnostic,research quotation/reference,- clinician diagnostic_summary,Automated test suite verifying responsibility boundaries and safety
backend\tests\test_llm_and_integration.py,242,diagnostic,research quotation/reference,"assert ""diagnostic_summary"" in comp4",Automated test suite verifying responsibility boundaries and safety
backend\tests\test_llm_and_integration.py,246,CLI,research quotation/reference,"def test_generator_comparison_api(client, db_session):",Automated test suite verifying responsibility boundaries and safety
backend\tests\test_llm_and_integration.py,256,CLI,research quotation/reference,"response = client.get(f""/api/generate-comparison/{task.id}/{learner.id}?attempt_number=1"")",Automated test suite verifying responsibility boundaries and safety
backend\tests\test_llm_and_integration.py,278,CLI,research quotation/reference,"def test_integration_events_api(client, db_session):",Automated test suite verifying responsibility boundaries and safety
backend\tests\test_llm_and_integration.py,291,CLI,research quotation/reference,"client.get(f""/api/output/component-1/{exp.id}"")",Automated test suite verifying responsibility boundaries and safety
backend\tests\test_llm_and_integration.py,292,CLI,research quotation/reference,"client.get(f""/api/output/ar/{exp.id}"")",Automated test suite verifying responsibility boundaries and safety
backend\tests\test_llm_and_integration.py,295,CLI,research quotation/reference,"ev_resp = client.get(f""/api/integration-events/{exp.id}"")",Automated test suite verifying responsibility boundaries and safety
backend\tests\test_manual_input_and_analysis.py,2,CLI,research quotation/reference,from fastapi.testclient import TestClient,Automated test suite verifying responsibility boundaries and safety
backend\tests\test_manual_input_and_analysis.py,9,CLI,research quotation/reference,def client():,Automated test suite verifying responsibility boundaries and safety
backend\tests\test_manual_input_and_analysis.py,10,CLI,research quotation/reference,with TestClient(app) as c:,Automated test suite verifying responsibility boundaries and safety
backend\tests\test_manual_input_and_analysis.py,78,CLI,research quotation/reference,"def test_strict_confirmation_before_analysis(client, db_session):",Automated test suite verifying responsibility boundaries and safety
backend\tests\test_manual_input_and_analysis.py,86,CLI,research quotation/reference,"s_res = client.post(""/api/activity-sessions"", json={",Automated test suite verifying responsibility boundaries and safety
backend\tests\test_manual_input_and_analysis.py,94,CLI,research quotation/reference,"att_res = client.post(f""/api/activity-sessions/{session_id}/attempts"")",Automated test suite verifying responsibility boundaries and safety
backend\tests\test_manual_input_and_analysis.py,99,CLI,research quotation/reference,"rec_res = client.patch(f""/api/attempts/{attempt_id}/response"", json={",Automated test suite verifying responsibility boundaries and safety
backend\tests\test_manual_input_and_analysis.py,109,CLI,research quotation/reference,"anal_fail = client.post(f""/api/attempts/{attempt_id}/analyse"")",Automated test suite verifying responsibility boundaries and safety
backend\tests\test_manual_input_and_analysis.py,114,CLI,research quotation/reference,"conf_res = client.post(f""/api/attempts/{attempt_id}/confirm-response"", json={",Automated test suite verifying responsibility boundaries and safety
backend\tests\test_manual_input_and_analysis.py,121,CLI,research quotation/reference,"anal_ok = client.post(f""/api/attempts/{attempt_id}/analyse"")",Automated test suite verifying responsibility boundaries and safety
backend\tests\test_manual_input_and_analysis.py,128,CLI,research quotation/reference,"def test_adult_review_preserves_automatic_and_final_results(client, db_session):",Automated test suite verifying responsibility boundaries and safety
backend\tests\test_manual_input_and_analysis.py,137,CLI,research quotation/reference,"s_id = client.post(""/api/activity-sessions"", json={""learner_id"": learner.id, ""task_id"": task.id}).json()[""id""]",Automated test suite verifying responsibility boundaries and safety
backend\tests\test_manual_input_and_analysis.py,138,CLI,research quotation/reference,"att_id = client.post(f""/api/activity-sessions/{s_id}/attempts"").json()[""attempt""][""id""]",Automated test suite verifying responsibility boundaries and safety
backend\tests\test_manual_input_and_analysis.py,139,CLI,research quotation/reference,"client.patch(f""/api/attempts/{att_id}/response"", json={""manual_transcript"": ""Fish live water.""})",Automated test suite verifying responsibility boundaries and safety
backend\tests\test_manual_input_and_analysis.py,140,CLI,research quotation/reference,"client.post(f""/api/attempts/{att_id}/confirm-response"", json={""confirmed"": True})",Automated test suite verifying responsibility boundaries and safety
backend\tests\test_manual_input_and_analysis.py,141,CLI,research quotation/reference,"client.post(f""/api/attempts/{att_id}/analyse"")",Automated test suite verifying responsibility boundaries and safety
backend\tests\test_manual_input_and_analysis.py,144,CLI,research quotation/reference,"rev_res = client.patch(f""/api/attempts/{att_id}/review"", json={",Automated test suite verifying responsibility boundaries and safety
backend\tests\test_mock_integrations.py,2,CLI,research quotation/reference,from fastapi.testclient import TestClient,Automated test suite verifying responsibility boundaries and safety
backend\tests\test_mock_integrations.py,12,CLI,research quotation/reference,def client():,Automated test suite verifying responsibility boundaries and safety
backend\tests\test_mock_integrations.py,13,CLI,research quotation/reference,with TestClient(app) as c:,Automated test suite verifying responsibility boundaries and safety
backend\tests\test_mock_integrations.py,61,CLI,research quotation/reference,def test_integration_status_endpoint(client):,Automated test suite verifying responsibility boundaries and safety
backend\tests\test_mock_integrations.py,65,CLI,research quotation/reference,"res = client.get(""/api/integration/status"")",Automated test suite verifying responsibility boundaries and safety
backend\tests\test_mock_integrations.py,74,CLI,research quotation/reference,"def test_component4_preview_export(client, db_session):",Automated test suite verifying responsibility boundaries and safety
backend\tests\test_mock_integrations.py,79,CLI,research quotation/reference,"res = client.get(""/api/integration-preview/component-4/CHILD-002"")",Automated test suite verifying responsibility boundaries and safety
backend\tests\test_mock_integrations.py,92,CLI,research quotation/reference,"def test_component2_ar_preview(client, db_session):",Automated test suite verifying responsibility boundaries and safety
backend\tests\test_mock_integrations.py,97,CLI,research quotation/reference,"res = client.get(""/api/integration-preview/component-2-ar/GRAM-PREP-001"")",Automated test suite verifying responsibility boundaries and safety
backend\tests\test_mock_integrations.py,105,CLI,research quotation/reference,def test_external_screening_import_disabled_in_mock_mode(client):,Automated test suite verifying responsibility boundaries and safety
backend\tests\test_mock_integrations.py,110,CLI,research quotation/reference,"res = client.post(""/api/integration/component-1/screening-profile"", json={",Automated test suite verifying responsibility boundaries and safety
backend\tests\test_personalization.py,2,CLI,research quotation/reference,from fastapi.testclient import TestClient,Automated test suite verifying responsibility boundaries and safety
backend\tests\test_personalization.py,11,CLI,research quotation/reference,def client():,Automated test suite verifying responsibility boundaries and safety
backend\tests\test_personalization.py,12,CLI,research quotation/reference,with TestClient(app) as c:,Automated test suite verifying responsibility boundaries and safety
backend\tests\test_personalization.py,40,risk_support_level,legacy field retained temporarily,"c_mod = next(l for l in learners if (l.risk_support_level or """").lower() == ""moderate"")",Database schema backward-compatibility column retained during Stage 12
backend\tests\test_personalization.py,46,risk_support_level,legacy field retained temporarily,"c_high = next(l for l in learners if (l.risk_support_level or """").lower() == ""high"")",Database schema backward-compatibility column retained during Stage 12
backend\tests\test_personalization.py,130,CLI,research quotation/reference,def test_preview_progression_api_endpoint(client):,Automated test suite verifying responsibility boundaries and safety
backend\tests\test_personalization.py,132,CLI,research quotation/reference,"response = client.get(""/api/preview-progression/TASK-ENG-002/CHILD-003"")",Automated test suite verifying responsibility boundaries and safety
backend\tests\test_personalization.py,156,CLI,research quotation/reference,def test_adapt_instruction_api_endpoint(client):,Automated test suite verifying responsibility boundaries and safety
backend\tests\test_personalization.py,158,CLI,research quotation/reference,"response = client.post(""/api/adapt-instruction"", json={",Automated test suite verifying responsibility boundaries and safety
backend\tests\test_profile_evolution.py,30,screening_risk_level,legacy field retained temporarily,screening_risk_before = learner.screening_risk_level or learner.risk_support_level,Database schema backward-compatibility column retained during Stage 12
backend\tests\test_profile_evolution.py,49,risk_changed,legacy field retained temporarily,"assert res[""risk_changed""] is False",Database schema backward-compatibility column retained during Stage 12
backend\tests\test_profile_evolution.py,50,screening_risk_level,legacy field retained temporarily,assert (learner.screening_risk_level or learner.risk_support_level) == screening_risk_before,Database schema backward-compatibility column retained during Stage 12
backend\tests\test_profile_evolution.py,84,risk_changed,legacy field retained temporarily,"assert res[""risk_changed""] is False",Database schema backward-compatibility column retained during Stage 12
backend\tests\test_responsibility_boundaries.py,2,CLI,research quotation/reference,from fastapi.testclient import TestClient,Automated test suite verifying responsibility boundaries and safety
backend\tests\test_responsibility_boundaries.py,9,CLI,research quotation/reference,def client():,Automated test suite verifying responsibility boundaries and safety
backend\tests\test_responsibility_boundaries.py,10,CLI,research quotation/reference,with TestClient(app) as c:,Automated test suite verifying responsibility boundaries and safety
backend\tests\test_responsibility_boundaries.py,38,screening_risk_level,legacy field retained temporarily,screening_risk_before = learner.screening_risk_level or learner.risk_support_level,Database schema backward-compatibility column retained during Stage 12
backend\tests\test_responsibility_boundaries.py,51,risk_changed,legacy field retained temporarily,"assert res[""risk_changed""] is False",Database schema backward-compatibility column retained during Stage 12
backend\tests\test_responsibility_boundaries.py,58,screening_risk_level,legacy field retained temporarily,assert (learner.screening_risk_level or learner.risk_support_level) == screening_risk_before,Database schema backward-compatibility column retained during Stage 12
backend\tests\test_responsibility_boundaries.py,85,risk_changed,legacy field retained temporarily,"assert res[""risk_changed""] is False",Database schema backward-compatibility column retained during Stage 12
backend\tests\test_responsibility_boundaries.py,90,screening_risk,research quotation/reference,def test_screening_risk_remains_read_only(db_session):,Automated test suite verifying responsibility boundaries and safety
backend\tests\test_responsibility_boundaries.py,93,screening_risk_level,valid screening terminology,screening_risk_level remains unchanged.,Component 1 owned DLD risk screening indicator (read-only snapshot)
backend\tests\test_responsibility_boundaries.py,99,screening_risk_level,legacy field retained temporarily,original_risk = learner.screening_risk_level or learner.risk_support_level,Database schema backward-compatibility column retained during Stage 12
backend\tests\test_responsibility_boundaries.py,112,risk_changed,legacy field retained temporarily,"assert res[""risk_changed""] is False",Database schema backward-compatibility column retained during Stage 12
backend\tests\test_responsibility_boundaries.py,113,screening_risk_level,legacy field retained temporarily,assert (learner.screening_risk_level or learner.risk_support_level) == original_risk,Database schema backward-compatibility column retained during Stage 12
backend\tests\test_responsibility_boundaries.py,132,CLI,child-facing term removed,"def test_child_view_excludes_sensitive_screening_and_performance_fields(client, db_session):",Child-facing interface guarantees zero clinical jargon or scores
backend\tests\test_responsibility_boundaries.py,134,screening_risk_level,valid screening terminology,"Test 5: The child-view backend response must NEVER expose screening_risk_level,",Component 1 owned DLD risk screening indicator (read-only snapshot)
backend\tests\test_responsibility_boundaries.py,136,CLI,research quotation/reference,or calculation snapshots to prevent client-side inspection leakage.,Automated test suite verifying responsibility boundaries and safety
backend\tests\test_responsibility_boundaries.py,141,CLI,research quotation/reference,"s_res = client.post(""/api/activity-sessions"", json={",Automated test suite verifying responsibility boundaries and safety
backend\tests\test_responsibility_boundaries.py,147,CLI,research quotation/reference,"att_res = client.post(f""/api/activity-sessions/{session_id}/attempts"")",Automated test suite verifying responsibility boundaries and safety
backend\tests\test_responsibility_boundaries.py,153,screening_risk_level,valid screening terminology,"""screening_risk_level"",",Component 1 owned DLD risk screening indicator (read-only snapshot)
backend\tests\test_responsibility_boundaries.py,155,risk_support_level,legacy field retained temporarily,"""risk_support_level"",",Database schema backward-compatibility column retained during Stage 12
backend\tests\test_sprint1_foundation.py,2,CLI,research quotation/reference,from fastapi.testclient import TestClient,Automated test suite verifying responsibility boundaries and safety
backend\tests\test_sprint1_foundation.py,6,CLI,research quotation/reference,def client():,Automated test suite verifying responsibility boundaries and safety
backend\tests\test_sprint1_foundation.py,7,CLI,research quotation/reference,with TestClient(app) as c:,Automated test suite verifying responsibility boundaries and safety
backend\tests\test_sprint1_foundation.py,10,CLI,research quotation/reference,def test_health_endpoint(client):,Automated test suite verifying responsibility boundaries and safety
backend\tests\test_sprint1_foundation.py,11,CLI,research quotation/reference,"response = client.get(""/api/health"")",Automated test suite verifying responsibility boundaries and safety
backend\tests\test_sprint1_foundation.py,17,CLI,research quotation/reference,def test_tasks_endpoint(client):,Automated test suite verifying responsibility boundaries and safety
backend\tests\test_sprint1_foundation.py,18,CLI,research quotation/reference,"response = client.get(""/api/tasks"")",Automated test suite verifying responsibility boundaries and safety
backend\tests\test_sprint1_foundation.py,26,CLI,research quotation/reference,def test_learners_endpoint(client):,Automated test suite verifying responsibility boundaries and safety
backend\tests\test_sprint1_foundation.py,27,CLI,research quotation/reference,"response = client.get(""/api/learners"")",Automated test suite verifying responsibility boundaries and safety
backend\tests\test_sprint1_foundation.py,35,CLI,research quotation/reference,def test_scenarios_endpoint(client):,Automated test suite verifying responsibility boundaries and safety
backend\tests\test_sprint1_foundation.py,36,CLI,research quotation/reference,"response = client.get(""/api/scenarios"")",Automated test suite verifying responsibility boundaries and safety
backend\tests\test_sprint1_foundation.py,41,CLI,research quotation/reference,def test_end_to_end_initial_adaptation_and_attempt(client):,Automated test suite verifying responsibility boundaries and safety
backend\tests\test_sprint1_foundation.py,43,CLI,research quotation/reference,"learners = client.get(""/api/learners"").json()",Automated test suite verifying responsibility boundaries and safety
backend\tests\test_sprint1_foundation.py,44,CLI,research quotation/reference,"tasks = client.get(""/api/tasks"").json()",Automated test suite verifying responsibility boundaries and safety
backend\tests\test_sprint1_foundation.py,50,CLI,research quotation/reference,"exp_res = client.post(""/api/experiments"", json={",Automated test suite verifying responsibility boundaries and safety
backend\tests\test_sprint1_foundation.py,61,CLI,research quotation/reference,"adapt_res = client.post(f""/api/experiments/{exp_id}/initial-adaptation"")",Automated test suite verifying responsibility boundaries and safety
backend\tests\test_sprint1_foundation.py,70,CLI,research quotation/reference,"att1_res = client.post(f""/api/experiments/{exp_id}/attempts"", json={",Automated test suite verifying responsibility boundaries and safety
backend\tests\test_sprint1_foundation.py,87,CLI,research quotation/reference,"att2_res = client.post(f""/api/experiments/{exp_id}/attempts"", json={",Automated test suite verifying responsibility boundaries and safety
backend\tests\test_sprint1_foundation.py,103,CLI,research quotation/reference,"hist_res = client.get(f""/api/experiments/{exp_id}/history"")",Automated test suite verifying responsibility boundaries and safety
backend\tests\test_validation_and_retry.py,2,CLI,research quotation/reference,from fastapi.testclient import TestClient,Automated test suite verifying responsibility boundaries and safety
backend\tests\test_validation_and_retry.py,15,CLI,research quotation/reference,def client():,Automated test suite verifying responsibility boundaries and safety
backend\tests\test_validation_and_retry.py,16,CLI,research quotation/reference,with TestClient(app) as c:,Automated test suite verifying responsibility boundaries and safety
backend\tests\test_validation_and_retry.py,66,diagnostic,research quotation/reference,2. Blocks clinical/diagnostic jargon,Automated test suite verifying responsibility boundaries and safety
backend\tests\test_validation_and_retry.py,76,clinical,research quotation/reference,# 2. Clinical jargon,Automated test suite verifying responsibility boundaries and safety
backend\tests\test_validation_and_retry.py,77,clinical,research quotation/reference,"res_clinical = child_suitability_checker.check_suitability(""This child has DLD and a low risk score."")",Automated test suite verifying responsibility boundaries and safety
backend\tests\test_validation_and_retry.py,78,clinical,child-facing term removed,"assert res_clinical[""safety_valid""] is False",Validation check preventing clinical terminology from reaching child
backend\tests\test_validation_and_retry.py,79,clinical,research quotation/reference,"assert res_clinical[""child_suitable""] is False",Automated test suite verifying responsibility boundaries and safety
backend\tests\test_validation_and_retry.py,80,clinical,child-facing term removed,"assert any(""dld"" in v or ""risk score"" in v for v in res_clinical[""violations""])",Validation check preventing clinical terminology from reaching child
backend\tests\test_validation_and_retry.py,152,diagnostic,research quotation/reference,Verifies non-punitive child message and researcher diagnostic summary.,Automated test suite verifying responsibility boundaries and safety
backend\tests\test_validation_and_retry.py,265,CLI,research quotation/reference,"def test_api_validate_output_and_retry_state(client, db_session):",Automated test suite verifying responsibility boundaries and safety
backend\tests\test_validation_and_retry.py,280,CLI,research quotation/reference,"resp1 = client.post(""/api/validate-output"", json=payload_good)",Automated test suite verifying responsibility boundaries and safety
backend\tests\test_validation_and_retry.py,295,CLI,research quotation/reference,"resp2 = client.post(""/api/validate-output"", json=payload_bad)",Automated test suite verifying responsibility boundaries and safety
backend\tests\test_validation_and_retry.py,305,CLI,research quotation/reference,"resp3 = client.get(f""/api/retry-state/{exp.id}"")",Automated test suite verifying responsibility boundaries and safety
data\development_scenarios\seed_scenarios.json,10,risk_support_level,legacy field retained temporarily,"""risk_support_level"": ""moderate"",",Database schema backward-compatibility column retained during Stage 12
data\development_scenarios\seed_scenarios.json,43,risk_support_level,legacy field retained temporarily,"""risk_support_level"": ""moderate"",",Database schema backward-compatibility column retained during Stage 12
data\development_scenarios\seed_scenarios.json,76,risk_support_level,legacy field retained temporarily,"""risk_support_level"": ""high"",",Database schema backward-compatibility column retained during Stage 12
data\development_scenarios\seed_scenarios.json,109,risk_support_level,legacy field retained temporarily,"""risk_support_level"": ""low"",",Database schema backward-compatibility column retained during Stage 12
data\development_scenarios\seed_scenarios.json,142,risk_support_level,legacy field retained temporarily,"""risk_support_level"": ""moderate"",",Database schema backward-compatibility column retained during Stage 12
data\development_scenarios\seed_scenarios.json,175,risk_support_level,legacy field retained temporarily,"""risk_support_level"": ""moderate"",",Database schema backward-compatibility column retained during Stage 12
data\development_scenarios\seed_scenarios.json,208,risk_support_level,legacy field retained temporarily,"""risk_support_level"": ""high"",",Database schema backward-compatibility column retained during Stage 12
data\development_scenarios\seed_scenarios.json,241,risk_support_level,legacy field retained temporarily,"""risk_support_level"": ""moderate"",",Database schema backward-compatibility column retained during Stage 12
data\development_scenarios\seed_scenarios.json,274,risk_support_level,legacy field retained temporarily,"""risk_support_level"": ""low"",",Database schema backward-compatibility column retained during Stage 12
data\development_scenarios\seed_scenarios.json,307,risk_support_level,legacy field retained temporarily,"""risk_support_level"": ""moderate"",",Database schema backward-compatibility column retained during Stage 12
data\development_scenarios\seed_scenarios.json,340,risk_support_level,legacy field retained temporarily,"""risk_support_level"": ""moderate"",",Database schema backward-compatibility column retained during Stage 12
data\development_scenarios\seed_scenarios.json,373,risk_support_level,legacy field retained temporarily,"""risk_support_level"": ""high"",",Database schema backward-compatibility column retained during Stage 12
data\development_scenarios\seed_scenarios.json,406,risk_support_level,legacy field retained temporarily,"""risk_support_level"": ""moderate"",",Database schema backward-compatibility column retained during Stage 12
data\development_scenarios\seed_scenarios.json,439,risk_support_level,legacy field retained temporarily,"""risk_support_level"": ""high"",",Database schema backward-compatibility column retained during Stage 12
data\development_scenarios\seed_scenarios.json,472,risk_support_level,legacy field retained temporarily,"""risk_support_level"": ""low"",",Database schema backward-compatibility column retained during Stage 12
data\development_scenarios\seed_scenarios.json,505,risk_support_level,legacy field retained temporarily,"""risk_support_level"": ""moderate"",",Database schema backward-compatibility column retained during Stage 12
data\development_scenarios\seed_scenarios.json,538,risk_support_level,legacy field retained temporarily,"""risk_support_level"": ""moderate"",",Database schema backward-compatibility column retained during Stage 12
data\development_scenarios\seed_scenarios.json,571,risk_support_level,legacy field retained temporarily,"""risk_support_level"": ""moderate"",",Database schema backward-compatibility column retained during Stage 12
data\development_scenarios\seed_scenarios.json,604,risk_support_level,legacy field retained temporarily,"""risk_support_level"": ""high"",",Database schema backward-compatibility column retained during Stage 12
data\development_scenarios\seed_scenarios.json,637,risk_support_level,legacy field retained temporarily,"""risk_support_level"": ""low"",",Database schema backward-compatibility column retained during Stage 12
data\integration_fixtures\component4_expected\example_c4_export.json,4,screening_risk_level,valid screening terminology,"""screening_risk_level"": ""moderate"",",Component 1 owned DLD risk screening indicator (read-only snapshot)
data\integration_fixtures\component4_expected\example_c4_export.json,7,recommended_support_level,corrected educational terminology,"""recommended_support_level"": ""strong"",",Standardized educational performance metric and support scaffold
data\integration_previews\component4_outputs\CHILD-002_component4_export.json,4,screening_risk_level,valid screening terminology,"""screening_risk_level"": ""high"",",Component 1 owned DLD risk screening indicator (read-only snapshot)
data\integration_previews\component4_outputs\CHILD-002_component4_export.json,7,recommended_support_level,corrected educational terminology,"""recommended_support_level"": ""moderate"",",Standardized educational performance metric and support scaffold
data\learner_profiles\seed_learners.json,6,risk_support_level,legacy field retained temporarily,"""risk_support_level"": ""high"",",Database schema backward-compatibility column retained during Stage 12
data\learner_profiles\seed_learners.json,18,risk_support_level,legacy field retained temporarily,"""risk_support_level"": ""moderate"",",Database schema backward-compatibility column retained during Stage 12
data\learner_profiles\seed_learners.json,30,risk_support_level,legacy field retained temporarily,"""risk_support_level"": ""low"",",Database schema backward-compatibility column retained during Stage 12
data\learner_profiles\seed_learners.json,42,risk_support_level,legacy field retained temporarily,"""risk_support_level"": ""high"",",Database schema backward-compatibility column retained during Stage 12
data\learner_profiles\seed_learners.json,54,risk_support_level,legacy field retained temporarily,"""risk_support_level"": ""moderate"",",Database schema backward-compatibility column retained during Stage 12
frontend\src\main.jsx,2,CLI,corrected educational terminology,import { createRoot } from 'react-dom/client',Educational support terminology
frontend\src\components\AdaptiveInstructionView.jsx,111,CLI,corrected educational terminology,"onClick={() => setViewMode(""progression"")}",Educational support terminology
frontend\src\components\AdaptiveInstructionView.jsx,118,CLI,corrected educational terminology,"onClick={() => setViewMode(""single"")}",Educational support terminology
frontend\src\components\AdaptiveInstructionView.jsx,126,CLI,corrected educational terminology,onClick={loadProgression},Educational support terminology
frontend\src\components\AdaptiveInstructionView.jsx,166,risk_support_level,legacy field retained temporarily,"{l.learner_code} (Age {l.age}, {l.risk_support_level} risk, {l.english_level})",Database schema backward-compatibility column retained during Stage 12
frontend\src\components\AdaptiveInstructionView.jsx,182,CLI,corrected educational terminology,onClick={() => setActiveAttemptNumber(num)},Educational support terminology
frontend\src\components\AdaptiveInstructionView.jsx,211,risk_support_level,legacy field retained temporarily,"<span className={`chip chip-${activeLearner.risk_support_level}`} style={{ fontSize: ""0.72rem"", padding: ""2px 8px"" }}>",Database schema backward-compatibility column retained during Stage 12
frontend\src\components\AdaptiveInstructionView.jsx,212,risk_support_level,legacy field retained temporarily,{activeLearner.risk_support_level} • {activeLearner.english_level},Database schema backward-compatibility column retained during Stage 12
frontend\src\components\AdaptiveInstructionView.jsx,378,CLI,corrected educational terminology,onClick={() => handleOpenChildPreview({,Educational support terminology
frontend\src\components\AdaptiveInstructionView.jsx,435,CLI,corrected educational terminology,onClick={() => handleOpenChildPreview({,Educational support terminology
frontend\src\components\AdaptiveInstructionView.jsx,484,diagnostic,corrected educational terminology,{/* Diagnostic Details Grid */},Educational support terminology
frontend\src\components\AnalysisViewer.jsx,59,diagnostic,corrected educational terminology,// Run diagnostic analysis,Educational support terminology
frontend\src\components\AnalysisViewer.jsx,77,diagnostic,corrected educational terminology,"setError(err.message || ""Diagnostic analysis failed."");",Educational support terminology
frontend\src\components\AnalysisViewer.jsx,101,diagnostic,corrected educational terminology,"<h1 className=""section-title"">English Response & Grammar Diagnostics</h1>",Educational support terminology
frontend\src\components\AnalysisViewer.jsx,108,CLI,corrected educational terminology,onClick={handleRunAnalysis},Educational support terminology
frontend\src\components\AnalysisViewer.jsx,140,diagnostic,corrected educational terminology,Mandatory Separation of Diagnostic Observations (Child vs. Researcher),Educational support terminology
frontend\src\components\AnalysisViewer.jsx,144,CLI,corrected educational terminology,"They are logged for researchers, clinicians, and Component 4 progress analytics. <strong>The child learner never sees technical error labels",Educational support terminology
frontend\src\components\AnalysisViewer.jsx,156,diagnostic,corrected educational terminology,<span>1. Diagnostic Input Sandbox</span>,Educational support terminology
frontend\src\components\AnalysisViewer.jsx,209,CLI,corrected educational terminology,onClick={() => setLearnerAge(age)},Educational support terminology
frontend\src\components\AnalysisViewer.jsx,359,diagnostic,corrected educational terminology,{/* Diagnostic Results Section */},Educational support terminology
frontend\src\components\AnalysisViewer.jsx,365,diagnostic,corrected educational terminology,3. Diagnostic Pipeline Evaluation Output,Educational support terminology
frontend\src\components\AnalysisViewer.jsx,374,CLI,corrected educational terminology,onClick={() => setShowRawJson(!showRawJson)},Educational support terminology
frontend\src\components\AnalysisViewer.jsx,488,clinical,corrected educational terminology,"? ""✓ Confidence is sufficiently high to confirm grammatical observations for clinical tracking.""",Educational support terminology
frontend\src\components\AnalysisViewer.jsx,516,clinical,corrected educational terminology,"<th style={{ padding: ""8px 12px"" }}>Clinical Adult Recast / Note</th>",Educational support terminology
frontend\src\components\ChildPreviewModal.jsx,81,CLI,child-facing term removed,onClick={onClose},Child-facing interface guarantees zero clinical jargon or scores
frontend\src\components\ChildPreviewModal.jsx,162,CLI,child-facing term removed,onClick={handleSpeak},Child-facing interface guarantees zero clinical jargon or scores
frontend\src\components\ChildPreviewModal.jsx,228,CLI,child-facing term removed,onClick={() => setSelectedChoice(opt)},Child-facing interface guarantees zero clinical jargon or scores
frontend\src\components\EvaluationHub.jsx,152,clinical,corrected educational terminology,"<span style={{ fontSize: ""0.72rem"", color: ""var(--text-muted)"" }}>Across 3 Clinical Roles</span>",Educational support terminology
frontend\src\components\EvaluationHub.jsx,198,CLI,corrected educational terminology,onClick={loadStats},Educational support terminology
frontend\src\components\EvaluationHub.jsx,253,clinical,corrected educational terminology,Live Clinical / Pedagogical Expert Scoring Tool,Educational support terminology
frontend\src\components\EvaluationHub.jsx,285,risk_support_level,legacy field retained temporarily,"<option key={l.id} value={l.id}>{l.learner_code} (Age {l.age}, {l.risk_support_level} risk)</option>",Database schema backward-compatibility column retained during Stage 12
frontend\src\components\EvaluationHub.jsx,302,CLI,corrected educational terminology,"<option value=""CLINICIAN-GUEST"">CLINICIAN-GUEST (External Evaluator)</option>",Educational support terminology
frontend\src\components\EvaluationHub.jsx,317,CLI,corrected educational terminology,onClick={() => setTargetAttempt(n)},Educational support terminology
frontend\src\components\EvaluationHub.jsx,369,clinical,corrected educational terminology,QUALITATIVE CLINICAL COMMENTS (OPTIONAL),Educational support terminology
frontend\src\components\EvaluationHub.jsx,399,CLI,corrected educational terminology,{/* SECTION 3: ONE-CLICK RESEARCH DATA EXPORT CENTER */},Educational support terminology
frontend\src\components\EvaluationHub.jsx,404,CLI,corrected educational terminology,One-Click Research Data Export Center,Educational support terminology
frontend\src\components\EvaluationHub.jsx,530,diagnostic,corrected educational terminology,Complete nested hierarchical structure with validation sequences and diagnostic codes.,Educational support terminology
frontend\src\components\GuidedPlayground.jsx,328,CLI,corrected educational terminology,onClick={() => setShowChildModal(true)},Educational support terminology
frontend\src\components\GuidedPlayground.jsx,380,risk_support_level,legacy field retained temporarily,"const riskColor = lrn.risk_support_level === ""high"" ? ""#ef4444"" : (lrn.risk_support_level === ""moderate"" ? ""#f59e0b"" : ""#10b981"");",Database schema backward-compatibility column retained during Stage 12
frontend\src\components\GuidedPlayground.jsx,384,CLI,corrected educational terminology,onClick={() => {,Educational support terminology
frontend\src\components\GuidedPlayground.jsx,415,risk_support_level,legacy field retained temporarily,{lrn.risk_support_level},Database schema backward-compatibility column retained during Stage 12
frontend\src\components\GuidedPlayground.jsx,441,CLI,corrected educational terminology,onClick={() => setSelectedCategory(cat.id)},Educational support terminology
frontend\src\components\GuidedPlayground.jsx,465,CLI,corrected educational terminology,onClick={() => {,Educational support terminology
frontend\src\components\GuidedPlayground.jsx,560,risk_changed,legacy field retained temporarily,{profileUpdateResult.risk_changed ? (,Database schema backward-compatibility column retained during Stage 12
frontend\src\components\GuidedPlayground.jsx,573,risk_support_level,legacy field retained temporarily,<AlertTriangle size={14} /> Risk Level Shifted: {profileUpdateResult.before.risk_support_level} → {profileUpdateResult.after.risk_support_le,Database schema backward-compatibility column retained during Stage 12
frontend\src\components\GuidedPlayground.jsx,585,risk_support_level,legacy field retained temporarily,Support Tier: {profileUpdateResult.after.risk_support_level.toUpperCase()} (Maintained),Database schema backward-compatibility column retained during Stage 12
frontend\src\components\GuidedPlayground.jsx,657,CLI,legacy field retained temporarily,Composite Index (CLI): <strong>{profileUpdateResult.after.composite_language_index}/100</strong>,Database schema backward-compatibility column retained during Stage 12
frontend\src\components\GuidedPlayground.jsx,683,risk_support_level,legacy field retained temporarily,Risk Level: <strong>{activeLearner?.risk_support_level}</strong>,Database schema backward-compatibility column retained during Stage 12
frontend\src\components\GuidedPlayground.jsx,699,CLI,corrected educational terminology,onClick={handleStartActivity},Educational support terminology
frontend\src\components\GuidedPlayground.jsx,770,CLI,corrected educational terminology,onClick={() => setIsTimerRunning(!isTimerRunning)},Educational support terminology
frontend\src\components\GuidedPlayground.jsx,777,CLI,corrected educational terminology,onClick={() => setTimerSeconds(0)},Educational support terminology
frontend\src\components\GuidedPlayground.jsx,806,CLI,corrected educational terminology,onClick={() => setShowChildModal(true)},Educational support terminology
frontend\src\components\GuidedPlayground.jsx,876,CLI,corrected educational terminology,onClick={() => {,Educational support terminology
frontend\src\components\GuidedPlayground.jsx,951,CLI,corrected educational terminology,onClick={handleSaveResponse},Educational support terminology
frontend\src\components\GuidedPlayground.jsx,967,CLI,corrected educational terminology,onClick={handleConfirmResponse},Educational support terminology
frontend\src\components\GuidedPlayground.jsx,1004,CLI,corrected educational terminology,onClick={() => setShowAdultReview(!showAdultReview)},Educational support terminology
frontend\src\components\GuidedPlayground.jsx,1111,CLI,corrected educational terminology,onClick={handleSubmitReview},Educational support terminology
frontend\src\components\GuidedPlayground.jsx,1121,CLI,corrected educational terminology,onClick={handleProceedNext},Educational support terminology
frontend\src\components\IntegrationExplorer.jsx,99,CLI,corrected educational terminology,"navigator.clipboard.writeText(JSON.stringify(data, null, 2));",Educational support terminology
frontend\src\components\IntegrationExplorer.jsx,130,CLI,corrected educational terminology,onClick={loadComparison},Educational support terminology
frontend\src\components\IntegrationExplorer.jsx,176,risk_support_level,legacy field retained temporarily,"{l.learner_code} (Age {l.age}, {l.risk_support_level} risk)",Database schema backward-compatibility column retained during Stage 12
frontend\src\components\IntegrationExplorer.jsx,192,CLI,corrected educational terminology,onClick={() => setAttemptNumber(num)},Educational support terminology
frontend\src\components\IntegrationExplorer.jsx,282,CLI,corrected educational terminology,"onClick={() => setActiveSubsystem(""comp1"")}",Educational support terminology
frontend\src\components\IntegrationExplorer.jsx,289,CLI,corrected educational terminology,"onClick={() => setActiveSubsystem(""comp3_ar"")}",Educational support terminology
frontend\src\components\IntegrationExplorer.jsx,296,CLI,corrected educational terminology,"onClick={() => setActiveSubsystem(""comp4"")}",Educational support terminology
frontend\src\components\IntegrationExplorer.jsx,321,CLI,corrected educational terminology,"onClick={() => handleCopyJson(comp1Payload, ""comp1"")}",Educational support terminology
frontend\src\components\IntegrationExplorer.jsx,375,CLI,corrected educational terminology,"onClick={() => handleCopyJson(arPayload, ""ar"")}",Educational support terminology
frontend\src\components\IntegrationExplorer.jsx,467,CLI,corrected educational terminology,"onClick={() => handleCopyJson(comp4Payload, ""comp4"")}",Educational support terminology
frontend\src\components\IntegrationExplorer.jsx,504,diagnostic,corrected educational terminology,"<p style={{ margin: ""0 0 0.5rem"", fontWeight: 600 }}>Clinician Diagnostic Summary:</p>",Educational support terminology
frontend\src\components\LearnerBrowser.jsx,16,diagnostic,corrected educational terminology,{/* Mandatory Non-Diagnostic Educational Disclaimer */},Standardized educational performance metric and support scaffold
frontend\src\components\LearnerBrowser.jsx,30,diagnostic,corrected educational terminology,<strong>Educational Notice:</strong> This application provides educational language support and research performance tracking. It is not a d,Standardized educational performance metric and support scaffold
frontend\src\components\LearnerBrowser.jsx,36,screening_risk_level,legacy field retained temporarily,"const screeningRisk = l.screening_risk_level || l.risk_support_level || ""moderate"";",Database schema backward-compatibility column retained during Stage 12
frontend\src\components\LearnerBrowser.jsx,37,recommended_support_level,corrected educational terminology,"const recommendedSupport = l.recommended_support_level || ""moderate"";",Standardized educational performance metric and support scaffold
frontend\src\components\LearnerBrowser.jsx,145,CLI,corrected educational terminology,onClick={() => onSelectLearner(l)},Standardized educational performance metric and support scaffold
frontend\src\components\Navbar.jsx,19,CLI,corrected educational terminology,// Close dropdown on outside click,Educational support terminology
frontend\src\components\Navbar.jsx,21,CLI,corrected educational terminology,function handleClickOutside(event) {,Educational support terminology
frontend\src\components\Navbar.jsx,26,CLI,corrected educational terminology,"document.addEventListener(""mousedown"", handleClickOutside);",Educational support terminology
frontend\src\components\Navbar.jsx,27,CLI,corrected educational terminology,"return () => document.removeEventListener(""mousedown"", handleClickOutside);",Educational support terminology
frontend\src\components\Navbar.jsx,34,diagnostic,corrected educational terminology,"{ id: ""analysis"", label: ""Linguistic & spaCy Diagnostics"", icon: Activity, desc: ""Clause & grammar parse tree"" },",Educational support terminology
frontend\src\components\Navbar.jsx,44,CLI,corrected educational terminology,"<div className=""navbar-brand"" onClick={() => setActiveTab(""playground"")} style={{ cursor: ""pointer"" }}>",Educational support terminology
frontend\src\components\Navbar.jsx,64,CLI,corrected educational terminology,"onClick={() => setActiveTab(""playground"")}",Educational support terminology
frontend\src\components\Navbar.jsx,74,CLI,corrected educational terminology,"onClick={() => setActiveTab(""safety"")}",Educational support terminology
frontend\src\components\Navbar.jsx,84,CLI,corrected educational terminology,"onClick={() => setActiveTab(""evaluation"")}",Educational support terminology
frontend\src\components\Navbar.jsx,94,CLI,corrected educational terminology,"onClick={() => setActiveTab(""results"")}",Educational support terminology
frontend\src\components\Navbar.jsx,105,CLI,corrected educational terminology,onClick={() => setIsLabMenuOpen(!isLabMenuOpen)},Educational support terminology
frontend\src\components\Navbar.jsx,123,CLI,corrected educational terminology,onClick={() => {,Educational support terminology
frontend\src\components\Navbar.jsx,150,CLI,corrected educational terminology,"onClick={() => setViewMode(""simple"")}",Educational support terminology
frontend\src\components\Navbar.jsx,157,CLI,corrected educational terminology,"onClick={() => setViewMode(""researcher"")}",Educational support terminology
frontend\src\components\SafetyRetryView.jsx,93,clinical,corrected educational terminology,"label: ""❌ Clinical Jargon Leak"",",Educational support terminology
frontend\src\components\SafetyRetryView.jsx,98,clinical,corrected educational terminology,"type: ""clinical""",Educational support terminology
frontend\src\components\SafetyRetryView.jsx,251,risk_support_level,legacy field retained temporarily,"<option key={l.id} value={l.id}>{l.learner_code} ({l.risk_support_level} risk, age {l.age})</option>",Database schema backward-compatibility column retained during Stage 12
frontend\src\components\SafetyRetryView.jsx,287,CLI,corrected educational terminology,onClick={() => loadPreset(p)},Educational support terminology
frontend\src\components\SafetyRetryView.jsx,355,CLI,corrected educational terminology,onClick={() => handleValidateSandbox()},Educational support terminology
frontend\src\components\SafetyRetryView.jsx,444,CLI,corrected educational terminology,onClick={handleStartSimulation},Educational support terminology
frontend\src\components\SafetyRetryView.jsx,553,CLI,corrected educational terminology,"Click ""Start Simulation"" to initialize the 3-attempt state machine with {activeLearner?.learner_code}.",Educational support terminology
frontend\src\components\SafetyRetryView.jsx,583,diagnostic,corrected educational terminology,{/* Clinician / Researcher Diagnostic Card */},Educational support terminology
frontend\src\components\SafetyRetryView.jsx,586,diagnostic,corrected educational terminology,RESEARCHER & CLINICIAN DIAGNOSTIC SUMMARY:,Educational support terminology
frontend\src\components\SafetyRetryView.jsx,653,CLI,corrected educational terminology,"onClick={() => handleSimulateResponse(""Fish live in water."", 0.95)}",Educational support terminology
frontend\src\components\SafetyRetryView.jsx,661,CLI,corrected educational terminology,"onClick={() => handleSimulateResponse(""Fish live in a tree."", 0.9)}",Educational support terminology
frontend\src\components\SafetyRetryView.jsx,669,CLI,corrected educational terminology,"onClick={() => handleSimulateResponse(""I don't know."", 0.85)}",Educational support terminology
frontend\src\components\SafetyRetryView.jsx,688,CLI,corrected educational terminology,"onClick={() => handleSimulateResponse(childTranscriptInput, simSpeechConfidence)}",Educational support terminology
frontend\src\components\ScenarioDashboard.jsx,141,CLI,corrected educational terminology,onClick={() => setShowChildPreview(true)},Educational support terminology
frontend\src\components\ScenarioDashboard.jsx,202,risk_support_level,legacy field retained temporarily,"{l.learner_code} (Age {l.age}, {l.risk_support_level} risk)",Database schema backward-compatibility column retained during Stage 12
frontend\src\components\ScenarioDashboard.jsx,234,risk_support_level,legacy field retained temporarily,<span className={`chip chip-${selectedLearner.risk_support_level}`}>{selectedLearner.risk_support_level}</span>,Database schema backward-compatibility column retained during Stage 12
frontend\src\components\ScenarioDashboard.jsx,249,CLI,corrected educational terminology,onClick={handleStartExperiment},Educational support terminology
frontend\src\components\ScenarioDashboard.jsx,428,CLI,corrected educational terminology,onClick={handleRecordAttempt},Educational support terminology
frontend\src\components\ScenarioDashboard.jsx,459,diagnostic,corrected educational terminology,{/* Attempt Diagnostic History Timeline */},Educational support terminology
frontend\src\components\ScenarioDashboard.jsx,466,diagnostic,corrected educational terminology,Attempt Diagnostic History ({history.attempts.length} of 3),Educational support terminology
frontend\src\components\ScenarioDashboard.jsx,470,diagnostic,corrected educational terminology,Acoustic Gating & Diagnostic Separation Verified,Educational support terminology
frontend\src\components\ScenarioDashboard.jsx,557,diagnostic,corrected educational terminology,Diagnostic Observations (Researcher Visible Only):,Educational support terminology
frontend\src\components\ScenarioDashboard.jsx,598,CLI,corrected educational terminology,"onClick={() => setActivePayloadTab(""comp1"")}",Educational support terminology
frontend\src\components\ScenarioDashboard.jsx,604,CLI,corrected educational terminology,"onClick={() => setActivePayloadTab(""comp4"")}",Educational support terminology
frontend\src\components\ScenarioDashboard.jsx,610,CLI,corrected educational terminology,"onClick={() => setActivePayloadTab(""ar"")}",Educational support terminology
frontend\src\components\TaskBrowser.jsx,25,CLI,corrected educational terminology,onClick={() => setFilterType(t)},Educational support terminology
frontend\src\components\TaskBrowser.jsx,93,CLI,corrected educational terminology,onClick={() => onSelectTask(task)},Educational support terminology
frontend\src\components\TaskResultsHistoryView.jsx,75,CLI,corrected educational terminology,onClick={() => setOpen(o => !o)},Standardized educational performance metric and support scaffold
frontend\src\components\TaskResultsHistoryView.jsx,180,screening_risk_level,valid screening terminology,"Age {result.learner_age} · Screening Risk (C1): <strong style={{ color: riskColor, textTransform: ""capitalize"" }}>{result.screening_risk_lev",Component 1 owned DLD risk screening indicator (read-only snapshot)
frontend\src\components\TaskResultsHistoryView.jsx,204,CLI,corrected educational terminology,<button onClick={() => onDelete(result.id)} style={{,Standardized educational performance metric and support scaffold
frontend\src\components\TaskResultsHistoryView.jsx,239,diagnostic,corrected educational terminology,{(result.educational_summary_notes || result.diagnostic_notes) && (,Standardized educational performance metric and support scaffold
frontend\src\components\TaskResultsHistoryView.jsx,242,diagnostic,corrected educational terminology,{result.educational_summary_notes || result.diagnostic_notes},Standardized educational performance metric and support scaffold
frontend\src\components\TaskResultsHistoryView.jsx,315,CLI,corrected educational terminology,"<button onClick={loadResults} style={{ background: ""#f97316"", border: ""none"", borderRadius: ""10px"", padding: ""0.6rem 1.2rem"", color: ""#fff"",",Standardized educational performance metric and support scaffold
frontend\src\components\TaskResultsHistoryView.jsx,321,diagnostic,corrected educational terminology,{/* Non-Diagnostic Disclaimer */},Standardized educational performance metric and support scaffold
frontend\src\components\TaskResultsHistoryView.jsx,332,diagnostic,corrected educational terminology,<strong>Educational Tracking Notice:</strong> These indicators are derived from learning interactions to personalize educational scaffolding,Standardized educational performance metric and support scaffold
frontend\src\components\TaskResultsHistoryView.jsx,366,CLI,corrected educational terminology,"{searchQuery && <button onClick={() => setSearchQuery("""")} style={{ background: ""none"", border: ""none"", cursor: ""pointer"", color: ""#94a3b8"" ",Standardized educational performance metric and support scaffold
frontend\src\components\TaskResultsHistoryView.jsx,405,CLI,corrected educational terminology,"<button onClick={onNavigateToPlayground} style={{ marginTop: ""1.5rem"", background: ""#f97316"", color: ""#fff"", border: ""none"", borderRadius: """,Standardized educational performance metric and support scaffold
scripts\generate_terminology_audit.py,6,diagnostic,corrected educational terminology,"'diagnostic', 'clinical', 'patient', 'severity', 'risk transition',",Educational support terminology
scripts\generate_terminology_audit.py,7,risk recalibration,legacy field retained temporarily,"'risk recalibration', 'risk_changed', 'composite language index',",Database schema backward-compatibility column retained during Stage 12
scripts\generate_terminology_audit.py,8,CLI,valid screening terminology,"'CLI', 'clinician', 'screening_risk_level', 'recommended_support_level',",Component 1 owned DLD risk screening indicator (read-only snapshot)
scripts\generate_terminology_audit.py,9,screening_risk,legacy field retained temporarily,"'screening_risk', 'risk_support_level'",Database schema backward-compatibility column retained during Stage 12
scripts\generate_terminology_audit.py,19,clinical,corrected educational terminology,"return 'child-facing term removed', 'Validation check preventing clinical terminology from reaching child'",Educational support terminology
scripts\generate_terminology_audit.py,21,clinical,corrected educational terminology,"return 'child-facing term removed', 'Safety filter preventing clinical jargon from appearing in child instructions'",Educational support terminology
scripts\generate_terminology_audit.py,23,clinical,corrected educational terminology,"return 'child-facing term removed', 'Child-facing interface guarantees zero clinical jargon or scores'",Educational support terminology
scripts\generate_terminology_audit.py,24,risk_changed,legacy field retained temporarily,elif 'risk_support_level' in content_lower or 'risk_changed' in content_lower or 'composite_language_index' in content_lower:,Database schema backward-compatibility column retained during Stage 12
scripts\generate_terminology_audit.py,28,screening_risk_level,valid screening terminology,elif 'component1' in p or 'component_1' in content_lower or 'screening_risk_level' in content_lower or 'screening_profile' in content_lower ,Component 1 owned DLD risk screening indicator (read-only snapshot)
scripts\generate_terminology_audit.py,30,recommended_support_level,corrected educational terminology,elif 'learnerbrowser' in p or 'taskresults' in p or 'profile_updater' in p or 'recommended_support_level' in content_lower or 'educational' ,Standardized educational performance metric and support scaffold
