item_id,source_group_id,record_type,text_stimulus,target_text,support_level,target_age_min,target_age_max,domain,difficulty,is_reformulation_candidate,is_locked_evaluation,dataset_split,content_hash
SIMP-EN-0001,,simplification_pair,,,moderate,4,8,general,medium,False,False,train,f8a86f370e90f7901ed3f0c99cbb274d204e509c2efff6b005e4c1749f8852e3
SIMP-EN-0002,,simplification_pair,,,mild,4,8,general,medium,False,False,train,71a30436f69bec79de2e3e2eccadcd9e2a3df1b6a7136a5c08b3c2aa148922b4
SIMP-EN-0003,,simplification_pair,,,moderate,4,8,general,medium,False,False,train,f8a86f370e90f7901ed3f0c99cbb274d204e509c2efff6b005e4c1749f8852e3
SIMP-EN-0004,,simplification_pair,,,strong,4,8,general,medium,False,False,train,77a055956235dc7e974e9f92f27a242f7cdff1fb6ad711826f94ac79d0495141
SIMP-EN-0005,,simplification_pair,,,moderate,4,8,general,medium,False,False,train,f8a86f370e90f7901ed3f0c99cbb274d204e509c2efff6b005e4c1749f8852e3
SIMP-EN-0006,,simplification_pair,,,mild,4,8,general,medium,False,False,train,71a30436f69bec79de2e3e2eccadcd9e2a3df1b6a7136a5c08b3c2aa148922b4
SIMP-EN-0007,,simplification_pair,,,moderate,4,8,general,medium,False,False,train,f8a86f370e90f7901ed3f0c99cbb274d204e509c2efff6b005e4c1749f8852e3
SIMP-EN-0008,,simplification_pair,,,strong,4,8,general,medium,False,False,train,77a055956235dc7e974e9f92f27a242f7cdff1fb6ad711826f94ac79d0495141
SIMP-EN-0009,,simplification_pair,,,moderate,4,8,general,medium,False,False,train,f8a86f370e90f7901ed3f0c99cbb274d204e509c2efff6b005e4c1749f8852e3
SIMP-EN-0010,,simplification_pair,,,mild,4,8,general,medium,False,False,train,71a30436f69bec79de2e3e2eccadcd9e2a3df1b6a7136a5c08b3c2aa148922b4
SIMP-EN-0011,,simplification_pair,,,moderate,4,8,general,medium,False,False,train,f8a86f370e90f7901ed3f0c99cbb274d204e509c2efff6b005e4c1749f8852e3
SIMP-EN-0012,,simplification_pair,,,strong,4,8,general,medium,False,False,train,77a055956235dc7e974e9f92f27a242f7cdff1fb6ad711826f94ac79d0495141
SIMP-EN-0013,,simplification_pair,,,moderate,4,8,general,medium,False,False,train,f8a86f370e90f7901ed3f0c99cbb274d204e509c2efff6b005e4c1749f8852e3
SIMP-EN-0014,,simplification_pair,,,mild,4,8,general,medium,False,False,train,71a30436f69bec79de2e3e2eccadcd9e2a3df1b6a7136a5c08b3c2aa148922b4
SIMP-EN-0015,,simplification_pair,,,moderate,4,8,general,medium,False,False,train,f8a86f370e90f7901ed3f0c99cbb274d204e509c2efff6b005e4c1749f8852e3
SIMP-EN-0016,,simplification_pair,,,strong,4,8,general,medium,False,False,train,77a055956235dc7e974e9f92f27a242f7cdff1fb6ad711826f94ac79d0495141
SIMP-EN-0017,,simplification_pair,,,moderate,4,8,general,medium,False,False,train,f8a86f370e90f7901ed3f0c99cbb274d204e509c2efff6b005e4c1749f8852e3
SIMP-EN-0018,,simplification_pair,,,mild,4,8,general,medium,False,False,train,71a30436f69bec79de2e3e2eccadcd9e2a3df1b6a7136a5c08b3c2aa148922b4
SIMP-EN-0019,,simplification_pair,,,moderate,4,8,general,medium,False,False,train,f8a86f370e90f7901ed3f0c99cbb274d204e509c2efff6b005e4c1749f8852e3
SIMP-EN-0020,,simplification_pair,,,strong,4,8,general,medium,False,False,train,77a055956235dc7e974e9f92f27a242f7cdff1fb6ad711826f94ac79d0495141
SIMP-EN-0021,,simplification_pair,,,moderate,4,8,general,medium,False,False,train,f8a86f370e90f7901ed3f0c99cbb274d204e509c2efff6b005e4c1749f8852e3
SIMP-EN-0022,,simplification_pair,,,mild,4,8,general,medium,False,False,train,71a30436f69bec79de2e3e2eccadcd9e2a3df1b6a7136a5c08b3c2aa148922b4
SIMP-EN-0023,,simplification_pair,,,moderate,4,8,general,medium,False,False,train,f8a86f370e90f7901ed3f0c99cbb274d204e509c2efff6b005e4c1749f8852e3
SIMP-EN-0024,,simplification_pair,,,strong,4,8,general,medium,False,False,train,77a055956235dc7e974e9f92f27a242f7cdff1fb6ad711826f94ac79d0495141
SIMP-EN-0025,,simplification_pair,,,moderate,4,8,general,medium,False,False,train,f8a86f370e90f7901ed3f0c99cbb274d204e509c2efff6b005e4c1749f8852e3
SIMP-EN-0026,,simplification_pair,,,mild,4,8,general,medium,False,False,train,71a30436f69bec79de2e3e2eccadcd9e2a3df1b6a7136a5c08b3c2aa148922b4
SIMP-EN-0027,,simplification_pair,,,moderate,4,8,general,medium,False,False,train,f8a86f370e90f7901ed3f0c99cbb274d204e509c2efff6b005e4c1749f8852e3
SIMP-EN-0028,,simplification_pair,,,strong,4,8,general,medium,False,False,train,77a055956235dc7e974e9f92f27a242f7cdff1fb6ad711826f94ac79d0495141
SIMP-EN-0029,,simplification_pair,,,moderate,4,8,general,medium,False,False,train,f8a86f370e90f7901ed3f0c99cbb274d204e509c2efff6b005e4c1749f8852e3
SIMP-EN-0030,,simplification_pair,,,mild,4,8,general,medium,False,False,train,71a30436f69bec79de2e3e2eccadcd9e2a3df1b6a7136a5c08b3c2aa148922b4
SIMP-EN-0031,,simplification_pair,,,moderate,4,8,general,medium,False,False,train,f8a86f370e90f7901ed3f0c99cbb274d204e509c2efff6b005e4c1749f8852e3
SIMP-EN-0032,,simplification_pair,,,strong,4,8,general,medium,False,False,train,77a055956235dc7e974e9f92f27a242f7cdff1fb6ad711826f94ac79d0495141
SIMP-EN-0033,,simplification_pair,,,moderate,4,8,general,medium,False,False,train,f8a86f370e90f7901ed3f0c99cbb274d204e509c2efff6b005e4c1749f8852e3
SIMP-EN-0034,,simplification_pair,,,mild,4,8,general,medium,False,False,train,71a30436f69bec79de2e3e2eccadcd9e2a3df1b6a7136a5c08b3c2aa148922b4
SIMP-EN-0035,,simplification_pair,,,moderate,4,8,general,medium,False,False,train,f8a86f370e90f7901ed3f0c99cbb274d204e509c2efff6b005e4c1749f8852e3
SIMP-EN-0036,,simplification_pair,,,strong,4,8,general,medium,False,False,train,77a055956235dc7e974e9f92f27a242f7cdff1fb6ad711826f94ac79d0495141
SIMP-EN-0037,,simplification_pair,,,moderate,4,8,general,medium,False,False,train,f8a86f370e90f7901ed3f0c99cbb274d204e509c2efff6b005e4c1749f8852e3
SIMP-EN-0038,,simplification_pair,,,mild,4,8,general,medium,False,False,train,71a30436f69bec79de2e3e2eccadcd9e2a3df1b6a7136a5c08b3c2aa148922b4
SIMP-EN-0039,,simplification_pair,,,moderate,4,8,general,medium,False,False,train,f8a86f370e90f7901ed3f0c99cbb274d204e509c2efff6b005e4c1749f8852e3
SIMP-EN-0040,,simplification_pair,,,strong,4,8,general,medium,False,False,train,77a055956235dc7e974e9f92f27a242f7cdff1fb6ad711826f94ac79d0495141
SIMP-EN-0041,,simplification_pair,,,moderate,4,8,general,medium,False,False,train,f8a86f370e90f7901ed3f0c99cbb274d204e509c2efff6b005e4c1749f8852e3
SIMP-EN-0042,,simplification_pair,,,mild,4,8,general,medium,False,False,train,71a30436f69bec79de2e3e2eccadcd9e2a3df1b6a7136a5c08b3c2aa148922b4
SIMP-EN-0043,,simplification_pair,,,moderate,4,8,general,medium,False,False,train,f8a86f370e90f7901ed3f0c99cbb274d204e509c2efff6b005e4c1749f8852e3
SIMP-EN-0044,,simplification_pair,,,strong,4,8,general,medium,False,False,train,77a055956235dc7e974e9f92f27a242f7cdff1fb6ad711826f94ac79d0495141
SIMP-EN-0045,,simplification_pair,,,moderate,4,8,general,medium,False,False,train,f8a86f370e90f7901ed3f0c99cbb274d204e509c2efff6b005e4c1749f8852e3
SIMP-EN-0046,,simplification_pair,,,mild,4,8,general,medium,False,False,train,71a30436f69bec79de2e3e2eccadcd9e2a3df1b6a7136a5c08b3c2aa148922b4
SIMP-EN-0047,,simplification_pair,,,moderate,4,8,general,medium,False,False,train,f8a86f370e90f7901ed3f0c99cbb274d204e509c2efff6b005e4c1749f8852e3
SIMP-EN-0048,,simplification_pair,,,strong,4,8,general,medium,False,False,train,77a055956235dc7e974e9f92f27a242f7cdff1fb6ad711826f94ac79d0495141
SIMP-EN-0049,,simplification_pair,,,moderate,4,8,general,medium,False,False,train,f8a86f370e90f7901ed3f0c99cbb274d204e509c2efff6b005e4c1749f8852e3
SIMP-EN-0050,,simplification_pair,,,mild,4,8,general,medium,False,False,train,71a30436f69bec79de2e3e2eccadcd9e2a3df1b6a7136a5c08b3c2aa148922b4
SIMP-EN-0051,,simplification_pair,,,moderate,4,8,general,medium,False,False,train,f8a86f370e90f7901ed3f0c99cbb274d204e509c2efff6b005e4c1749f8852e3
SIMP-EN-0052,,simplification_pair,,,strong,4,8,general,medium,False,False,train,77a055956235dc7e974e9f92f27a242f7cdff1fb6ad711826f94ac79d0495141
SIMP-EN-0053,,simplification_pair,,,moderate,4,8,general,medium,False,False,train,f8a86f370e90f7901ed3f0c99cbb274d204e509c2efff6b005e4c1749f8852e3
SIMP-EN-0054,,simplification_pair,,,mild,4,8,general,medium,False,False,train,71a30436f69bec79de2e3e2eccadcd9e2a3df1b6a7136a5c08b3c2aa148922b4
SIMP-EN-0055,,simplification_pair,,,moderate,4,8,general,medium,False,False,train,f8a86f370e90f7901ed3f0c99cbb274d204e509c2efff6b005e4c1749f8852e3
SIMP-EN-0056,,simplification_pair,,,strong,4,8,general,medium,False,False,train,77a055956235dc7e974e9f92f27a242f7cdff1fb6ad711826f94ac79d0495141
SIMP-EN-0057,,simplification_pair,,,moderate,4,8,general,medium,False,False,train,f8a86f370e90f7901ed3f0c99cbb274d204e509c2efff6b005e4c1749f8852e3
SIMP-EN-0058,,simplification_pair,,,mild,4,8,general,medium,False,False,train,71a30436f69bec79de2e3e2eccadcd9e2a3df1b6a7136a5c08b3c2aa148922b4
SIMP-EN-0059,,simplification_pair,,,moderate,4,8,general,medium,False,False,train,f8a86f370e90f7901ed3f0c99cbb274d204e509c2efff6b005e4c1749f8852e3
SIMP-EN-0060,,simplification_pair,,,strong,4,8,general,medium,False,False,train,77a055956235dc7e974e9f92f27a242f7cdff1fb6ad711826f94ac79d0495141
SIMP-EN-0061,,simplification_pair,,,moderate,4,8,general,medium,False,False,train,f8a86f370e90f7901ed3f0c99cbb274d204e509c2efff6b005e4c1749f8852e3
SIMP-EN-0062,,simplification_pair,,,mild,4,8,general,medium,False,False,train,71a30436f69bec79de2e3e2eccadcd9e2a3df1b6a7136a5c08b3c2aa148922b4
SIMP-EN-0063,,simplification_pair,,,moderate,4,8,general,medium,False,False,train,f8a86f370e90f7901ed3f0c99cbb274d204e509c2efff6b005e4c1749f8852e3
SIMP-EN-0064,,simplification_pair,,,strong,4,8,general,medium,False,False,train,77a055956235dc7e974e9f92f27a242f7cdff1fb6ad711826f94ac79d0495141
SIMP-EN-0065,,simplification_pair,,,moderate,4,8,general,medium,False,False,train,f8a86f370e90f7901ed3f0c99cbb274d204e509c2efff6b005e4c1749f8852e3
SIMP-EN-0066,,simplification_pair,,,mild,4,8,general,medium,False,False,train,71a30436f69bec79de2e3e2eccadcd9e2a3df1b6a7136a5c08b3c2aa148922b4
SIMP-EN-0067,,simplification_pair,,,moderate,4,8,general,medium,False,False,train,f8a86f370e90f7901ed3f0c99cbb274d204e509c2efff6b005e4c1749f8852e3
SIMP-EN-0068,,simplification_pair,,,strong,4,8,general,medium,False,False,train,77a055956235dc7e974e9f92f27a242f7cdff1fb6ad711826f94ac79d0495141
SIMP-EN-0069,,simplification_pair,,,moderate,4,8,general,medium,False,False,train,f8a86f370e90f7901ed3f0c99cbb274d204e509c2efff6b005e4c1749f8852e3
SIMP-EN-0070,,simplification_pair,,,mild,4,8,general,medium,False,False,train,71a30436f69bec79de2e3e2eccadcd9e2a3df1b6a7136a5c08b3c2aa148922b4
SIMP-EN-0071,,simplification_pair,,,moderate,4,8,general,medium,False,False,train,f8a86f370e90f7901ed3f0c99cbb274d204e509c2efff6b005e4c1749f8852e3
SIMP-EN-0072,,simplification_pair,,,strong,4,8,general,medium,False,False,train,77a055956235dc7e974e9f92f27a242f7cdff1fb6ad711826f94ac79d0495141
SIMP-EN-0073,,simplification_pair,,,moderate,4,8,general,medium,False,False,train,f8a86f370e90f7901ed3f0c99cbb274d204e509c2efff6b005e4c1749f8852e3
SIMP-EN-0074,,simplification_pair,,,mild,4,8,general,medium,False,False,train,71a30436f69bec79de2e3e2eccadcd9e2a3df1b6a7136a5c08b3c2aa148922b4
SIMP-EN-0075,,simplification_pair,,,moderate,4,8,general,medium,False,False,train,f8a86f370e90f7901ed3f0c99cbb274d204e509c2efff6b005e4c1749f8852e3
SIMP-EN-0076,,simplification_pair,,,strong,4,8,general,medium,False,False,train,77a055956235dc7e974e9f92f27a242f7cdff1fb6ad711826f94ac79d0495141
SIMP-EN-0077,,simplification_pair,,,moderate,4,8,general,medium,False,False,train,f8a86f370e90f7901ed3f0c99cbb274d204e509c2efff6b005e4c1749f8852e3
SIMP-EN-0078,,simplification_pair,,,mild,4,8,general,medium,False,False,train,71a30436f69bec79de2e3e2eccadcd9e2a3df1b6a7136a5c08b3c2aa148922b4
SIMP-EN-0079,,simplification_pair,,,moderate,4,8,general,medium,False,False,train,f8a86f370e90f7901ed3f0c99cbb274d204e509c2efff6b005e4c1749f8852e3
SIMP-EN-0080,,simplification_pair,,,strong,4,8,general,medium,False,False,train,77a055956235dc7e974e9f92f27a242f7cdff1fb6ad711826f94ac79d0495141
SIMP-EN-0081,,simplification_pair,,,moderate,4,8,general,medium,False,False,train,f8a86f370e90f7901ed3f0c99cbb274d204e509c2efff6b005e4c1749f8852e3
SIMP-EN-0082,,simplification_pair,,,mild,4,8,general,medium,False,False,train,71a30436f69bec79de2e3e2eccadcd9e2a3df1b6a7136a5c08b3c2aa148922b4
SIMP-EN-0083,,simplification_pair,,,moderate,4,8,general,medium,False,False,train,f8a86f370e90f7901ed3f0c99cbb274d204e509c2efff6b005e4c1749f8852e3
SIMP-EN-0084,,simplification_pair,,,strong,4,8,general,medium,False,False,train,77a055956235dc7e974e9f92f27a242f7cdff1fb6ad711826f94ac79d0495141
SIMP-EN-0085,,simplification_pair,,,moderate,4,8,general,medium,False,False,train,f8a86f370e90f7901ed3f0c99cbb274d204e509c2efff6b005e4c1749f8852e3
SIMP-EN-0086,,simplification_pair,,,mild,4,8,general,medium,False,False,train,71a30436f69bec79de2e3e2eccadcd9e2a3df1b6a7136a5c08b3c2aa148922b4
SIMP-EN-0087,,simplification_pair,,,moderate,4,8,general,medium,False,False,train,f8a86f370e90f7901ed3f0c99cbb274d204e509c2efff6b005e4c1749f8852e3
SIMP-EN-0088,,simplification_pair,,,strong,4,8,general,medium,False,False,train,77a055956235dc7e974e9f92f27a242f7cdff1fb6ad711826f94ac79d0495141
SIMP-EN-0089,,simplification_pair,,,moderate,4,8,general,medium,False,False,train,f8a86f370e90f7901ed3f0c99cbb274d204e509c2efff6b005e4c1749f8852e3
SIMP-EN-0090,,simplification_pair,,,mild,4,8,general,medium,False,False,train,71a30436f69bec79de2e3e2eccadcd9e2a3df1b6a7136a5c08b3c2aa148922b4
SIMP-EN-0091,,simplification_pair,,,moderate,4,8,general,medium,False,False,train,f8a86f370e90f7901ed3f0c99cbb274d204e509c2efff6b005e4c1749f8852e3
SIMP-EN-0092,,simplification_pair,,,strong,4,8,general,medium,False,False,train,77a055956235dc7e974e9f92f27a242f7cdff1fb6ad711826f94ac79d0495141
SIMP-EN-0093,,simplification_pair,,,moderate,4,8,general,medium,False,False,train,f8a86f370e90f7901ed3f0c99cbb274d204e509c2efff6b005e4c1749f8852e3
SIMP-EN-0094,,simplification_pair,,,mild,4,8,general,medium,False,False,train,71a30436f69bec79de2e3e2eccadcd9e2a3df1b6a7136a5c08b3c2aa148922b4
SIMP-EN-0095,,simplification_pair,,,moderate,4,8,general,medium,False,False,train,f8a86f370e90f7901ed3f0c99cbb274d204e509c2efff6b005e4c1749f8852e3
SIMP-EN-0096,,simplification_pair,,,strong,4,8,general,medium,False,False,train,77a055956235dc7e974e9f92f27a242f7cdff1fb6ad711826f94ac79d0495141
SIMP-EN-0097,,simplification_pair,,,moderate,4,8,general,medium,False,False,train,f8a86f370e90f7901ed3f0c99cbb274d204e509c2efff6b005e4c1749f8852e3
SIMP-EN-0098,,simplification_pair,,,mild,4,8,general,medium,False,False,train,71a30436f69bec79de2e3e2eccadcd9e2a3df1b6a7136a5c08b3c2aa148922b4
SIMP-EN-0099,,simplification_pair,,,moderate,4,8,general,medium,False,False,train,f8a86f370e90f7901ed3f0c99cbb274d204e509c2efff6b005e4c1749f8852e3
SIMP-EN-0100,,simplification_pair,,,strong,4,8,general,medium,False,False,train,77a055956235dc7e974e9f92f27a242f7cdff1fb6ad711826f94ac79d0495141
SIMP-EN-0101,,simplification_pair,,,moderate,4,8,general,medium,False,False,train,f8a86f370e90f7901ed3f0c99cbb274d204e509c2efff6b005e4c1749f8852e3
SIMP-EN-0102,,simplification_pair,,,mild,4,8,general,medium,False,False,train,71a30436f69bec79de2e3e2eccadcd9e2a3df1b6a7136a5c08b3c2aa148922b4
SIMP-EN-0103,,simplification_pair,,,moderate,4,8,general,medium,False,False,train,f8a86f370e90f7901ed3f0c99cbb274d204e509c2efff6b005e4c1749f8852e3
SIMP-EN-0104,,simplification_pair,,,strong,4,8,general,medium,False,False,train,77a055956235dc7e974e9f92f27a242f7cdff1fb6ad711826f94ac79d0495141
SIMP-EN-0105,,simplification_pair,,,moderate,4,8,general,medium,False,False,train,f8a86f370e90f7901ed3f0c99cbb274d204e509c2efff6b005e4c1749f8852e3
SIMP-EN-0106,,simplification_pair,,,mild,4,8,general,medium,False,False,train,71a30436f69bec79de2e3e2eccadcd9e2a3df1b6a7136a5c08b3c2aa148922b4
SIMP-EN-0107,,simplification_pair,,,moderate,4,8,general,medium,False,False,train,f8a86f370e90f7901ed3f0c99cbb274d204e509c2efff6b005e4c1749f8852e3
SIMP-EN-0108,,simplification_pair,,,strong,4,8,general,medium,False,False,train,77a055956235dc7e974e9f92f27a242f7cdff1fb6ad711826f94ac79d0495141
SIMP-EN-0109,,simplification_pair,,,moderate,4,8,general,medium,False,False,train,f8a86f370e90f7901ed3f0c99cbb274d204e509c2efff6b005e4c1749f8852e3
SIMP-EN-0110,,simplification_pair,,,mild,4,8,general,medium,False,False,train,71a30436f69bec79de2e3e2eccadcd9e2a3df1b6a7136a5c08b3c2aa148922b4
SIMP-EN-0111,,simplification_pair,,,moderate,4,8,general,medium,False,False,train,f8a86f370e90f7901ed3f0c99cbb274d204e509c2efff6b005e4c1749f8852e3
SIMP-EN-0112,,simplification_pair,,,strong,4,8,general,medium,False,False,train,77a055956235dc7e974e9f92f27a242f7cdff1fb6ad711826f94ac79d0495141
SIMP-EN-0113,,simplification_pair,,,moderate,4,8,general,medium,False,False,train,f8a86f370e90f7901ed3f0c99cbb274d204e509c2efff6b005e4c1749f8852e3
SIMP-EN-0114,,simplification_pair,,,mild,4,8,general,medium,False,False,train,71a30436f69bec79de2e3e2eccadcd9e2a3df1b6a7136a5c08b3c2aa148922b4
SIMP-EN-0115,,simplification_pair,,,moderate,4,8,general,medium,False,False,train,f8a86f370e90f7901ed3f0c99cbb274d204e509c2efff6b005e4c1749f8852e3
SIMP-EN-0116,,simplification_pair,,,strong,4,8,general,medium,False,False,train,77a055956235dc7e974e9f92f27a242f7cdff1fb6ad711826f94ac79d0495141
SIMP-EN-0117,,simplification_pair,,,moderate,4,8,general,medium,False,False,train,f8a86f370e90f7901ed3f0c99cbb274d204e509c2efff6b005e4c1749f8852e3
SIMP-EN-0118,,simplification_pair,,,mild,4,8,general,medium,False,False,train,71a30436f69bec79de2e3e2eccadcd9e2a3df1b6a7136a5c08b3c2aa148922b4
SIMP-EN-0119,,simplification_pair,,,moderate,4,8,general,medium,False,False,train,f8a86f370e90f7901ed3f0c99cbb274d204e509c2efff6b005e4c1749f8852e3
SIMP-EN-0120,,simplification_pair,,,strong,4,8,general,medium,False,False,train,77a055956235dc7e974e9f92f27a242f7cdff1fb6ad711826f94ac79d0495141
SIMP-EN-0121,,simplification_pair,,,mild,4,8,general,medium,False,False,train,71a30436f69bec79de2e3e2eccadcd9e2a3df1b6a7136a5c08b3c2aa148922b4
SIMP-EN-0122,,simplification_pair,,,moderate,4,8,general,medium,False,False,train,f8a86f370e90f7901ed3f0c99cbb274d204e509c2efff6b005e4c1749f8852e3
SIMP-EN-0123,,simplification_pair,,,strong,4,8,general,medium,False,False,train,77a055956235dc7e974e9f92f27a242f7cdff1fb6ad711826f94ac79d0495141
SIMP-EN-0124,,simplification_pair,,,mild,4,8,general,medium,False,False,train,71a30436f69bec79de2e3e2eccadcd9e2a3df1b6a7136a5c08b3c2aa148922b4
SIMP-EN-0125,,simplification_pair,,,moderate,4,8,general,medium,False,False,train,f8a86f370e90f7901ed3f0c99cbb274d204e509c2efff6b005e4c1749f8852e3
SIMP-EN-0126,,simplification_pair,,,strong,4,8,general,medium,False,False,train,77a055956235dc7e974e9f92f27a242f7cdff1fb6ad711826f94ac79d0495141
SIMP-EN-0127,,simplification_pair,,,mild,4,8,general,medium,False,False,train,71a30436f69bec79de2e3e2eccadcd9e2a3df1b6a7136a5c08b3c2aa148922b4
SIMP-EN-0128,,simplification_pair,,,moderate,4,8,general,medium,False,False,train,f8a86f370e90f7901ed3f0c99cbb274d204e509c2efff6b005e4c1749f8852e3
SIMP-EN-0129,,simplification_pair,,,strong,4,8,general,medium,False,False,train,77a055956235dc7e974e9f92f27a242f7cdff1fb6ad711826f94ac79d0495141
SIMP-EN-0130,,simplification_pair,,,strong,4,8,general,medium,False,False,train,77a055956235dc7e974e9f92f27a242f7cdff1fb6ad711826f94ac79d0495141
SIMP-EN-0131,,simplification_pair,,,strong,4,8,general,medium,False,False,train,77a055956235dc7e974e9f92f27a242f7cdff1fb6ad711826f94ac79d0495141
SIMP-EN-0132,,simplification_pair,,,mild,4,8,general,medium,False,False,train,71a30436f69bec79de2e3e2eccadcd9e2a3df1b6a7136a5c08b3c2aa148922b4
SIMP-EN-0133,,simplification_pair,,,strong,4,8,general,medium,False,False,train,77a055956235dc7e974e9f92f27a242f7cdff1fb6ad711826f94ac79d0495141
SIMP-EN-0134,,simplification_pair,,,strong,4,8,general,medium,False,False,train,77a055956235dc7e974e9f92f27a242f7cdff1fb6ad711826f94ac79d0495141
SIMP-EN-0135,,simplification_pair,,,strong,4,8,general,medium,False,False,train,77a055956235dc7e974e9f92f27a242f7cdff1fb6ad711826f94ac79d0495141
SIMP-EN-0136,,simplification_pair,,,strong,4,8,general,medium,False,False,train,77a055956235dc7e974e9f92f27a242f7cdff1fb6ad711826f94ac79d0495141
SIMP-EN-0137,,simplification_pair,,,strong,4,8,general,medium,False,False,train,77a055956235dc7e974e9f92f27a242f7cdff1fb6ad711826f94ac79d0495141
SIMP-EN-0138,,simplification_pair,,,strong,4,8,general,medium,False,False,train,77a055956235dc7e974e9f92f27a242f7cdff1fb6ad711826f94ac79d0495141
SIMP-EN-0139,,simplification_pair,,,mild,4,8,general,medium,False,False,train,71a30436f69bec79de2e3e2eccadcd9e2a3df1b6a7136a5c08b3c2aa148922b4
SIMP-EN-0140,,simplification_pair,,,moderate,4,8,general,medium,False,False,train,f8a86f370e90f7901ed3f0c99cbb274d204e509c2efff6b005e4c1749f8852e3
SIMP-EN-0141,,simplification_pair,,,mild,4,8,general,medium,False,False,train,71a30436f69bec79de2e3e2eccadcd9e2a3df1b6a7136a5c08b3c2aa148922b4
SIMP-EN-0142,,simplification_pair,,,moderate,4,8,general,medium,False,False,train,f8a86f370e90f7901ed3f0c99cbb274d204e509c2efff6b005e4c1749f8852e3
SIMP-EN-0143,,simplification_pair,,,strong,4,8,general,medium,False,False,train,77a055956235dc7e974e9f92f27a242f7cdff1fb6ad711826f94ac79d0495141
SIMP-EN-0144,,simplification_pair,,,strong,4,8,general,medium,False,False,train,77a055956235dc7e974e9f92f27a242f7cdff1fb6ad711826f94ac79d0495141
SIMP-EN-0145,,simplification_pair,,,strong,4,8,general,medium,False,False,train,77a055956235dc7e974e9f92f27a242f7cdff1fb6ad711826f94ac79d0495141
SIMP-EN-0146,,simplification_pair,,,mild,4,8,general,medium,False,False,train,71a30436f69bec79de2e3e2eccadcd9e2a3df1b6a7136a5c08b3c2aa148922b4
SIMP-EN-0147,,simplification_pair,,,strong,4,8,general,medium,False,False,train,77a055956235dc7e974e9f92f27a242f7cdff1fb6ad711826f94ac79d0495141
SIMP-EN-0148,,simplification_pair,,,strong,4,8,general,medium,False,False,train,77a055956235dc7e974e9f92f27a242f7cdff1fb6ad711826f94ac79d0495141
SIMP-EN-0149,,simplification_pair,,,strong,4,8,general,medium,False,False,train,77a055956235dc7e974e9f92f27a242f7cdff1fb6ad711826f94ac79d0495141
SIMP-EN-0150,,simplification_pair,,,strong,4,8,general,medium,False,False,train,77a055956235dc7e974e9f92f27a242f7cdff1fb6ad711826f94ac79d0495141
SIMP-EN-0151,,simplification_pair,,,strong,4,8,general,medium,False,False,train,77a055956235dc7e974e9f92f27a242f7cdff1fb6ad711826f94ac79d0495141
SIMP-EN-0152,,simplification_pair,,,strong,4,8,general,medium,False,False,train,77a055956235dc7e974e9f92f27a242f7cdff1fb6ad711826f94ac79d0495141
SIMP-EN-0153,,simplification_pair,,,mild,4,8,general,medium,False,False,train,71a30436f69bec79de2e3e2eccadcd9e2a3df1b6a7136a5c08b3c2aa148922b4
SIMP-EN-0154,,simplification_pair,,,moderate,4,8,general,medium,False,False,train,f8a86f370e90f7901ed3f0c99cbb274d204e509c2efff6b005e4c1749f8852e3
SIMP-EN-0155,,simplification_pair,,,mild,4,8,general,medium,False,False,train,71a30436f69bec79de2e3e2eccadcd9e2a3df1b6a7136a5c08b3c2aa148922b4
SIMP-EN-0156,,simplification_pair,,,strong,4,8,general,medium,False,False,train,77a055956235dc7e974e9f92f27a242f7cdff1fb6ad711826f94ac79d0495141
SIMP-EN-0157,,simplification_pair,,,strong,4,8,general,medium,False,False,train,77a055956235dc7e974e9f92f27a242f7cdff1fb6ad711826f94ac79d0495141
SIMP-EN-0158,,simplification_pair,,,strong,4,8,general,medium,False,False,train,77a055956235dc7e974e9f92f27a242f7cdff1fb6ad711826f94ac79d0495141
SIMP-EN-0159,,simplification_pair,,,strong,4,8,general,medium,False,False,train,77a055956235dc7e974e9f92f27a242f7cdff1fb6ad711826f94ac79d0495141
SIMP-EN-0160,,simplification_pair,,,mild,4,8,general,medium,False,False,train,71a30436f69bec79de2e3e2eccadcd9e2a3df1b6a7136a5c08b3c2aa148922b4
SIMP-EN-0161,,simplification_pair,,,strong,4,8,general,medium,False,False,train,77a055956235dc7e974e9f92f27a242f7cdff1fb6ad711826f94ac79d0495141
SIMP-EN-0162,,simplification_pair,,,strong,4,8,general,medium,False,False,train,77a055956235dc7e974e9f92f27a242f7cdff1fb6ad711826f94ac79d0495141
SIMP-EN-0163,,simplification_pair,,,strong,4,8,general,medium,False,False,train,77a055956235dc7e974e9f92f27a242f7cdff1fb6ad711826f94ac79d0495141
SIMP-EN-0164,,simplification_pair,,,strong,4,8,general,medium,False,False,train,77a055956235dc7e974e9f92f27a242f7cdff1fb6ad711826f94ac79d0495141
SIMP-EN-0165,,simplification_pair,,,strong,4,8,general,medium,False,False,train,77a055956235dc7e974e9f92f27a242f7cdff1fb6ad711826f94ac79d0495141
SIMP-EN-0166,,simplification_pair,,,strong,4,8,general,medium,False,False,train,77a055956235dc7e974e9f92f27a242f7cdff1fb6ad711826f94ac79d0495141
SIMP-EN-0167,,simplification_pair,,,mild,4,8,general,medium,False,False,train,71a30436f69bec79de2e3e2eccadcd9e2a3df1b6a7136a5c08b3c2aa148922b4
SIMP-EN-0168,,simplification_pair,,,moderate,4,8,general,medium,False,False,train,f8a86f370e90f7901ed3f0c99cbb274d204e509c2efff6b005e4c1749f8852e3
SIMP-EN-0169,,simplification_pair,,,mild,4,8,general,medium,False,False,train,71a30436f69bec79de2e3e2eccadcd9e2a3df1b6a7136a5c08b3c2aa148922b4
SIMP-EN-0170,,simplification_pair,,,strong,4,8,general,medium,False,False,train,77a055956235dc7e974e9f92f27a242f7cdff1fb6ad711826f94ac79d0495141
SIMP-EN-0171,,simplification_pair,,,strong,4,8,general,medium,False,False,train,77a055956235dc7e974e9f92f27a242f7cdff1fb6ad711826f94ac79d0495141
SIMP-EN-0172,,simplification_pair,,,strong,4,8,general,medium,False,False,train,77a055956235dc7e974e9f92f27a242f7cdff1fb6ad711826f94ac79d0495141
SIMP-EN-0173,,simplification_pair,,,strong,4,8,general,medium,False,False,train,77a055956235dc7e974e9f92f27a242f7cdff1fb6ad711826f94ac79d0495141
SIMP-EN-0174,,simplification_pair,,,mild,4,8,general,medium,False,False,train,71a30436f69bec79de2e3e2eccadcd9e2a3df1b6a7136a5c08b3c2aa148922b4
SIMP-EN-0175,,simplification_pair,,,strong,4,8,general,medium,False,False,train,77a055956235dc7e974e9f92f27a242f7cdff1fb6ad711826f94ac79d0495141
SIMP-EN-0176,,simplification_pair,,,strong,4,8,general,medium,False,False,train,77a055956235dc7e974e9f92f27a242f7cdff1fb6ad711826f94ac79d0495141
SIMP-EN-0177,,simplification_pair,,,strong,4,8,general,medium,False,False,train,77a055956235dc7e974e9f92f27a242f7cdff1fb6ad711826f94ac79d0495141
SIMP-EN-0178,,simplification_pair,,,strong,4,8,general,medium,False,False,train,77a055956235dc7e974e9f92f27a242f7cdff1fb6ad711826f94ac79d0495141
SIMP-EN-0179,,simplification_pair,,,strong,4,8,general,medium,False,False,train,77a055956235dc7e974e9f92f27a242f7cdff1fb6ad711826f94ac79d0495141
SIMP-EN-0180,,simplification_pair,,,strong,4,8,general,medium,False,False,train,77a055956235dc7e974e9f92f27a242f7cdff1fb6ad711826f94ac79d0495141
SIMP-EN-0181,,simplification_pair,,,mild,4,8,general,medium,False,False,train,71a30436f69bec79de2e3e2eccadcd9e2a3df1b6a7136a5c08b3c2aa148922b4
SIMP-EN-0182,,simplification_pair,,,moderate,4,8,general,medium,False,False,train,f8a86f370e90f7901ed3f0c99cbb274d204e509c2efff6b005e4c1749f8852e3
SIMP-EN-0183,,simplification_pair,,,mild,4,8,general,medium,False,False,train,71a30436f69bec79de2e3e2eccadcd9e2a3df1b6a7136a5c08b3c2aa148922b4
SIMP-EN-0184,,simplification_pair,,,moderate,4,8,general,medium,False,False,train,f8a86f370e90f7901ed3f0c99cbb274d204e509c2efff6b005e4c1749f8852e3
SIMP-EN-0185,,simplification_pair,,,strong,4,8,general,medium,False,False,train,77a055956235dc7e974e9f92f27a242f7cdff1fb6ad711826f94ac79d0495141
SIMP-EN-0186,,simplification_pair,,,strong,4,8,general,medium,False,False,train,77a055956235dc7e974e9f92f27a242f7cdff1fb6ad711826f94ac79d0495141
SIMP-EN-0187,,simplification_pair,,,strong,4,8,general,medium,False,False,train,77a055956235dc7e974e9f92f27a242f7cdff1fb6ad711826f94ac79d0495141
SIMP-EN-0188,,simplification_pair,,,mild,4,8,general,medium,False,False,train,71a30436f69bec79de2e3e2eccadcd9e2a3df1b6a7136a5c08b3c2aa148922b4
SIMP-EN-0189,,simplification_pair,,,strong,4,8,general,medium,False,False,train,77a055956235dc7e974e9f92f27a242f7cdff1fb6ad711826f94ac79d0495141
SIMP-EN-0190,,simplification_pair,,,strong,4,8,general,medium,False,False,train,77a055956235dc7e974e9f92f27a242f7cdff1fb6ad711826f94ac79d0495141
SIMP-EN-0191,,simplification_pair,,,strong,4,8,general,medium,False,False,train,77a055956235dc7e974e9f92f27a242f7cdff1fb6ad711826f94ac79d0495141
SIMP-EN-0192,,simplification_pair,,,strong,4,8,general,medium,False,False,train,77a055956235dc7e974e9f92f27a242f7cdff1fb6ad711826f94ac79d0495141
SIMP-EN-0193,,simplification_pair,,,strong,4,8,general,medium,False,False,train,77a055956235dc7e974e9f92f27a242f7cdff1fb6ad711826f94ac79d0495141
SIMP-EN-0194,,simplification_pair,,,strong,4,8,general,medium,False,False,train,77a055956235dc7e974e9f92f27a242f7cdff1fb6ad711826f94ac79d0495141
SIMP-EN-0195,,simplification_pair,,,mild,4,8,general,medium,False,False,train,71a30436f69bec79de2e3e2eccadcd9e2a3df1b6a7136a5c08b3c2aa148922b4
SIMP-EN-0196,,simplification_pair,,,moderate,4,8,general,medium,False,False,train,f8a86f370e90f7901ed3f0c99cbb274d204e509c2efff6b005e4c1749f8852e3
SIMP-EN-0197,,simplification_pair,,,mild,4,8,general,medium,False,False,train,71a30436f69bec79de2e3e2eccadcd9e2a3df1b6a7136a5c08b3c2aa148922b4
SIMP-EN-0198,,simplification_pair,,,moderate,4,8,general,medium,False,False,train,f8a86f370e90f7901ed3f0c99cbb274d204e509c2efff6b005e4c1749f8852e3
SIMP-EN-0199,,simplification_pair,,,strong,4,8,general,medium,False,False,train,77a055956235dc7e974e9f92f27a242f7cdff1fb6ad711826f94ac79d0495141
SIMP-EN-0200,,simplification_pair,,,strong,4,8,general,medium,False,False,train,77a055956235dc7e974e9f92f27a242f7cdff1fb6ad711826f94ac79d0495141
SIMP-EN-0201,,simplification_pair,,,strong,4,8,general,medium,False,False,train,77a055956235dc7e974e9f92f27a242f7cdff1fb6ad711826f94ac79d0495141
SIMP-EN-0202,,simplification_pair,,,mild,4,8,general,medium,False,False,train,71a30436f69bec79de2e3e2eccadcd9e2a3df1b6a7136a5c08b3c2aa148922b4
SIMP-EN-0203,,simplification_pair,,,strong,4,8,general,medium,False,False,train,77a055956235dc7e974e9f92f27a242f7cdff1fb6ad711826f94ac79d0495141
SIMP-EN-0204,,simplification_pair,,,strong,4,8,general,medium,False,False,train,77a055956235dc7e974e9f92f27a242f7cdff1fb6ad711826f94ac79d0495141
SIMP-EN-0205,,simplification_pair,,,strong,4,8,general,medium,False,False,train,77a055956235dc7e974e9f92f27a242f7cdff1fb6ad711826f94ac79d0495141
SIMP-EN-0206,,simplification_pair,,,strong,4,8,general,medium,False,False,train,77a055956235dc7e974e9f92f27a242f7cdff1fb6ad711826f94ac79d0495141
SIMP-EN-0207,,simplification_pair,,,strong,4,8,general,medium,False,False,train,77a055956235dc7e974e9f92f27a242f7cdff1fb6ad711826f94ac79d0495141
SIMP-EN-0208,,simplification_pair,,,strong,4,8,general,medium,False,False,train,77a055956235dc7e974e9f92f27a242f7cdff1fb6ad711826f94ac79d0495141
SIMP-EN-0209,,simplification_pair,,,mild,4,8,general,medium,False,False,train,71a30436f69bec79de2e3e2eccadcd9e2a3df1b6a7136a5c08b3c2aa148922b4
SIMP-EN-0210,,simplification_pair,,,moderate,4,8,general,medium,False,False,train,f8a86f370e90f7901ed3f0c99cbb274d204e509c2efff6b005e4c1749f8852e3
SIMP-EN-000300,,simplification_pair,,,mild,4,8,general,medium,True,False,train,71a30436f69bec79de2e3e2eccadcd9e2a3df1b6a7136a5c08b3c2aa148922b4
SIMP-EN-000301,,simplification_pair,,,moderate,4,8,general,medium,True,False,train,f8a86f370e90f7901ed3f0c99cbb274d204e509c2efff6b005e4c1749f8852e3
SIMP-EN-000302,,simplification_pair,,,strong,4,8,general,medium,True,False,train,77a055956235dc7e974e9f92f27a242f7cdff1fb6ad711826f94ac79d0495141
SIMP-EN-000303,,simplification_pair,,,mild,4,8,general,medium,True,False,train,71a30436f69bec79de2e3e2eccadcd9e2a3df1b6a7136a5c08b3c2aa148922b4
SIMP-EN-000304,,simplification_pair,,,moderate,4,8,general,medium,True,False,train,f8a86f370e90f7901ed3f0c99cbb274d204e509c2efff6b005e4c1749f8852e3
SIMP-EN-000305,,simplification_pair,,,strong,4,8,general,medium,True,False,train,77a055956235dc7e974e9f92f27a242f7cdff1fb6ad711826f94ac79d0495141
SIMP-EN-000306,,simplification_pair,,,mild,4,8,general,medium,True,False,train,71a30436f69bec79de2e3e2eccadcd9e2a3df1b6a7136a5c08b3c2aa148922b4
SIMP-EN-000307,,simplification_pair,,,moderate,4,8,general,medium,True,False,train,f8a86f370e90f7901ed3f0c99cbb274d204e509c2efff6b005e4c1749f8852e3
SIMP-EN-000308,,simplification_pair,,,strong,4,8,general,medium,True,False,train,77a055956235dc7e974e9f92f27a242f7cdff1fb6ad711826f94ac79d0495141
SIMP-EN-000309,,simplification_pair,,,mild,4,8,general,medium,True,False,train,71a30436f69bec79de2e3e2eccadcd9e2a3df1b6a7136a5c08b3c2aa148922b4
SIMP-EN-000310,,simplification_pair,,,moderate,4,8,general,medium,True,False,train,f8a86f370e90f7901ed3f0c99cbb274d204e509c2efff6b005e4c1749f8852e3
SIMP-EN-000311,,simplification_pair,,,strong,4,8,general,medium,True,False,train,77a055956235dc7e974e9f92f27a242f7cdff1fb6ad711826f94ac79d0495141
SIMP-EN-000312,,simplification_pair,,,mild,4,8,general,medium,True,False,train,71a30436f69bec79de2e3e2eccadcd9e2a3df1b6a7136a5c08b3c2aa148922b4
SIMP-EN-000313,,simplification_pair,,,moderate,4,8,general,medium,True,False,train,f8a86f370e90f7901ed3f0c99cbb274d204e509c2efff6b005e4c1749f8852e3
SIMP-EN-000314,,simplification_pair,,,strong,4,8,general,medium,True,False,train,77a055956235dc7e974e9f92f27a242f7cdff1fb6ad711826f94ac79d0495141
SIMP-EN-000315,,simplification_pair,,,mild,4,8,general,medium,True,False,train,71a30436f69bec79de2e3e2eccadcd9e2a3df1b6a7136a5c08b3c2aa148922b4
SIMP-EN-000316,,simplification_pair,,,moderate,4,8,general,medium,True,False,train,f8a86f370e90f7901ed3f0c99cbb274d204e509c2efff6b005e4c1749f8852e3
SIMP-EN-000317,,simplification_pair,,,strong,4,8,general,medium,True,False,train,77a055956235dc7e974e9f92f27a242f7cdff1fb6ad711826f94ac79d0495141
SIMP-EN-000318,,simplification_pair,,,mild,4,8,general,medium,True,False,train,71a30436f69bec79de2e3e2eccadcd9e2a3df1b6a7136a5c08b3c2aa148922b4
SIMP-EN-000319,,simplification_pair,,,moderate,4,8,general,medium,True,False,train,f8a86f370e90f7901ed3f0c99cbb274d204e509c2efff6b005e4c1749f8852e3
SIMP-EN-000320,,simplification_pair,,,strong,4,8,general,medium,True,False,train,77a055956235dc7e974e9f92f27a242f7cdff1fb6ad711826f94ac79d0495141
SIMP-EN-000321,,simplification_pair,,,mild,4,8,general,medium,True,False,train,71a30436f69bec79de2e3e2eccadcd9e2a3df1b6a7136a5c08b3c2aa148922b4
SIMP-EN-000322,,simplification_pair,,,moderate,4,8,general,medium,True,False,train,f8a86f370e90f7901ed3f0c99cbb274d204e509c2efff6b005e4c1749f8852e3
SIMP-EN-000323,,simplification_pair,,,strong,4,8,general,medium,True,False,train,77a055956235dc7e974e9f92f27a242f7cdff1fb6ad711826f94ac79d0495141
SIMP-EN-000324,,simplification_pair,,,mild,4,8,general,medium,True,False,train,71a30436f69bec79de2e3e2eccadcd9e2a3df1b6a7136a5c08b3c2aa148922b4
SIMP-EN-000325,,simplification_pair,,,moderate,4,8,general,medium,True,False,train,f8a86f370e90f7901ed3f0c99cbb274d204e509c2efff6b005e4c1749f8852e3
SIMP-EN-000326,,simplification_pair,,,strong,4,8,general,medium,True,False,train,77a055956235dc7e974e9f92f27a242f7cdff1fb6ad711826f94ac79d0495141
SIMP-EN-000327,,simplification_pair,,,mild,4,8,general,medium,True,False,train,71a30436f69bec79de2e3e2eccadcd9e2a3df1b6a7136a5c08b3c2aa148922b4
SIMP-EN-000328,,simplification_pair,,,moderate,4,8,general,medium,True,False,train,f8a86f370e90f7901ed3f0c99cbb274d204e509c2efff6b005e4c1749f8852e3
SIMP-EN-000329,,simplification_pair,,,strong,4,8,general,medium,True,False,train,77a055956235dc7e974e9f92f27a242f7cdff1fb6ad711826f94ac79d0495141
SIMP-EN-000330,,simplification_pair,,,mild,4,8,general,medium,True,False,train,71a30436f69bec79de2e3e2eccadcd9e2a3df1b6a7136a5c08b3c2aa148922b4
SIMP-EN-000331,,simplification_pair,,,moderate,4,8,general,medium,True,False,train,f8a86f370e90f7901ed3f0c99cbb274d204e509c2efff6b005e4c1749f8852e3
SIMP-EN-000332,,simplification_pair,,,strong,4,8,general,medium,True,False,train,77a055956235dc7e974e9f92f27a242f7cdff1fb6ad711826f94ac79d0495141
SIMP-EN-000333,,simplification_pair,,,mild,4,8,general,medium,True,False,train,71a30436f69bec79de2e3e2eccadcd9e2a3df1b6a7136a5c08b3c2aa148922b4
SIMP-EN-000334,,simplification_pair,,,moderate,4,8,general,medium,True,False,train,f8a86f370e90f7901ed3f0c99cbb274d204e509c2efff6b005e4c1749f8852e3
SIMP-EN-000335,,simplification_pair,,,strong,4,8,general,medium,True,False,train,77a055956235dc7e974e9f92f27a242f7cdff1fb6ad711826f94ac79d0495141
SIMP-EN-000336,,simplification_pair,,,mild,4,8,general,medium,True,False,train,71a30436f69bec79de2e3e2eccadcd9e2a3df1b6a7136a5c08b3c2aa148922b4
SIMP-EN-000337,,simplification_pair,,,moderate,4,8,general,medium,True,False,train,f8a86f370e90f7901ed3f0c99cbb274d204e509c2efff6b005e4c1749f8852e3
SIMP-EN-000338,,simplification_pair,,,strong,4,8,general,medium,True,False,train,77a055956235dc7e974e9f92f27a242f7cdff1fb6ad711826f94ac79d0495141
SIMP-EN-000339,,simplification_pair,,,mild,4,8,general,medium,True,False,train,71a30436f69bec79de2e3e2eccadcd9e2a3df1b6a7136a5c08b3c2aa148922b4
SIMP-EN-000340,,simplification_pair,,,moderate,4,8,general,medium,True,False,train,f8a86f370e90f7901ed3f0c99cbb274d204e509c2efff6b005e4c1749f8852e3
SIMP-EN-000341,,simplification_pair,,,strong,4,8,general,medium,True,False,train,77a055956235dc7e974e9f92f27a242f7cdff1fb6ad711826f94ac79d0495141
SIMP-EN-000342,,simplification_pair,,,mild,4,8,general,medium,True,False,train,71a30436f69bec79de2e3e2eccadcd9e2a3df1b6a7136a5c08b3c2aa148922b4
SIMP-EN-000343,,simplification_pair,,,moderate,4,8,general,medium,True,False,train,f8a86f370e90f7901ed3f0c99cbb274d204e509c2efff6b005e4c1749f8852e3
SIMP-EN-000344,,simplification_pair,,,strong,4,8,general,medium,True,False,train,77a055956235dc7e974e9f92f27a242f7cdff1fb6ad711826f94ac79d0495141
SIMP-EN-000345,,simplification_pair,,,mild,4,8,general,medium,True,False,train,71a30436f69bec79de2e3e2eccadcd9e2a3df1b6a7136a5c08b3c2aa148922b4
SIMP-EN-000346,,simplification_pair,,,moderate,4,8,general,medium,True,False,train,f8a86f370e90f7901ed3f0c99cbb274d204e509c2efff6b005e4c1749f8852e3
SIMP-EN-000347,,simplification_pair,,,strong,4,8,general,medium,True,False,train,77a055956235dc7e974e9f92f27a242f7cdff1fb6ad711826f94ac79d0495141
SIMP-EN-000348,,simplification_pair,,,mild,4,8,general,medium,True,False,train,71a30436f69bec79de2e3e2eccadcd9e2a3df1b6a7136a5c08b3c2aa148922b4
SIMP-EN-000349,,simplification_pair,,,moderate,4,8,general,medium,True,False,train,f8a86f370e90f7901ed3f0c99cbb274d204e509c2efff6b005e4c1749f8852e3
SIMP-EN-000350,,simplification_pair,,,strong,4,8,general,medium,True,False,train,77a055956235dc7e974e9f92f27a242f7cdff1fb6ad711826f94ac79d0495141
SIMP-EN-000351,,simplification_pair,,,mild,4,8,general,medium,True,False,train,71a30436f69bec79de2e3e2eccadcd9e2a3df1b6a7136a5c08b3c2aa148922b4
SIMP-EN-000352,,simplification_pair,,,moderate,4,8,general,medium,True,False,train,f8a86f370e90f7901ed3f0c99cbb274d204e509c2efff6b005e4c1749f8852e3
SIMP-EN-000353,,simplification_pair,,,strong,4,8,general,medium,True,False,train,77a055956235dc7e974e9f92f27a242f7cdff1fb6ad711826f94ac79d0495141
SIMP-EN-000354,,simplification_pair,,,mild,4,8,general,medium,True,False,train,71a30436f69bec79de2e3e2eccadcd9e2a3df1b6a7136a5c08b3c2aa148922b4
SIMP-EN-000355,,simplification_pair,,,moderate,4,8,general,medium,True,False,train,f8a86f370e90f7901ed3f0c99cbb274d204e509c2efff6b005e4c1749f8852e3
SIMP-EN-000356,,simplification_pair,,,strong,4,8,general,medium,True,False,train,77a055956235dc7e974e9f92f27a242f7cdff1fb6ad711826f94ac79d0495141
SIMP-EN-000357,,simplification_pair,,,mild,4,8,general,medium,True,False,train,71a30436f69bec79de2e3e2eccadcd9e2a3df1b6a7136a5c08b3c2aa148922b4
SIMP-EN-000358,,simplification_pair,,,moderate,4,8,general,medium,True,False,train,f8a86f370e90f7901ed3f0c99cbb274d204e509c2efff6b005e4c1749f8852e3
SIMP-EN-000359,,simplification_pair,,,strong,4,8,general,medium,True,False,train,77a055956235dc7e974e9f92f27a242f7cdff1fb6ad711826f94ac79d0495141
SIMP-EN-000525,,simplification_pair,,,mild,4,8,general,medium,False,False,train,71a30436f69bec79de2e3e2eccadcd9e2a3df1b6a7136a5c08b3c2aa148922b4
SIMP-EN-000526,,simplification_pair,,,moderate,4,8,general,medium,False,False,train,f8a86f370e90f7901ed3f0c99cbb274d204e509c2efff6b005e4c1749f8852e3
SIMP-EN-000527,,simplification_pair,,,strong,4,8,general,medium,False,False,train,77a055956235dc7e974e9f92f27a242f7cdff1fb6ad711826f94ac79d0495141
SIMP-EN-000528,,simplification_pair,,,mild,4,8,general,medium,False,False,train,71a30436f69bec79de2e3e2eccadcd9e2a3df1b6a7136a5c08b3c2aa148922b4
SIMP-EN-000529,,simplification_pair,,,moderate,4,8,general,medium,False,False,train,f8a86f370e90f7901ed3f0c99cbb274d204e509c2efff6b005e4c1749f8852e3
SIMP-EN-000530,,simplification_pair,,,strong,4,8,general,medium,False,False,train,77a055956235dc7e974e9f92f27a242f7cdff1fb6ad711826f94ac79d0495141
SIMP-EN-000531,,simplification_pair,,,mild,4,8,general,medium,False,False,train,71a30436f69bec79de2e3e2eccadcd9e2a3df1b6a7136a5c08b3c2aa148922b4
SIMP-EN-000532,,simplification_pair,,,moderate,4,8,general,medium,False,False,train,f8a86f370e90f7901ed3f0c99cbb274d204e509c2efff6b005e4c1749f8852e3
SIMP-EN-000533,,simplification_pair,,,strong,4,8,general,medium,False,False,train,77a055956235dc7e974e9f92f27a242f7cdff1fb6ad711826f94ac79d0495141
SIMP-EN-000534,,simplification_pair,,,mild,4,8,general,medium,False,False,train,71a30436f69bec79de2e3e2eccadcd9e2a3df1b6a7136a5c08b3c2aa148922b4
SIMP-EN-000535,,simplification_pair,,,moderate,4,8,general,medium,False,False,train,f8a86f370e90f7901ed3f0c99cbb274d204e509c2efff6b005e4c1749f8852e3
SIMP-EN-000536,,simplification_pair,,,strong,4,8,general,medium,False,False,train,77a055956235dc7e974e9f92f27a242f7cdff1fb6ad711826f94ac79d0495141
SIMP-EN-000537,,simplification_pair,,,mild,4,8,general,medium,False,False,train,71a30436f69bec79de2e3e2eccadcd9e2a3df1b6a7136a5c08b3c2aa148922b4
SIMP-EN-000538,,simplification_pair,,,moderate,4,8,general,medium,False,False,train,f8a86f370e90f7901ed3f0c99cbb274d204e509c2efff6b005e4c1749f8852e3
SIMP-EN-000539,,simplification_pair,,,strong,4,8,general,medium,False,False,train,77a055956235dc7e974e9f92f27a242f7cdff1fb6ad711826f94ac79d0495141
SIMP-EN-000540,,simplification_pair,,,mild,4,8,general,medium,False,False,train,71a30436f69bec79de2e3e2eccadcd9e2a3df1b6a7136a5c08b3c2aa148922b4
SIMP-EN-000541,,simplification_pair,,,moderate,4,8,general,medium,False,False,train,f8a86f370e90f7901ed3f0c99cbb274d204e509c2efff6b005e4c1749f8852e3
SIMP-EN-000542,,simplification_pair,,,strong,4,8,general,medium,False,False,train,77a055956235dc7e974e9f92f27a242f7cdff1fb6ad711826f94ac79d0495141
SIMP-EN-000543,,simplification_pair,,,mild,4,8,general,medium,False,False,train,71a30436f69bec79de2e3e2eccadcd9e2a3df1b6a7136a5c08b3c2aa148922b4
SIMP-EN-000544,,simplification_pair,,,moderate,4,8,general,medium,False,False,train,f8a86f370e90f7901ed3f0c99cbb274d204e509c2efff6b005e4c1749f8852e3
SIMP-EN-000545,,simplification_pair,,,strong,4,8,general,medium,False,False,train,77a055956235dc7e974e9f92f27a242f7cdff1fb6ad711826f94ac79d0495141
SIMP-EN-000546,,simplification_pair,,,mild,4,8,general,medium,False,False,train,71a30436f69bec79de2e3e2eccadcd9e2a3df1b6a7136a5c08b3c2aa148922b4
SIMP-EN-000547,,simplification_pair,,,moderate,4,8,general,medium,False,False,train,f8a86f370e90f7901ed3f0c99cbb274d204e509c2efff6b005e4c1749f8852e3
SIMP-EN-000548,,simplification_pair,,,strong,4,8,general,medium,False,False,train,77a055956235dc7e974e9f92f27a242f7cdff1fb6ad711826f94ac79d0495141
SIMP-EN-000549,,simplification_pair,,,mild,4,8,general,medium,False,False,train,71a30436f69bec79de2e3e2eccadcd9e2a3df1b6a7136a5c08b3c2aa148922b4
SIMP-EN-000550,,simplification_pair,,,moderate,4,8,general,medium,False,False,train,f8a86f370e90f7901ed3f0c99cbb274d204e509c2efff6b005e4c1749f8852e3
SIMP-EN-000551,,simplification_pair,,,strong,4,8,general,medium,False,False,train,77a055956235dc7e974e9f92f27a242f7cdff1fb6ad711826f94ac79d0495141
SIMP-EN-000552,,simplification_pair,,,mild,4,8,general,medium,False,False,train,71a30436f69bec79de2e3e2eccadcd9e2a3df1b6a7136a5c08b3c2aa148922b4
SIMP-EN-000553,,simplification_pair,,,moderate,4,8,general,medium,False,False,train,f8a86f370e90f7901ed3f0c99cbb274d204e509c2efff6b005e4c1749f8852e3
SIMP-EN-000554,,simplification_pair,,,strong,4,8,general,medium,False,False,train,77a055956235dc7e974e9f92f27a242f7cdff1fb6ad711826f94ac79d0495141
SIMP-EN-000555,,simplification_pair,,,mild,4,8,general,medium,False,False,train,71a30436f69bec79de2e3e2eccadcd9e2a3df1b6a7136a5c08b3c2aa148922b4
SIMP-EN-000556,,simplification_pair,,,moderate,4,8,general,medium,False,False,train,f8a86f370e90f7901ed3f0c99cbb274d204e509c2efff6b005e4c1749f8852e3
SIMP-EN-000557,,simplification_pair,,,strong,4,8,general,medium,False,False,train,77a055956235dc7e974e9f92f27a242f7cdff1fb6ad711826f94ac79d0495141
SIMP-EN-000558,,simplification_pair,,,mild,4,8,general,medium,False,False,train,71a30436f69bec79de2e3e2eccadcd9e2a3df1b6a7136a5c08b3c2aa148922b4
SIMP-EN-000559,,simplification_pair,,,moderate,4,8,general,medium,False,False,train,f8a86f370e90f7901ed3f0c99cbb274d204e509c2efff6b005e4c1749f8852e3
SIMP-EN-000560,,simplification_pair,,,strong,4,8,general,medium,False,False,train,77a055956235dc7e974e9f92f27a242f7cdff1fb6ad711826f94ac79d0495141
SIMP-EN-000561,,simplification_pair,,,mild,4,8,general,medium,False,False,train,71a30436f69bec79de2e3e2eccadcd9e2a3df1b6a7136a5c08b3c2aa148922b4
SIMP-EN-000562,,simplification_pair,,,moderate,4,8,general,medium,False,False,train,f8a86f370e90f7901ed3f0c99cbb274d204e509c2efff6b005e4c1749f8852e3
SIMP-EN-000563,,simplification_pair,,,strong,4,8,general,medium,False,False,train,77a055956235dc7e974e9f92f27a242f7cdff1fb6ad711826f94ac79d0495141
SIMP-EN-000564,,simplification_pair,,,mild,4,8,general,medium,False,False,train,71a30436f69bec79de2e3e2eccadcd9e2a3df1b6a7136a5c08b3c2aa148922b4
SIMP-EN-000565,,simplification_pair,,,moderate,4,8,general,medium,False,False,train,f8a86f370e90f7901ed3f0c99cbb274d204e509c2efff6b005e4c1749f8852e3
SIMP-EN-000566,,simplification_pair,,,strong,4,8,general,medium,False,False,train,77a055956235dc7e974e9f92f27a242f7cdff1fb6ad711826f94ac79d0495141
SIMP-EN-000567,,simplification_pair,,,mild,4,8,general,medium,False,False,train,71a30436f69bec79de2e3e2eccadcd9e2a3df1b6a7136a5c08b3c2aa148922b4
SIMP-EN-000568,,simplification_pair,,,moderate,4,8,general,medium,False,False,train,f8a86f370e90f7901ed3f0c99cbb274d204e509c2efff6b005e4c1749f8852e3
SIMP-EN-000569,,simplification_pair,,,strong,4,8,general,medium,False,False,train,77a055956235dc7e974e9f92f27a242f7cdff1fb6ad711826f94ac79d0495141
SIMP-EN-000570,,simplification_pair,,,mild,4,8,general,medium,True,False,train,71a30436f69bec79de2e3e2eccadcd9e2a3df1b6a7136a5c08b3c2aa148922b4
SIMP-EN-000571,,simplification_pair,,,moderate,4,8,general,medium,True,False,train,f8a86f370e90f7901ed3f0c99cbb274d204e509c2efff6b005e4c1749f8852e3
SIMP-EN-000572,,simplification_pair,,,strong,4,8,general,medium,False,False,train,77a055956235dc7e974e9f92f27a242f7cdff1fb6ad711826f94ac79d0495141
SIMP-EN-000573,,simplification_pair,,,mild,4,8,general,medium,True,False,train,71a30436f69bec79de2e3e2eccadcd9e2a3df1b6a7136a5c08b3c2aa148922b4
SIMP-EN-000574,,simplification_pair,,,moderate,4,8,general,medium,True,False,train,f8a86f370e90f7901ed3f0c99cbb274d204e509c2efff6b005e4c1749f8852e3
SIMP-EN-000575,,simplification_pair,,,strong,4,8,general,medium,False,False,train,77a055956235dc7e974e9f92f27a242f7cdff1fb6ad711826f94ac79d0495141
SIMP-EN-000576,,simplification_pair,,,mild,4,8,general,medium,True,False,train,71a30436f69bec79de2e3e2eccadcd9e2a3df1b6a7136a5c08b3c2aa148922b4
SIMP-EN-000577,,simplification_pair,,,moderate,4,8,general,medium,True,False,train,f8a86f370e90f7901ed3f0c99cbb274d204e509c2efff6b005e4c1749f8852e3
SIMP-EN-000578,,simplification_pair,,,strong,4,8,general,medium,False,False,train,77a055956235dc7e974e9f92f27a242f7cdff1fb6ad711826f94ac79d0495141
SIMP-EN-000579,,simplification_pair,,,mild,4,8,general,medium,True,False,train,71a30436f69bec79de2e3e2eccadcd9e2a3df1b6a7136a5c08b3c2aa148922b4
SIMP-EN-000580,,simplification_pair,,,moderate,4,8,general,medium,True,False,train,f8a86f370e90f7901ed3f0c99cbb274d204e509c2efff6b005e4c1749f8852e3
SIMP-EN-000581,,simplification_pair,,,strong,4,8,general,medium,False,False,train,77a055956235dc7e974e9f92f27a242f7cdff1fb6ad711826f94ac79d0495141
SIMP-EN-000582,,simplification_pair,,,mild,4,8,general,medium,True,False,train,71a30436f69bec79de2e3e2eccadcd9e2a3df1b6a7136a5c08b3c2aa148922b4
SIMP-EN-000583,,simplification_pair,,,moderate,4,8,general,medium,True,False,train,f8a86f370e90f7901ed3f0c99cbb274d204e509c2efff6b005e4c1749f8852e3
SIMP-EN-000584,,simplification_pair,,,strong,4,8,general,medium,False,False,train,77a055956235dc7e974e9f92f27a242f7cdff1fb6ad711826f94ac79d0495141
SIMP-EN-000750,,simplification_pair,,,mild,4,8,general,medium,True,False,train,71a30436f69bec79de2e3e2eccadcd9e2a3df1b6a7136a5c08b3c2aa148922b4
SIMP-EN-000751,,simplification_pair,,,moderate,4,8,general,medium,True,False,train,f8a86f370e90f7901ed3f0c99cbb274d204e509c2efff6b005e4c1749f8852e3
SIMP-EN-000752,,simplification_pair,,,strong,4,8,general,medium,False,False,train,77a055956235dc7e974e9f92f27a242f7cdff1fb6ad711826f94ac79d0495141
SIMP-EN-000753,,simplification_pair,,,mild,4,8,general,medium,True,False,train,71a30436f69bec79de2e3e2eccadcd9e2a3df1b6a7136a5c08b3c2aa148922b4
SIMP-EN-000754,,simplification_pair,,,moderate,4,8,general,medium,True,False,train,f8a86f370e90f7901ed3f0c99cbb274d204e509c2efff6b005e4c1749f8852e3
SIMP-EN-000755,,simplification_pair,,,strong,4,8,general,medium,False,False,train,77a055956235dc7e974e9f92f27a242f7cdff1fb6ad711826f94ac79d0495141
SIMP-EN-000756,,simplification_pair,,,mild,4,8,general,medium,True,False,train,71a30436f69bec79de2e3e2eccadcd9e2a3df1b6a7136a5c08b3c2aa148922b4
SIMP-EN-000757,,simplification_pair,,,moderate,4,8,general,medium,True,False,train,f8a86f370e90f7901ed3f0c99cbb274d204e509c2efff6b005e4c1749f8852e3
SIMP-EN-000758,,simplification_pair,,,strong,4,8,general,medium,False,False,train,77a055956235dc7e974e9f92f27a242f7cdff1fb6ad711826f94ac79d0495141
SIMP-EN-000759,,simplification_pair,,,mild,4,8,general,medium,True,False,train,71a30436f69bec79de2e3e2eccadcd9e2a3df1b6a7136a5c08b3c2aa148922b4
SIMP-EN-000760,,simplification_pair,,,moderate,4,8,general,medium,False,False,train,f8a86f370e90f7901ed3f0c99cbb274d204e509c2efff6b005e4c1749f8852e3
SIMP-EN-000761,,simplification_pair,,,strong,4,8,general,medium,False,False,train,77a055956235dc7e974e9f92f27a242f7cdff1fb6ad711826f94ac79d0495141
SIMP-EN-000762,,simplification_pair,,,mild,4,8,general,medium,True,False,train,71a30436f69bec79de2e3e2eccadcd9e2a3df1b6a7136a5c08b3c2aa148922b4
SIMP-EN-000763,,simplification_pair,,,moderate,4,8,general,medium,False,False,train,f8a86f370e90f7901ed3f0c99cbb274d204e509c2efff6b005e4c1749f8852e3
SIMP-EN-000764,,simplification_pair,,,strong,4,8,general,medium,False,False,train,77a055956235dc7e974e9f92f27a242f7cdff1fb6ad711826f94ac79d0495141
SIMP-EN-000765,,simplification_pair,,,mild,4,8,general,medium,True,False,train,71a30436f69bec79de2e3e2eccadcd9e2a3df1b6a7136a5c08b3c2aa148922b4
SIMP-EN-000766,,simplification_pair,,,moderate,4,8,general,medium,True,False,train,f8a86f370e90f7901ed3f0c99cbb274d204e509c2efff6b005e4c1749f8852e3
SIMP-EN-000767,,simplification_pair,,,strong,4,8,general,medium,False,False,train,77a055956235dc7e974e9f92f27a242f7cdff1fb6ad711826f94ac79d0495141
SIMP-EN-000768,,simplification_pair,,,mild,4,8,general,medium,True,False,train,71a30436f69bec79de2e3e2eccadcd9e2a3df1b6a7136a5c08b3c2aa148922b4
SIMP-EN-000769,,simplification_pair,,,moderate,4,8,general,medium,False,False,train,f8a86f370e90f7901ed3f0c99cbb274d204e509c2efff6b005e4c1749f8852e3
SIMP-EN-000770,,simplification_pair,,,strong,4,8,general,medium,False,False,train,77a055956235dc7e974e9f92f27a242f7cdff1fb6ad711826f94ac79d0495141
SIMP-EN-000771,,simplification_pair,,,mild,4,8,general,medium,True,False,train,71a30436f69bec79de2e3e2eccadcd9e2a3df1b6a7136a5c08b3c2aa148922b4
SIMP-EN-000772,,simplification_pair,,,moderate,4,8,general,medium,False,False,train,f8a86f370e90f7901ed3f0c99cbb274d204e509c2efff6b005e4c1749f8852e3
SIMP-EN-000773,,simplification_pair,,,strong,4,8,general,medium,False,False,train,77a055956235dc7e974e9f92f27a242f7cdff1fb6ad711826f94ac79d0495141
SIMP-EN-000774,,simplification_pair,,,mild,4,8,general,medium,True,False,train,71a30436f69bec79de2e3e2eccadcd9e2a3df1b6a7136a5c08b3c2aa148922b4
SIMP-EN-000775,,simplification_pair,,,moderate,4,8,general,medium,True,False,train,f8a86f370e90f7901ed3f0c99cbb274d204e509c2efff6b005e4c1749f8852e3
SIMP-EN-000776,,simplification_pair,,,strong,4,8,general,medium,False,False,train,77a055956235dc7e974e9f92f27a242f7cdff1fb6ad711826f94ac79d0495141
SIMP-EN-000777,,simplification_pair,,,mild,4,8,general,medium,True,False,train,71a30436f69bec79de2e3e2eccadcd9e2a3df1b6a7136a5c08b3c2aa148922b4
SIMP-EN-000778,,simplification_pair,,,moderate,4,8,general,medium,False,False,train,f8a86f370e90f7901ed3f0c99cbb274d204e509c2efff6b005e4c1749f8852e3
SIMP-EN-000779,,simplification_pair,,,strong,4,8,general,medium,False,False,train,77a055956235dc7e974e9f92f27a242f7cdff1fb6ad711826f94ac79d0495141
SIMP-EN-000780,,simplification_pair,,,mild,4,8,general,medium,True,False,train,71a30436f69bec79de2e3e2eccadcd9e2a3df1b6a7136a5c08b3c2aa148922b4
SIMP-EN-000781,,simplification_pair,,,moderate,4,8,general,medium,True,False,train,f8a86f370e90f7901ed3f0c99cbb274d204e509c2efff6b005e4c1749f8852e3
SIMP-EN-000782,,simplification_pair,,,strong,4,8,general,medium,False,False,train,77a055956235dc7e974e9f92f27a242f7cdff1fb6ad711826f94ac79d0495141
SIMP-EN-000783,,simplification_pair,,,mild,4,8,general,medium,True,False,train,71a30436f69bec79de2e3e2eccadcd9e2a3df1b6a7136a5c08b3c2aa148922b4
SIMP-EN-000784,,simplification_pair,,,moderate,4,8,general,medium,True,False,train,f8a86f370e90f7901ed3f0c99cbb274d204e509c2efff6b005e4c1749f8852e3
SIMP-EN-000785,,simplification_pair,,,strong,4,8,general,medium,False,False,train,77a055956235dc7e974e9f92f27a242f7cdff1fb6ad711826f94ac79d0495141
SIMP-EN-000786,,simplification_pair,,,mild,4,8,general,medium,True,False,train,71a30436f69bec79de2e3e2eccadcd9e2a3df1b6a7136a5c08b3c2aa148922b4
SIMP-EN-000787,,simplification_pair,,,moderate,4,8,general,medium,True,False,train,f8a86f370e90f7901ed3f0c99cbb274d204e509c2efff6b005e4c1749f8852e3
SIMP-EN-000788,,simplification_pair,,,strong,4,8,general,medium,False,False,train,77a055956235dc7e974e9f92f27a242f7cdff1fb6ad711826f94ac79d0495141
SIMP-EN-000789,,simplification_pair,,,mild,4,8,general,medium,True,False,train,71a30436f69bec79de2e3e2eccadcd9e2a3df1b6a7136a5c08b3c2aa148922b4
SIMP-EN-000790,,simplification_pair,,,moderate,4,8,general,medium,False,False,train,f8a86f370e90f7901ed3f0c99cbb274d204e509c2efff6b005e4c1749f8852e3
SIMP-EN-000791,,simplification_pair,,,strong,4,8,general,medium,False,False,train,77a055956235dc7e974e9f92f27a242f7cdff1fb6ad711826f94ac79d0495141
SIMP-EN-000792,,simplification_pair,,,mild,4,8,general,medium,True,False,train,71a30436f69bec79de2e3e2eccadcd9e2a3df1b6a7136a5c08b3c2aa148922b4
SIMP-EN-000793,,simplification_pair,,,moderate,4,8,general,medium,False,False,train,f8a86f370e90f7901ed3f0c99cbb274d204e509c2efff6b005e4c1749f8852e3
SIMP-EN-000794,,simplification_pair,,,strong,4,8,general,medium,False,False,train,77a055956235dc7e974e9f92f27a242f7cdff1fb6ad711826f94ac79d0495141
SIMP-EN-000795,,simplification_pair,,,mild,4,8,general,medium,True,False,train,71a30436f69bec79de2e3e2eccadcd9e2a3df1b6a7136a5c08b3c2aa148922b4
SIMP-EN-000796,,simplification_pair,,,moderate,4,8,general,medium,True,False,train,f8a86f370e90f7901ed3f0c99cbb274d204e509c2efff6b005e4c1749f8852e3
SIMP-EN-000797,,simplification_pair,,,strong,4,8,general,medium,False,False,train,77a055956235dc7e974e9f92f27a242f7cdff1fb6ad711826f94ac79d0495141
SIMP-EN-000798,,simplification_pair,,,mild,4,8,general,medium,True,False,train,71a30436f69bec79de2e3e2eccadcd9e2a3df1b6a7136a5c08b3c2aa148922b4
SIMP-EN-000799,,simplification_pair,,,moderate,4,8,general,medium,False,False,train,f8a86f370e90f7901ed3f0c99cbb274d204e509c2efff6b005e4c1749f8852e3
SIMP-EN-000800,,simplification_pair,,,strong,4,8,general,medium,False,False,train,77a055956235dc7e974e9f92f27a242f7cdff1fb6ad711826f94ac79d0495141
SIMP-EN-000801,,simplification_pair,,,mild,4,8,general,medium,True,False,train,71a30436f69bec79de2e3e2eccadcd9e2a3df1b6a7136a5c08b3c2aa148922b4
SIMP-EN-000802,,simplification_pair,,,moderate,4,8,general,medium,False,False,train,f8a86f370e90f7901ed3f0c99cbb274d204e509c2efff6b005e4c1749f8852e3
SIMP-EN-000803,,simplification_pair,,,strong,4,8,general,medium,False,False,train,77a055956235dc7e974e9f92f27a242f7cdff1fb6ad711826f94ac79d0495141
SIMP-EN-000804,,simplification_pair,,,mild,4,8,general,medium,True,False,train,71a30436f69bec79de2e3e2eccadcd9e2a3df1b6a7136a5c08b3c2aa148922b4
SIMP-EN-000805,,simplification_pair,,,moderate,4,8,general,medium,True,False,train,f8a86f370e90f7901ed3f0c99cbb274d204e509c2efff6b005e4c1749f8852e3
SIMP-EN-000806,,simplification_pair,,,strong,4,8,general,medium,False,False,train,77a055956235dc7e974e9f92f27a242f7cdff1fb6ad711826f94ac79d0495141
SIMP-EN-000807,,simplification_pair,,,mild,4,8,general,medium,True,False,train,71a30436f69bec79de2e3e2eccadcd9e2a3df1b6a7136a5c08b3c2aa148922b4
SIMP-EN-000808,,simplification_pair,,,moderate,4,8,general,medium,False,False,train,f8a86f370e90f7901ed3f0c99cbb274d204e509c2efff6b005e4c1749f8852e3
SIMP-EN-000809,,simplification_pair,,,strong,4,8,general,medium,False,False,train,77a055956235dc7e974e9f92f27a242f7cdff1fb6ad711826f94ac79d0495141
SIMP-EN-000975,,simplification_pair,,,mild,4,8,general,medium,False,False,train,71a30436f69bec79de2e3e2eccadcd9e2a3df1b6a7136a5c08b3c2aa148922b4
SIMP-EN-000976,,simplification_pair,,,moderate,4,8,general,medium,False,False,train,f8a86f370e90f7901ed3f0c99cbb274d204e509c2efff6b005e4c1749f8852e3
SIMP-EN-000977,,simplification_pair,,,strong,4,8,general,medium,False,False,train,77a055956235dc7e974e9f92f27a242f7cdff1fb6ad711826f94ac79d0495141
SIMP-EN-000978,,simplification_pair,,,mild,4,8,general,medium,False,False,train,71a30436f69bec79de2e3e2eccadcd9e2a3df1b6a7136a5c08b3c2aa148922b4
SIMP-EN-000979,,simplification_pair,,,moderate,4,8,general,medium,False,False,train,f8a86f370e90f7901ed3f0c99cbb274d204e509c2efff6b005e4c1749f8852e3
SIMP-EN-000980,,simplification_pair,,,strong,4,8,general,medium,True,False,train,77a055956235dc7e974e9f92f27a242f7cdff1fb6ad711826f94ac79d0495141
SIMP-EN-000981,,simplification_pair,,,mild,4,8,general,medium,False,False,train,71a30436f69bec79de2e3e2eccadcd9e2a3df1b6a7136a5c08b3c2aa148922b4
SIMP-EN-000982,,simplification_pair,,,moderate,4,8,general,medium,False,False,train,f8a86f370e90f7901ed3f0c99cbb274d204e509c2efff6b005e4c1749f8852e3
SIMP-EN-000983,,simplification_pair,,,strong,4,8,general,medium,False,False,train,77a055956235dc7e974e9f92f27a242f7cdff1fb6ad711826f94ac79d0495141
SIMP-EN-000984,,simplification_pair,,,mild,4,8,general,medium,False,False,train,71a30436f69bec79de2e3e2eccadcd9e2a3df1b6a7136a5c08b3c2aa148922b4
SIMP-EN-000985,,simplification_pair,,,moderate,4,8,general,medium,False,False,train,f8a86f370e90f7901ed3f0c99cbb274d204e509c2efff6b005e4c1749f8852e3
SIMP-EN-000986,,simplification_pair,,,strong,4,8,general,medium,False,False,train,77a055956235dc7e974e9f92f27a242f7cdff1fb6ad711826f94ac79d0495141
SIMP-EN-000987,,simplification_pair,,,mild,4,8,general,medium,False,False,train,71a30436f69bec79de2e3e2eccadcd9e2a3df1b6a7136a5c08b3c2aa148922b4
SIMP-EN-000988,,simplification_pair,,,moderate,4,8,general,medium,False,False,train,f8a86f370e90f7901ed3f0c99cbb274d204e509c2efff6b005e4c1749f8852e3
SIMP-EN-000989,,simplification_pair,,,strong,4,8,general,medium,False,False,train,77a055956235dc7e974e9f92f27a242f7cdff1fb6ad711826f94ac79d0495141
SIMP-EN-000990,,simplification_pair,,,mild,4,8,general,medium,False,False,train,71a30436f69bec79de2e3e2eccadcd9e2a3df1b6a7136a5c08b3c2aa148922b4
SIMP-EN-000991,,simplification_pair,,,moderate,4,8,general,medium,False,False,train,f8a86f370e90f7901ed3f0c99cbb274d204e509c2efff6b005e4c1749f8852e3
SIMP-EN-000992,,simplification_pair,,,strong,4,8,general,medium,False,False,train,77a055956235dc7e974e9f92f27a242f7cdff1fb6ad711826f94ac79d0495141
SIMP-EN-000993,,simplification_pair,,,mild,4,8,general,medium,False,False,train,71a30436f69bec79de2e3e2eccadcd9e2a3df1b6a7136a5c08b3c2aa148922b4
SIMP-EN-000994,,simplification_pair,,,moderate,4,8,general,medium,False,False,train,f8a86f370e90f7901ed3f0c99cbb274d204e509c2efff6b005e4c1749f8852e3
SIMP-EN-000995,,simplification_pair,,,strong,4,8,general,medium,False,False,train,77a055956235dc7e974e9f92f27a242f7cdff1fb6ad711826f94ac79d0495141
SIMP-EN-000996,,simplification_pair,,,mild,4,8,general,medium,False,False,train,71a30436f69bec79de2e3e2eccadcd9e2a3df1b6a7136a5c08b3c2aa148922b4
SIMP-EN-000997,,simplification_pair,,,moderate,4,8,general,medium,False,False,train,f8a86f370e90f7901ed3f0c99cbb274d204e509c2efff6b005e4c1749f8852e3
SIMP-EN-000998,,simplification_pair,,,strong,4,8,general,medium,False,False,train,77a055956235dc7e974e9f92f27a242f7cdff1fb6ad711826f94ac79d0495141
SIMP-EN-000999,,simplification_pair,,,mild,4,8,general,medium,False,False,train,71a30436f69bec79de2e3e2eccadcd9e2a3df1b6a7136a5c08b3c2aa148922b4
SIMP-EN-001000,,simplification_pair,,,moderate,4,8,general,medium,False,False,train,f8a86f370e90f7901ed3f0c99cbb274d204e509c2efff6b005e4c1749f8852e3
SIMP-EN-001001,,simplification_pair,,,strong,4,8,general,medium,False,False,train,77a055956235dc7e974e9f92f27a242f7cdff1fb6ad711826f94ac79d0495141
SIMP-EN-001002,,simplification_pair,,,mild,4,8,general,medium,False,False,train,71a30436f69bec79de2e3e2eccadcd9e2a3df1b6a7136a5c08b3c2aa148922b4
SIMP-EN-001003,,simplification_pair,,,moderate,4,8,general,medium,False,False,train,f8a86f370e90f7901ed3f0c99cbb274d204e509c2efff6b005e4c1749f8852e3
SIMP-EN-001004,,simplification_pair,,,strong,4,8,general,medium,False,False,train,77a055956235dc7e974e9f92f27a242f7cdff1fb6ad711826f94ac79d0495141
SIMP-EN-001005,,simplification_pair,,,mild,4,8,general,medium,False,False,train,71a30436f69bec79de2e3e2eccadcd9e2a3df1b6a7136a5c08b3c2aa148922b4
SIMP-EN-001006,,simplification_pair,,,moderate,4,8,general,medium,False,False,train,f8a86f370e90f7901ed3f0c99cbb274d204e509c2efff6b005e4c1749f8852e3
SIMP-EN-001007,,simplification_pair,,,strong,4,8,general,medium,False,False,train,77a055956235dc7e974e9f92f27a242f7cdff1fb6ad711826f94ac79d0495141
SIMP-EN-001008,,simplification_pair,,,mild,4,8,general,medium,False,False,train,71a30436f69bec79de2e3e2eccadcd9e2a3df1b6a7136a5c08b3c2aa148922b4
SIMP-EN-001009,,simplification_pair,,,moderate,4,8,general,medium,False,False,train,f8a86f370e90f7901ed3f0c99cbb274d204e509c2efff6b005e4c1749f8852e3
SIMP-EN-001010,,simplification_pair,,,strong,4,8,general,medium,True,False,train,77a055956235dc7e974e9f92f27a242f7cdff1fb6ad711826f94ac79d0495141
SIMP-EN-001011,,simplification_pair,,,mild,4,8,general,medium,False,False,train,71a30436f69bec79de2e3e2eccadcd9e2a3df1b6a7136a5c08b3c2aa148922b4
SIMP-EN-001012,,simplification_pair,,,moderate,4,8,general,medium,False,False,train,f8a86f370e90f7901ed3f0c99cbb274d204e509c2efff6b005e4c1749f8852e3
SIMP-EN-001013,,simplification_pair,,,strong,4,8,general,medium,False,False,train,77a055956235dc7e974e9f92f27a242f7cdff1fb6ad711826f94ac79d0495141
SIMP-EN-001014,,simplification_pair,,,mild,4,8,general,medium,False,False,train,71a30436f69bec79de2e3e2eccadcd9e2a3df1b6a7136a5c08b3c2aa148922b4
SIMP-EN-001015,,simplification_pair,,,moderate,4,8,general,medium,False,False,train,f8a86f370e90f7901ed3f0c99cbb274d204e509c2efff6b005e4c1749f8852e3
SIMP-EN-001016,,simplification_pair,,,strong,4,8,general,medium,False,False,train,77a055956235dc7e974e9f92f27a242f7cdff1fb6ad711826f94ac79d0495141
SIMP-EN-001017,,simplification_pair,,,mild,4,8,general,medium,False,False,train,71a30436f69bec79de2e3e2eccadcd9e2a3df1b6a7136a5c08b3c2aa148922b4
SIMP-EN-001018,,simplification_pair,,,moderate,4,8,general,medium,False,False,train,f8a86f370e90f7901ed3f0c99cbb274d204e509c2efff6b005e4c1749f8852e3
SIMP-EN-001019,,simplification_pair,,,strong,4,8,general,medium,False,False,train,77a055956235dc7e974e9f92f27a242f7cdff1fb6ad711826f94ac79d0495141
SIMP-EN-001020,,simplification_pair,,,mild,4,8,general,medium,False,False,train,71a30436f69bec79de2e3e2eccadcd9e2a3df1b6a7136a5c08b3c2aa148922b4
SIMP-EN-001021,,simplification_pair,,,moderate,4,8,general,medium,False,False,train,f8a86f370e90f7901ed3f0c99cbb274d204e509c2efff6b005e4c1749f8852e3
SIMP-EN-001022,,simplification_pair,,,strong,4,8,general,medium,False,False,train,77a055956235dc7e974e9f92f27a242f7cdff1fb6ad711826f94ac79d0495141
SIMP-EN-001023,,simplification_pair,,,mild,4,8,general,medium,False,False,train,71a30436f69bec79de2e3e2eccadcd9e2a3df1b6a7136a5c08b3c2aa148922b4
SIMP-EN-001024,,simplification_pair,,,moderate,4,8,general,medium,False,False,train,f8a86f370e90f7901ed3f0c99cbb274d204e509c2efff6b005e4c1749f8852e3
SIMP-EN-001025,,simplification_pair,,,strong,4,8,general,medium,False,False,train,77a055956235dc7e974e9f92f27a242f7cdff1fb6ad711826f94ac79d0495141
SIMP-EN-001026,,simplification_pair,,,mild,4,8,general,medium,False,False,train,71a30436f69bec79de2e3e2eccadcd9e2a3df1b6a7136a5c08b3c2aa148922b4
SIMP-EN-001027,,simplification_pair,,,moderate,4,8,general,medium,False,False,train,f8a86f370e90f7901ed3f0c99cbb274d204e509c2efff6b005e4c1749f8852e3
SIMP-EN-001028,,simplification_pair,,,strong,4,8,general,medium,False,False,train,77a055956235dc7e974e9f92f27a242f7cdff1fb6ad711826f94ac79d0495141
SIMP-EN-001029,,simplification_pair,,,mild,4,8,general,medium,False,False,train,71a30436f69bec79de2e3e2eccadcd9e2a3df1b6a7136a5c08b3c2aa148922b4
SIMP-EN-001030,,simplification_pair,,,moderate,4,8,general,medium,False,False,train,f8a86f370e90f7901ed3f0c99cbb274d204e509c2efff6b005e4c1749f8852e3
SIMP-EN-001031,,simplification_pair,,,strong,4,8,general,medium,False,False,train,77a055956235dc7e974e9f92f27a242f7cdff1fb6ad711826f94ac79d0495141
SIMP-EN-001032,,simplification_pair,,,mild,4,8,general,medium,False,False,train,71a30436f69bec79de2e3e2eccadcd9e2a3df1b6a7136a5c08b3c2aa148922b4
SIMP-EN-001033,,simplification_pair,,,moderate,4,8,general,medium,False,False,train,f8a86f370e90f7901ed3f0c99cbb274d204e509c2efff6b005e4c1749f8852e3
SIMP-EN-001034,,simplification_pair,,,strong,4,8,general,medium,False,False,train,77a055956235dc7e974e9f92f27a242f7cdff1fb6ad711826f94ac79d0495141
SIMP-EN-000360,,simplification_pair,,,mild,4,8,general,medium,True,False,train,71a30436f69bec79de2e3e2eccadcd9e2a3df1b6a7136a5c08b3c2aa148922b4
SIMP-EN-000361,,simplification_pair,,,moderate,4,8,general,medium,False,False,train,f8a86f370e90f7901ed3f0c99cbb274d204e509c2efff6b005e4c1749f8852e3
SIMP-EN-000362,,simplification_pair,,,strong,4,8,general,medium,False,False,train,77a055956235dc7e974e9f92f27a242f7cdff1fb6ad711826f94ac79d0495141
SIMP-EN-000363,,simplification_pair,,,mild,4,8,general,medium,True,False,train,71a30436f69bec79de2e3e2eccadcd9e2a3df1b6a7136a5c08b3c2aa148922b4
SIMP-EN-000364,,simplification_pair,,,moderate,4,8,general,medium,False,False,train,f8a86f370e90f7901ed3f0c99cbb274d204e509c2efff6b005e4c1749f8852e3
SIMP-EN-000365,,simplification_pair,,,strong,4,8,general,medium,False,False,train,77a055956235dc7e974e9f92f27a242f7cdff1fb6ad711826f94ac79d0495141
SIMP-EN-000366,,simplification_pair,,,mild,4,8,general,medium,True,False,train,71a30436f69bec79de2e3e2eccadcd9e2a3df1b6a7136a5c08b3c2aa148922b4
SIMP-EN-000367,,simplification_pair,,,moderate,4,8,general,medium,False,False,train,f8a86f370e90f7901ed3f0c99cbb274d204e509c2efff6b005e4c1749f8852e3
SIMP-EN-000368,,simplification_pair,,,strong,4,8,general,medium,False,False,train,77a055956235dc7e974e9f92f27a242f7cdff1fb6ad711826f94ac79d0495141
SIMP-EN-000369,,simplification_pair,,,mild,4,8,general,medium,True,False,train,71a30436f69bec79de2e3e2eccadcd9e2a3df1b6a7136a5c08b3c2aa148922b4
SIMP-EN-000370,,simplification_pair,,,moderate,4,8,general,medium,False,False,train,f8a86f370e90f7901ed3f0c99cbb274d204e509c2efff6b005e4c1749f8852e3
SIMP-EN-000371,,simplification_pair,,,strong,4,8,general,medium,False,False,train,77a055956235dc7e974e9f92f27a242f7cdff1fb6ad711826f94ac79d0495141
SIMP-EN-000372,,simplification_pair,,,mild,4,8,general,medium,True,False,train,71a30436f69bec79de2e3e2eccadcd9e2a3df1b6a7136a5c08b3c2aa148922b4
SIMP-EN-000373,,simplification_pair,,,moderate,4,8,general,medium,False,False,train,f8a86f370e90f7901ed3f0c99cbb274d204e509c2efff6b005e4c1749f8852e3
SIMP-EN-000374,,simplification_pair,,,strong,4,8,general,medium,False,False,train,77a055956235dc7e974e9f92f27a242f7cdff1fb6ad711826f94ac79d0495141
SIMP-EN-000375,,simplification_pair,,,mild,4,8,general,medium,True,False,train,71a30436f69bec79de2e3e2eccadcd9e2a3df1b6a7136a5c08b3c2aa148922b4
SIMP-EN-000376,,simplification_pair,,,moderate,4,8,general,medium,False,False,train,f8a86f370e90f7901ed3f0c99cbb274d204e509c2efff6b005e4c1749f8852e3
SIMP-EN-000377,,simplification_pair,,,strong,4,8,general,medium,False,False,train,77a055956235dc7e974e9f92f27a242f7cdff1fb6ad711826f94ac79d0495141
SIMP-EN-000378,,simplification_pair,,,mild,4,8,general,medium,True,False,train,71a30436f69bec79de2e3e2eccadcd9e2a3df1b6a7136a5c08b3c2aa148922b4
SIMP-EN-000379,,simplification_pair,,,moderate,4,8,general,medium,False,False,train,f8a86f370e90f7901ed3f0c99cbb274d204e509c2efff6b005e4c1749f8852e3
SIMP-EN-000380,,simplification_pair,,,strong,4,8,general,medium,False,False,train,77a055956235dc7e974e9f92f27a242f7cdff1fb6ad711826f94ac79d0495141
SIMP-EN-000381,,simplification_pair,,,mild,4,8,general,medium,True,False,train,71a30436f69bec79de2e3e2eccadcd9e2a3df1b6a7136a5c08b3c2aa148922b4
SIMP-EN-000382,,simplification_pair,,,moderate,4,8,general,medium,False,False,train,f8a86f370e90f7901ed3f0c99cbb274d204e509c2efff6b005e4c1749f8852e3
SIMP-EN-000383,,simplification_pair,,,strong,4,8,general,medium,False,False,train,77a055956235dc7e974e9f92f27a242f7cdff1fb6ad711826f94ac79d0495141
SIMP-EN-000384,,simplification_pair,,,mild,4,8,general,medium,True,False,train,71a30436f69bec79de2e3e2eccadcd9e2a3df1b6a7136a5c08b3c2aa148922b4
SIMP-EN-000385,,simplification_pair,,,moderate,4,8,general,medium,False,False,train,f8a86f370e90f7901ed3f0c99cbb274d204e509c2efff6b005e4c1749f8852e3
SIMP-EN-000386,,simplification_pair,,,strong,4,8,general,medium,False,False,train,77a055956235dc7e974e9f92f27a242f7cdff1fb6ad711826f94ac79d0495141
SIMP-EN-000387,,simplification_pair,,,mild,4,8,general,medium,True,False,train,71a30436f69bec79de2e3e2eccadcd9e2a3df1b6a7136a5c08b3c2aa148922b4
SIMP-EN-000388,,simplification_pair,,,moderate,4,8,general,medium,False,False,train,f8a86f370e90f7901ed3f0c99cbb274d204e509c2efff6b005e4c1749f8852e3
SIMP-EN-000389,,simplification_pair,,,strong,4,8,general,medium,False,False,train,77a055956235dc7e974e9f92f27a242f7cdff1fb6ad711826f94ac79d0495141
SIMP-EN-000390,,simplification_pair,,,mild,4,8,general,medium,True,False,train,71a30436f69bec79de2e3e2eccadcd9e2a3df1b6a7136a5c08b3c2aa148922b4
SIMP-EN-000391,,simplification_pair,,,moderate,4,8,general,medium,False,False,train,f8a86f370e90f7901ed3f0c99cbb274d204e509c2efff6b005e4c1749f8852e3
SIMP-EN-000392,,simplification_pair,,,strong,4,8,general,medium,False,False,train,77a055956235dc7e974e9f92f27a242f7cdff1fb6ad711826f94ac79d0495141
SIMP-EN-000393,,simplification_pair,,,mild,4,8,general,medium,True,False,train,71a30436f69bec79de2e3e2eccadcd9e2a3df1b6a7136a5c08b3c2aa148922b4
SIMP-EN-000394,,simplification_pair,,,moderate,4,8,general,medium,False,False,train,f8a86f370e90f7901ed3f0c99cbb274d204e509c2efff6b005e4c1749f8852e3
SIMP-EN-000395,,simplification_pair,,,strong,4,8,general,medium,False,False,train,77a055956235dc7e974e9f92f27a242f7cdff1fb6ad711826f94ac79d0495141
SIMP-EN-000396,,simplification_pair,,,mild,4,8,general,medium,True,False,train,71a30436f69bec79de2e3e2eccadcd9e2a3df1b6a7136a5c08b3c2aa148922b4
SIMP-EN-000397,,simplification_pair,,,moderate,4,8,general,medium,False,False,train,f8a86f370e90f7901ed3f0c99cbb274d204e509c2efff6b005e4c1749f8852e3
SIMP-EN-000398,,simplification_pair,,,strong,4,8,general,medium,False,False,train,77a055956235dc7e974e9f92f27a242f7cdff1fb6ad711826f94ac79d0495141
SIMP-EN-000399,,simplification_pair,,,mild,4,8,general,medium,True,False,train,71a30436f69bec79de2e3e2eccadcd9e2a3df1b6a7136a5c08b3c2aa148922b4
SIMP-EN-000400,,simplification_pair,,,moderate,4,8,general,medium,False,False,train,f8a86f370e90f7901ed3f0c99cbb274d204e509c2efff6b005e4c1749f8852e3
SIMP-EN-000401,,simplification_pair,,,strong,4,8,general,medium,False,False,train,77a055956235dc7e974e9f92f27a242f7cdff1fb6ad711826f94ac79d0495141
SIMP-EN-000402,,simplification_pair,,,mild,4,8,general,medium,True,False,train,71a30436f69bec79de2e3e2eccadcd9e2a3df1b6a7136a5c08b3c2aa148922b4
SIMP-EN-000403,,simplification_pair,,,moderate,4,8,general,medium,False,False,train,f8a86f370e90f7901ed3f0c99cbb274d204e509c2efff6b005e4c1749f8852e3
SIMP-EN-000404,,simplification_pair,,,strong,4,8,general,medium,False,False,train,77a055956235dc7e974e9f92f27a242f7cdff1fb6ad711826f94ac79d0495141
SIMP-EN-000585,,simplification_pair,,,mild,4,8,general,medium,True,False,train,71a30436f69bec79de2e3e2eccadcd9e2a3df1b6a7136a5c08b3c2aa148922b4
SIMP-EN-000586,,simplification_pair,,,moderate,4,8,general,medium,True,False,train,f8a86f370e90f7901ed3f0c99cbb274d204e509c2efff6b005e4c1749f8852e3
SIMP-EN-000587,,simplification_pair,,,strong,4,8,general,medium,False,False,train,77a055956235dc7e974e9f92f27a242f7cdff1fb6ad711826f94ac79d0495141
SIMP-EN-000588,,simplification_pair,,,mild,4,8,general,medium,True,False,train,71a30436f69bec79de2e3e2eccadcd9e2a3df1b6a7136a5c08b3c2aa148922b4
SIMP-EN-000589,,simplification_pair,,,moderate,4,8,general,medium,True,False,train,f8a86f370e90f7901ed3f0c99cbb274d204e509c2efff6b005e4c1749f8852e3
SIMP-EN-000590,,simplification_pair,,,strong,4,8,general,medium,False,False,train,77a055956235dc7e974e9f92f27a242f7cdff1fb6ad711826f94ac79d0495141
SIMP-EN-000591,,simplification_pair,,,mild,4,8,general,medium,True,False,train,71a30436f69bec79de2e3e2eccadcd9e2a3df1b6a7136a5c08b3c2aa148922b4
SIMP-EN-000592,,simplification_pair,,,moderate,4,8,general,medium,True,False,train,f8a86f370e90f7901ed3f0c99cbb274d204e509c2efff6b005e4c1749f8852e3
SIMP-EN-000593,,simplification_pair,,,strong,4,8,general,medium,False,False,train,77a055956235dc7e974e9f92f27a242f7cdff1fb6ad711826f94ac79d0495141
SIMP-EN-000594,,simplification_pair,,,mild,4,8,general,medium,True,False,train,71a30436f69bec79de2e3e2eccadcd9e2a3df1b6a7136a5c08b3c2aa148922b4
SIMP-EN-000595,,simplification_pair,,,moderate,4,8,general,medium,True,False,train,f8a86f370e90f7901ed3f0c99cbb274d204e509c2efff6b005e4c1749f8852e3
SIMP-EN-000596,,simplification_pair,,,strong,4,8,general,medium,False,False,train,77a055956235dc7e974e9f92f27a242f7cdff1fb6ad711826f94ac79d0495141
SIMP-EN-000597,,simplification_pair,,,mild,4,8,general,medium,True,False,train,71a30436f69bec79de2e3e2eccadcd9e2a3df1b6a7136a5c08b3c2aa148922b4
SIMP-EN-000598,,simplification_pair,,,moderate,4,8,general,medium,True,False,train,f8a86f370e90f7901ed3f0c99cbb274d204e509c2efff6b005e4c1749f8852e3
SIMP-EN-000599,,simplification_pair,,,strong,4,8,general,medium,False,False,train,77a055956235dc7e974e9f92f27a242f7cdff1fb6ad711826f94ac79d0495141
SIMP-EN-000600,,simplification_pair,,,mild,4,8,general,medium,True,False,train,71a30436f69bec79de2e3e2eccadcd9e2a3df1b6a7136a5c08b3c2aa148922b4
SIMP-EN-000601,,simplification_pair,,,moderate,4,8,general,medium,True,False,train,f8a86f370e90f7901ed3f0c99cbb274d204e509c2efff6b005e4c1749f8852e3
SIMP-EN-000602,,simplification_pair,,,strong,4,8,general,medium,False,False,train,77a055956235dc7e974e9f92f27a242f7cdff1fb6ad711826f94ac79d0495141
SIMP-EN-000603,,simplification_pair,,,mild,4,8,general,medium,True,False,train,71a30436f69bec79de2e3e2eccadcd9e2a3df1b6a7136a5c08b3c2aa148922b4
SIMP-EN-000604,,simplification_pair,,,moderate,4,8,general,medium,True,False,train,f8a86f370e90f7901ed3f0c99cbb274d204e509c2efff6b005e4c1749f8852e3
SIMP-EN-000605,,simplification_pair,,,strong,4,8,general,medium,False,False,train,77a055956235dc7e974e9f92f27a242f7cdff1fb6ad711826f94ac79d0495141
SIMP-EN-000606,,simplification_pair,,,mild,4,8,general,medium,True,False,train,71a30436f69bec79de2e3e2eccadcd9e2a3df1b6a7136a5c08b3c2aa148922b4
SIMP-EN-000607,,simplification_pair,,,moderate,4,8,general,medium,True,False,train,f8a86f370e90f7901ed3f0c99cbb274d204e509c2efff6b005e4c1749f8852e3
SIMP-EN-000608,,simplification_pair,,,strong,4,8,general,medium,False,False,train,77a055956235dc7e974e9f92f27a242f7cdff1fb6ad711826f94ac79d0495141
SIMP-EN-000609,,simplification_pair,,,mild,4,8,general,medium,True,False,train,71a30436f69bec79de2e3e2eccadcd9e2a3df1b6a7136a5c08b3c2aa148922b4
SIMP-EN-000610,,simplification_pair,,,moderate,4,8,general,medium,True,False,train,f8a86f370e90f7901ed3f0c99cbb274d204e509c2efff6b005e4c1749f8852e3
SIMP-EN-000611,,simplification_pair,,,strong,4,8,general,medium,False,False,train,77a055956235dc7e974e9f92f27a242f7cdff1fb6ad711826f94ac79d0495141
SIMP-EN-000612,,simplification_pair,,,mild,4,8,general,medium,True,False,train,71a30436f69bec79de2e3e2eccadcd9e2a3df1b6a7136a5c08b3c2aa148922b4
SIMP-EN-000613,,simplification_pair,,,moderate,4,8,general,medium,True,False,train,f8a86f370e90f7901ed3f0c99cbb274d204e509c2efff6b005e4c1749f8852e3
SIMP-EN-000614,,simplification_pair,,,strong,4,8,general,medium,False,False,train,77a055956235dc7e974e9f92f27a242f7cdff1fb6ad711826f94ac79d0495141
SIMP-EN-000615,,simplification_pair,,,mild,4,8,general,medium,False,False,train,71a30436f69bec79de2e3e2eccadcd9e2a3df1b6a7136a5c08b3c2aa148922b4
SIMP-EN-000616,,simplification_pair,,,moderate,4,8,general,medium,True,False,train,f8a86f370e90f7901ed3f0c99cbb274d204e509c2efff6b005e4c1749f8852e3
SIMP-EN-000617,,simplification_pair,,,strong,4,8,general,medium,True,False,train,77a055956235dc7e974e9f92f27a242f7cdff1fb6ad711826f94ac79d0495141
SIMP-EN-000618,,simplification_pair,,,mild,4,8,general,medium,False,False,train,71a30436f69bec79de2e3e2eccadcd9e2a3df1b6a7136a5c08b3c2aa148922b4
SIMP-EN-000619,,simplification_pair,,,moderate,4,8,general,medium,True,False,train,f8a86f370e90f7901ed3f0c99cbb274d204e509c2efff6b005e4c1749f8852e3
SIMP-EN-000620,,simplification_pair,,,strong,4,8,general,medium,True,False,train,77a055956235dc7e974e9f92f27a242f7cdff1fb6ad711826f94ac79d0495141
SIMP-EN-000621,,simplification_pair,,,mild,4,8,general,medium,False,False,train,71a30436f69bec79de2e3e2eccadcd9e2a3df1b6a7136a5c08b3c2aa148922b4
SIMP-EN-000622,,simplification_pair,,,moderate,4,8,general,medium,True,False,train,f8a86f370e90f7901ed3f0c99cbb274d204e509c2efff6b005e4c1749f8852e3
SIMP-EN-000623,,simplification_pair,,,strong,4,8,general,medium,True,False,train,77a055956235dc7e974e9f92f27a242f7cdff1fb6ad711826f94ac79d0495141
SIMP-EN-000624,,simplification_pair,,,mild,4,8,general,medium,False,False,train,71a30436f69bec79de2e3e2eccadcd9e2a3df1b6a7136a5c08b3c2aa148922b4
SIMP-EN-000625,,simplification_pair,,,moderate,4,8,general,medium,True,False,train,f8a86f370e90f7901ed3f0c99cbb274d204e509c2efff6b005e4c1749f8852e3
SIMP-EN-000626,,simplification_pair,,,strong,4,8,general,medium,True,False,train,77a055956235dc7e974e9f92f27a242f7cdff1fb6ad711826f94ac79d0495141
SIMP-EN-000627,,simplification_pair,,,mild,4,8,general,medium,False,False,train,71a30436f69bec79de2e3e2eccadcd9e2a3df1b6a7136a5c08b3c2aa148922b4
SIMP-EN-000628,,simplification_pair,,,moderate,4,8,general,medium,True,False,train,f8a86f370e90f7901ed3f0c99cbb274d204e509c2efff6b005e4c1749f8852e3
SIMP-EN-000629,,simplification_pair,,,strong,4,8,general,medium,True,False,train,77a055956235dc7e974e9f92f27a242f7cdff1fb6ad711826f94ac79d0495141
SIMP-EN-000810,,simplification_pair,,,mild,4,8,general,medium,True,False,train,71a30436f69bec79de2e3e2eccadcd9e2a3df1b6a7136a5c08b3c2aa148922b4
SIMP-EN-000811,,simplification_pair,,,moderate,4,8,general,medium,True,False,train,f8a86f370e90f7901ed3f0c99cbb274d204e509c2efff6b005e4c1749f8852e3
SIMP-EN-000812,,simplification_pair,,,strong,4,8,general,medium,False,False,train,77a055956235dc7e974e9f92f27a242f7cdff1fb6ad711826f94ac79d0495141
SIMP-EN-000813,,simplification_pair,,,mild,4,8,general,medium,True,False,train,71a30436f69bec79de2e3e2eccadcd9e2a3df1b6a7136a5c08b3c2aa148922b4
SIMP-EN-000814,,simplification_pair,,,moderate,4,8,general,medium,True,False,train,f8a86f370e90f7901ed3f0c99cbb274d204e509c2efff6b005e4c1749f8852e3
SIMP-EN-000815,,simplification_pair,,,strong,4,8,general,medium,False,False,train,77a055956235dc7e974e9f92f27a242f7cdff1fb6ad711826f94ac79d0495141
SIMP-EN-000816,,simplification_pair,,,mild,4,8,general,medium,True,False,train,71a30436f69bec79de2e3e2eccadcd9e2a3df1b6a7136a5c08b3c2aa148922b4
SIMP-EN-000817,,simplification_pair,,,moderate,4,8,general,medium,True,False,train,f8a86f370e90f7901ed3f0c99cbb274d204e509c2efff6b005e4c1749f8852e3
SIMP-EN-000818,,simplification_pair,,,strong,4,8,general,medium,False,False,train,77a055956235dc7e974e9f92f27a242f7cdff1fb6ad711826f94ac79d0495141
SIMP-EN-000819,,simplification_pair,,,mild,4,8,general,medium,True,False,train,71a30436f69bec79de2e3e2eccadcd9e2a3df1b6a7136a5c08b3c2aa148922b4
SIMP-EN-000820,,simplification_pair,,,moderate,4,8,general,medium,False,False,train,f8a86f370e90f7901ed3f0c99cbb274d204e509c2efff6b005e4c1749f8852e3
SIMP-EN-000821,,simplification_pair,,,strong,4,8,general,medium,False,False,train,77a055956235dc7e974e9f92f27a242f7cdff1fb6ad711826f94ac79d0495141
SIMP-EN-000822,,simplification_pair,,,mild,4,8,general,medium,True,False,train,71a30436f69bec79de2e3e2eccadcd9e2a3df1b6a7136a5c08b3c2aa148922b4
SIMP-EN-000823,,simplification_pair,,,moderate,4,8,general,medium,False,False,train,f8a86f370e90f7901ed3f0c99cbb274d204e509c2efff6b005e4c1749f8852e3
SIMP-EN-000824,,simplification_pair,,,strong,4,8,general,medium,False,False,train,77a055956235dc7e974e9f92f27a242f7cdff1fb6ad711826f94ac79d0495141
SIMP-EN-000825,,simplification_pair,,,mild,4,8,general,medium,True,False,train,71a30436f69bec79de2e3e2eccadcd9e2a3df1b6a7136a5c08b3c2aa148922b4
SIMP-EN-000826,,simplification_pair,,,moderate,4,8,general,medium,True,False,train,f8a86f370e90f7901ed3f0c99cbb274d204e509c2efff6b005e4c1749f8852e3
SIMP-EN-000827,,simplification_pair,,,strong,4,8,general,medium,False,False,train,77a055956235dc7e974e9f92f27a242f7cdff1fb6ad711826f94ac79d0495141
SIMP-EN-000828,,simplification_pair,,,mild,4,8,general,medium,True,False,train,71a30436f69bec79de2e3e2eccadcd9e2a3df1b6a7136a5c08b3c2aa148922b4
SIMP-EN-000829,,simplification_pair,,,moderate,4,8,general,medium,False,False,train,f8a86f370e90f7901ed3f0c99cbb274d204e509c2efff6b005e4c1749f8852e3
SIMP-EN-000830,,simplification_pair,,,strong,4,8,general,medium,False,False,train,77a055956235dc7e974e9f92f27a242f7cdff1fb6ad711826f94ac79d0495141
SIMP-EN-000831,,simplification_pair,,,mild,4,8,general,medium,True,False,train,71a30436f69bec79de2e3e2eccadcd9e2a3df1b6a7136a5c08b3c2aa148922b4
SIMP-EN-000832,,simplification_pair,,,moderate,4,8,general,medium,False,False,train,f8a86f370e90f7901ed3f0c99cbb274d204e509c2efff6b005e4c1749f8852e3
SIMP-EN-000833,,simplification_pair,,,strong,4,8,general,medium,False,False,train,77a055956235dc7e974e9f92f27a242f7cdff1fb6ad711826f94ac79d0495141
SIMP-EN-000834,,simplification_pair,,,mild,4,8,general,medium,True,False,train,71a30436f69bec79de2e3e2eccadcd9e2a3df1b6a7136a5c08b3c2aa148922b4
SIMP-EN-000835,,simplification_pair,,,moderate,4,8,general,medium,True,False,train,f8a86f370e90f7901ed3f0c99cbb274d204e509c2efff6b005e4c1749f8852e3
SIMP-EN-000836,,simplification_pair,,,strong,4,8,general,medium,False,False,train,77a055956235dc7e974e9f92f27a242f7cdff1fb6ad711826f94ac79d0495141
SIMP-EN-000837,,simplification_pair,,,mild,4,8,general,medium,True,False,train,71a30436f69bec79de2e3e2eccadcd9e2a3df1b6a7136a5c08b3c2aa148922b4
SIMP-EN-000838,,simplification_pair,,,moderate,4,8,general,medium,False,False,train,f8a86f370e90f7901ed3f0c99cbb274d204e509c2efff6b005e4c1749f8852e3
SIMP-EN-000839,,simplification_pair,,,strong,4,8,general,medium,False,False,train,77a055956235dc7e974e9f92f27a242f7cdff1fb6ad711826f94ac79d0495141
SIMP-EN-001035,,simplification_pair,,,mild,4,8,general,medium,False,False,train,71a30436f69bec79de2e3e2eccadcd9e2a3df1b6a7136a5c08b3c2aa148922b4
SIMP-EN-001036,,simplification_pair,,,moderate,4,8,general,medium,False,False,train,f8a86f370e90f7901ed3f0c99cbb274d204e509c2efff6b005e4c1749f8852e3
SIMP-EN-001037,,simplification_pair,,,strong,4,8,general,medium,False,False,train,77a055956235dc7e974e9f92f27a242f7cdff1fb6ad711826f94ac79d0495141
SIMP-EN-001038,,simplification_pair,,,mild,4,8,general,medium,False,False,train,71a30436f69bec79de2e3e2eccadcd9e2a3df1b6a7136a5c08b3c2aa148922b4
SIMP-EN-001039,,simplification_pair,,,moderate,4,8,general,medium,False,False,train,f8a86f370e90f7901ed3f0c99cbb274d204e509c2efff6b005e4c1749f8852e3
SIMP-EN-001040,,simplification_pair,,,strong,4,8,general,medium,True,False,train,77a055956235dc7e974e9f92f27a242f7cdff1fb6ad711826f94ac79d0495141
SIMP-EN-001041,,simplification_pair,,,mild,4,8,general,medium,False,False,train,71a30436f69bec79de2e3e2eccadcd9e2a3df1b6a7136a5c08b3c2aa148922b4
SIMP-EN-001042,,simplification_pair,,,moderate,4,8,general,medium,False,False,train,f8a86f370e90f7901ed3f0c99cbb274d204e509c2efff6b005e4c1749f8852e3
SIMP-EN-001043,,simplification_pair,,,strong,4,8,general,medium,False,False,train,77a055956235dc7e974e9f92f27a242f7cdff1fb6ad711826f94ac79d0495141
SIMP-EN-001044,,simplification_pair,,,mild,4,8,general,medium,False,False,train,71a30436f69bec79de2e3e2eccadcd9e2a3df1b6a7136a5c08b3c2aa148922b4
SIMP-EN-001045,,simplification_pair,,,moderate,4,8,general,medium,False,False,train,f8a86f370e90f7901ed3f0c99cbb274d204e509c2efff6b005e4c1749f8852e3
SIMP-EN-001046,,simplification_pair,,,strong,4,8,general,medium,False,False,train,77a055956235dc7e974e9f92f27a242f7cdff1fb6ad711826f94ac79d0495141
SIMP-EN-001047,,simplification_pair,,,mild,4,8,general,medium,False,False,train,71a30436f69bec79de2e3e2eccadcd9e2a3df1b6a7136a5c08b3c2aa148922b4
SIMP-EN-001048,,simplification_pair,,,moderate,4,8,general,medium,False,False,train,f8a86f370e90f7901ed3f0c99cbb274d204e509c2efff6b005e4c1749f8852e3
SIMP-EN-001049,,simplification_pair,,,strong,4,8,general,medium,False,False,train,77a055956235dc7e974e9f92f27a242f7cdff1fb6ad711826f94ac79d0495141
SIMP-EN-001050,,simplification_pair,,,mild,4,8,general,medium,False,False,train,71a30436f69bec79de2e3e2eccadcd9e2a3df1b6a7136a5c08b3c2aa148922b4
SIMP-EN-001051,,simplification_pair,,,moderate,4,8,general,medium,False,False,train,f8a86f370e90f7901ed3f0c99cbb274d204e509c2efff6b005e4c1749f8852e3
SIMP-EN-001052,,simplification_pair,,,strong,4,8,general,medium,False,False,train,77a055956235dc7e974e9f92f27a242f7cdff1fb6ad711826f94ac79d0495141
SIMP-EN-001053,,simplification_pair,,,mild,4,8,general,medium,False,False,train,71a30436f69bec79de2e3e2eccadcd9e2a3df1b6a7136a5c08b3c2aa148922b4
SIMP-EN-001054,,simplification_pair,,,moderate,4,8,general,medium,False,False,train,f8a86f370e90f7901ed3f0c99cbb274d204e509c2efff6b005e4c1749f8852e3
SIMP-EN-001055,,simplification_pair,,,strong,4,8,general,medium,False,False,train,77a055956235dc7e974e9f92f27a242f7cdff1fb6ad711826f94ac79d0495141
SIMP-EN-001056,,simplification_pair,,,mild,4,8,general,medium,False,False,train,71a30436f69bec79de2e3e2eccadcd9e2a3df1b6a7136a5c08b3c2aa148922b4
SIMP-EN-001057,,simplification_pair,,,moderate,4,8,general,medium,False,False,train,f8a86f370e90f7901ed3f0c99cbb274d204e509c2efff6b005e4c1749f8852e3
SIMP-EN-001058,,simplification_pair,,,strong,4,8,general,medium,False,False,train,77a055956235dc7e974e9f92f27a242f7cdff1fb6ad711826f94ac79d0495141
SIMP-EN-001059,,simplification_pair,,,mild,4,8,general,medium,False,False,train,71a30436f69bec79de2e3e2eccadcd9e2a3df1b6a7136a5c08b3c2aa148922b4
SIMP-EN-001060,,simplification_pair,,,moderate,4,8,general,medium,False,False,train,f8a86f370e90f7901ed3f0c99cbb274d204e509c2efff6b005e4c1749f8852e3
SIMP-EN-001061,,simplification_pair,,,strong,4,8,general,medium,False,False,train,77a055956235dc7e974e9f92f27a242f7cdff1fb6ad711826f94ac79d0495141
SIMP-EN-001062,,simplification_pair,,,mild,4,8,general,medium,False,False,train,71a30436f69bec79de2e3e2eccadcd9e2a3df1b6a7136a5c08b3c2aa148922b4
SIMP-EN-001063,,simplification_pair,,,moderate,4,8,general,medium,False,False,train,f8a86f370e90f7901ed3f0c99cbb274d204e509c2efff6b005e4c1749f8852e3
SIMP-EN-001064,,simplification_pair,,,strong,4,8,general,medium,False,False,train,77a055956235dc7e974e9f92f27a242f7cdff1fb6ad711826f94ac79d0495141
SIMP-EN-000405,,simplification_pair,,,mild,4,8,general,medium,False,False,train,71a30436f69bec79de2e3e2eccadcd9e2a3df1b6a7136a5c08b3c2aa148922b4
SIMP-EN-000406,,simplification_pair,,,moderate,4,8,general,medium,True,False,train,f8a86f370e90f7901ed3f0c99cbb274d204e509c2efff6b005e4c1749f8852e3
SIMP-EN-000407,,simplification_pair,,,strong,4,8,general,medium,False,False,train,77a055956235dc7e974e9f92f27a242f7cdff1fb6ad711826f94ac79d0495141
SIMP-EN-000408,,simplification_pair,,,mild,4,8,general,medium,False,False,train,71a30436f69bec79de2e3e2eccadcd9e2a3df1b6a7136a5c08b3c2aa148922b4
SIMP-EN-000409,,simplification_pair,,,moderate,4,8,general,medium,True,False,train,f8a86f370e90f7901ed3f0c99cbb274d204e509c2efff6b005e4c1749f8852e3
SIMP-EN-000410,,simplification_pair,,,strong,4,8,general,medium,False,False,train,77a055956235dc7e974e9f92f27a242f7cdff1fb6ad711826f94ac79d0495141
SIMP-EN-000411,,simplification_pair,,,mild,4,8,general,medium,False,False,train,71a30436f69bec79de2e3e2eccadcd9e2a3df1b6a7136a5c08b3c2aa148922b4
SIMP-EN-000412,,simplification_pair,,,moderate,4,8,general,medium,True,False,train,f8a86f370e90f7901ed3f0c99cbb274d204e509c2efff6b005e4c1749f8852e3
SIMP-EN-000413,,simplification_pair,,,strong,4,8,general,medium,False,False,train,77a055956235dc7e974e9f92f27a242f7cdff1fb6ad711826f94ac79d0495141
SIMP-EN-000414,,simplification_pair,,,mild,4,8,general,medium,False,False,train,71a30436f69bec79de2e3e2eccadcd9e2a3df1b6a7136a5c08b3c2aa148922b4
SIMP-EN-000415,,simplification_pair,,,moderate,4,8,general,medium,True,False,train,f8a86f370e90f7901ed3f0c99cbb274d204e509c2efff6b005e4c1749f8852e3
SIMP-EN-000416,,simplification_pair,,,strong,4,8,general,medium,False,False,train,77a055956235dc7e974e9f92f27a242f7cdff1fb6ad711826f94ac79d0495141
SIMP-EN-000417,,simplification_pair,,,mild,4,8,general,medium,False,False,train,71a30436f69bec79de2e3e2eccadcd9e2a3df1b6a7136a5c08b3c2aa148922b4
SIMP-EN-000418,,simplification_pair,,,moderate,4,8,general,medium,True,False,train,f8a86f370e90f7901ed3f0c99cbb274d204e509c2efff6b005e4c1749f8852e3
SIMP-EN-000419,,simplification_pair,,,strong,4,8,general,medium,False,False,train,77a055956235dc7e974e9f92f27a242f7cdff1fb6ad711826f94ac79d0495141
SIMP-EN-000420,,simplification_pair,,,mild,4,8,general,medium,False,False,train,71a30436f69bec79de2e3e2eccadcd9e2a3df1b6a7136a5c08b3c2aa148922b4
SIMP-EN-000421,,simplification_pair,,,moderate,4,8,general,medium,True,False,train,f8a86f370e90f7901ed3f0c99cbb274d204e509c2efff6b005e4c1749f8852e3
SIMP-EN-000422,,simplification_pair,,,strong,4,8,general,medium,False,False,train,77a055956235dc7e974e9f92f27a242f7cdff1fb6ad711826f94ac79d0495141
SIMP-EN-000423,,simplification_pair,,,mild,4,8,general,medium,False,False,train,71a30436f69bec79de2e3e2eccadcd9e2a3df1b6a7136a5c08b3c2aa148922b4
SIMP-EN-000424,,simplification_pair,,,moderate,4,8,general,medium,True,False,train,f8a86f370e90f7901ed3f0c99cbb274d204e509c2efff6b005e4c1749f8852e3
SIMP-EN-000425,,simplification_pair,,,strong,4,8,general,medium,False,False,train,77a055956235dc7e974e9f92f27a242f7cdff1fb6ad711826f94ac79d0495141
SIMP-EN-000426,,simplification_pair,,,mild,4,8,general,medium,False,False,train,71a30436f69bec79de2e3e2eccadcd9e2a3df1b6a7136a5c08b3c2aa148922b4
SIMP-EN-000427,,simplification_pair,,,moderate,4,8,general,medium,True,False,train,f8a86f370e90f7901ed3f0c99cbb274d204e509c2efff6b005e4c1749f8852e3
SIMP-EN-000428,,simplification_pair,,,strong,4,8,general,medium,False,False,train,77a055956235dc7e974e9f92f27a242f7cdff1fb6ad711826f94ac79d0495141
SIMP-EN-000429,,simplification_pair,,,mild,4,8,general,medium,False,False,train,71a30436f69bec79de2e3e2eccadcd9e2a3df1b6a7136a5c08b3c2aa148922b4
SIMP-EN-000430,,simplification_pair,,,moderate,4,8,general,medium,True,False,train,f8a86f370e90f7901ed3f0c99cbb274d204e509c2efff6b005e4c1749f8852e3
SIMP-EN-000431,,simplification_pair,,,strong,4,8,general,medium,False,False,train,77a055956235dc7e974e9f92f27a242f7cdff1fb6ad711826f94ac79d0495141
SIMP-EN-000432,,simplification_pair,,,mild,4,8,general,medium,False,False,train,71a30436f69bec79de2e3e2eccadcd9e2a3df1b6a7136a5c08b3c2aa148922b4
SIMP-EN-000433,,simplification_pair,,,moderate,4,8,general,medium,True,False,train,f8a86f370e90f7901ed3f0c99cbb274d204e509c2efff6b005e4c1749f8852e3
SIMP-EN-000434,,simplification_pair,,,strong,4,8,general,medium,False,False,train,77a055956235dc7e974e9f92f27a242f7cdff1fb6ad711826f94ac79d0495141
SIMP-EN-000630,,simplification_pair,,,mild,4,8,general,medium,False,False,train,71a30436f69bec79de2e3e2eccadcd9e2a3df1b6a7136a5c08b3c2aa148922b4
SIMP-EN-000631,,simplification_pair,,,moderate,4,8,general,medium,True,False,train,f8a86f370e90f7901ed3f0c99cbb274d204e509c2efff6b005e4c1749f8852e3
SIMP-EN-000632,,simplification_pair,,,strong,4,8,general,medium,True,False,train,77a055956235dc7e974e9f92f27a242f7cdff1fb6ad711826f94ac79d0495141
SIMP-EN-000633,,simplification_pair,,,mild,4,8,general,medium,False,False,train,71a30436f69bec79de2e3e2eccadcd9e2a3df1b6a7136a5c08b3c2aa148922b4
SIMP-EN-000634,,simplification_pair,,,moderate,4,8,general,medium,True,False,train,f8a86f370e90f7901ed3f0c99cbb274d204e509c2efff6b005e4c1749f8852e3
SIMP-EN-000635,,simplification_pair,,,strong,4,8,general,medium,True,False,train,77a055956235dc7e974e9f92f27a242f7cdff1fb6ad711826f94ac79d0495141
SIMP-EN-000636,,simplification_pair,,,mild,4,8,general,medium,False,False,train,71a30436f69bec79de2e3e2eccadcd9e2a3df1b6a7136a5c08b3c2aa148922b4
SIMP-EN-000637,,simplification_pair,,,moderate,4,8,general,medium,True,False,train,f8a86f370e90f7901ed3f0c99cbb274d204e509c2efff6b005e4c1749f8852e3
SIMP-EN-000638,,simplification_pair,,,strong,4,8,general,medium,True,False,train,77a055956235dc7e974e9f92f27a242f7cdff1fb6ad711826f94ac79d0495141
SIMP-EN-000639,,simplification_pair,,,mild,4,8,general,medium,False,False,train,71a30436f69bec79de2e3e2eccadcd9e2a3df1b6a7136a5c08b3c2aa148922b4
SIMP-EN-000640,,simplification_pair,,,moderate,4,8,general,medium,True,False,train,f8a86f370e90f7901ed3f0c99cbb274d204e509c2efff6b005e4c1749f8852e3
SIMP-EN-000641,,simplification_pair,,,strong,4,8,general,medium,True,False,train,77a055956235dc7e974e9f92f27a242f7cdff1fb6ad711826f94ac79d0495141
SIMP-EN-000642,,simplification_pair,,,mild,4,8,general,medium,False,False,train,71a30436f69bec79de2e3e2eccadcd9e2a3df1b6a7136a5c08b3c2aa148922b4
SIMP-EN-000643,,simplification_pair,,,moderate,4,8,general,medium,True,False,train,f8a86f370e90f7901ed3f0c99cbb274d204e509c2efff6b005e4c1749f8852e3
SIMP-EN-000644,,simplification_pair,,,strong,4,8,general,medium,True,False,train,77a055956235dc7e974e9f92f27a242f7cdff1fb6ad711826f94ac79d0495141
SIMP-EN-000645,,simplification_pair,,,mild,4,8,general,medium,False,False,train,71a30436f69bec79de2e3e2eccadcd9e2a3df1b6a7136a5c08b3c2aa148922b4
SIMP-EN-000646,,simplification_pair,,,moderate,4,8,general,medium,True,False,train,f8a86f370e90f7901ed3f0c99cbb274d204e509c2efff6b005e4c1749f8852e3
SIMP-EN-000647,,simplification_pair,,,strong,4,8,general,medium,True,False,train,77a055956235dc7e974e9f92f27a242f7cdff1fb6ad711826f94ac79d0495141
SIMP-EN-000648,,simplification_pair,,,mild,4,8,general,medium,False,False,train,71a30436f69bec79de2e3e2eccadcd9e2a3df1b6a7136a5c08b3c2aa148922b4
SIMP-EN-000649,,simplification_pair,,,moderate,4,8,general,medium,True,False,train,f8a86f370e90f7901ed3f0c99cbb274d204e509c2efff6b005e4c1749f8852e3
SIMP-EN-000650,,simplification_pair,,,strong,4,8,general,medium,True,False,train,77a055956235dc7e974e9f92f27a242f7cdff1fb6ad711826f94ac79d0495141
SIMP-EN-000651,,simplification_pair,,,mild,4,8,general,medium,False,False,train,71a30436f69bec79de2e3e2eccadcd9e2a3df1b6a7136a5c08b3c2aa148922b4
SIMP-EN-000652,,simplification_pair,,,moderate,4,8,general,medium,True,False,train,f8a86f370e90f7901ed3f0c99cbb274d204e509c2efff6b005e4c1749f8852e3
SIMP-EN-000653,,simplification_pair,,,strong,4,8,general,medium,True,False,train,77a055956235dc7e974e9f92f27a242f7cdff1fb6ad711826f94ac79d0495141
SIMP-EN-000654,,simplification_pair,,,mild,4,8,general,medium,False,False,train,71a30436f69bec79de2e3e2eccadcd9e2a3df1b6a7136a5c08b3c2aa148922b4
SIMP-EN-000655,,simplification_pair,,,moderate,4,8,general,medium,True,False,train,f8a86f370e90f7901ed3f0c99cbb274d204e509c2efff6b005e4c1749f8852e3
SIMP-EN-000656,,simplification_pair,,,strong,4,8,general,medium,True,False,train,77a055956235dc7e974e9f92f27a242f7cdff1fb6ad711826f94ac79d0495141
SIMP-EN-000657,,simplification_pair,,,mild,4,8,general,medium,False,False,train,71a30436f69bec79de2e3e2eccadcd9e2a3df1b6a7136a5c08b3c2aa148922b4
SIMP-EN-000658,,simplification_pair,,,moderate,4,8,general,medium,True,False,train,f8a86f370e90f7901ed3f0c99cbb274d204e509c2efff6b005e4c1749f8852e3
SIMP-EN-000659,,simplification_pair,,,strong,4,8,general,medium,True,False,train,77a055956235dc7e974e9f92f27a242f7cdff1fb6ad711826f94ac79d0495141
SIMP-EN-000660,,simplification_pair,,,mild,4,8,general,medium,False,False,train,71a30436f69bec79de2e3e2eccadcd9e2a3df1b6a7136a5c08b3c2aa148922b4
SIMP-EN-000661,,simplification_pair,,,moderate,4,8,general,medium,True,False,train,f8a86f370e90f7901ed3f0c99cbb274d204e509c2efff6b005e4c1749f8852e3
SIMP-EN-000662,,simplification_pair,,,strong,4,8,general,medium,False,False,train,77a055956235dc7e974e9f92f27a242f7cdff1fb6ad711826f94ac79d0495141
SIMP-EN-000663,,simplification_pair,,,mild,4,8,general,medium,False,False,train,71a30436f69bec79de2e3e2eccadcd9e2a3df1b6a7136a5c08b3c2aa148922b4
SIMP-EN-000664,,simplification_pair,,,moderate,4,8,general,medium,True,False,train,f8a86f370e90f7901ed3f0c99cbb274d204e509c2efff6b005e4c1749f8852e3
SIMP-EN-000665,,simplification_pair,,,strong,4,8,general,medium,False,False,train,77a055956235dc7e974e9f92f27a242f7cdff1fb6ad711826f94ac79d0495141
SIMP-EN-000666,,simplification_pair,,,mild,4,8,general,medium,False,False,train,71a30436f69bec79de2e3e2eccadcd9e2a3df1b6a7136a5c08b3c2aa148922b4
SIMP-EN-000667,,simplification_pair,,,moderate,4,8,general,medium,True,False,train,f8a86f370e90f7901ed3f0c99cbb274d204e509c2efff6b005e4c1749f8852e3
SIMP-EN-000668,,simplification_pair,,,strong,4,8,general,medium,False,False,train,77a055956235dc7e974e9f92f27a242f7cdff1fb6ad711826f94ac79d0495141
SIMP-EN-000669,,simplification_pair,,,mild,4,8,general,medium,False,False,train,71a30436f69bec79de2e3e2eccadcd9e2a3df1b6a7136a5c08b3c2aa148922b4
SIMP-EN-000670,,simplification_pair,,,moderate,4,8,general,medium,True,False,train,f8a86f370e90f7901ed3f0c99cbb274d204e509c2efff6b005e4c1749f8852e3
SIMP-EN-000671,,simplification_pair,,,strong,4,8,general,medium,False,False,train,77a055956235dc7e974e9f92f27a242f7cdff1fb6ad711826f94ac79d0495141
SIMP-EN-000672,,simplification_pair,,,mild,4,8,general,medium,False,False,train,71a30436f69bec79de2e3e2eccadcd9e2a3df1b6a7136a5c08b3c2aa148922b4
SIMP-EN-000673,,simplification_pair,,,moderate,4,8,general,medium,True,False,train,f8a86f370e90f7901ed3f0c99cbb274d204e509c2efff6b005e4c1749f8852e3
SIMP-EN-000674,,simplification_pair,,,strong,4,8,general,medium,False,False,train,77a055956235dc7e974e9f92f27a242f7cdff1fb6ad711826f94ac79d0495141
SIMP-EN-000840,,simplification_pair,,,mild,4,8,general,medium,True,False,train,71a30436f69bec79de2e3e2eccadcd9e2a3df1b6a7136a5c08b3c2aa148922b4
SIMP-EN-000841,,simplification_pair,,,moderate,4,8,general,medium,True,False,train,f8a86f370e90f7901ed3f0c99cbb274d204e509c2efff6b005e4c1749f8852e3
SIMP-EN-000842,,simplification_pair,,,strong,4,8,general,medium,False,False,train,77a055956235dc7e974e9f92f27a242f7cdff1fb6ad711826f94ac79d0495141
SIMP-EN-000843,,simplification_pair,,,mild,4,8,general,medium,True,False,train,71a30436f69bec79de2e3e2eccadcd9e2a3df1b6a7136a5c08b3c2aa148922b4
SIMP-EN-000844,,simplification_pair,,,moderate,4,8,general,medium,True,False,train,f8a86f370e90f7901ed3f0c99cbb274d204e509c2efff6b005e4c1749f8852e3
SIMP-EN-000845,,simplification_pair,,,strong,4,8,general,medium,False,False,train,77a055956235dc7e974e9f92f27a242f7cdff1fb6ad711826f94ac79d0495141
SIMP-EN-000846,,simplification_pair,,,mild,4,8,general,medium,True,False,train,71a30436f69bec79de2e3e2eccadcd9e2a3df1b6a7136a5c08b3c2aa148922b4
SIMP-EN-000847,,simplification_pair,,,moderate,4,8,general,medium,True,False,train,f8a86f370e90f7901ed3f0c99cbb274d204e509c2efff6b005e4c1749f8852e3
SIMP-EN-000848,,simplification_pair,,,strong,4,8,general,medium,False,False,train,77a055956235dc7e974e9f92f27a242f7cdff1fb6ad711826f94ac79d0495141
SIMP-EN-000849,,simplification_pair,,,mild,4,8,general,medium,True,False,train,71a30436f69bec79de2e3e2eccadcd9e2a3df1b6a7136a5c08b3c2aa148922b4
SIMP-EN-000850,,simplification_pair,,,moderate,4,8,general,medium,False,False,train,f8a86f370e90f7901ed3f0c99cbb274d204e509c2efff6b005e4c1749f8852e3
SIMP-EN-000851,,simplification_pair,,,strong,4,8,general,medium,False,False,train,77a055956235dc7e974e9f92f27a242f7cdff1fb6ad711826f94ac79d0495141
SIMP-EN-000852,,simplification_pair,,,mild,4,8,general,medium,True,False,train,71a30436f69bec79de2e3e2eccadcd9e2a3df1b6a7136a5c08b3c2aa148922b4
SIMP-EN-000853,,simplification_pair,,,moderate,4,8,general,medium,False,False,train,f8a86f370e90f7901ed3f0c99cbb274d204e509c2efff6b005e4c1749f8852e3
SIMP-EN-000854,,simplification_pair,,,strong,4,8,general,medium,False,False,train,77a055956235dc7e974e9f92f27a242f7cdff1fb6ad711826f94ac79d0495141
SIMP-EN-000855,,simplification_pair,,,mild,4,8,general,medium,True,False,train,71a30436f69bec79de2e3e2eccadcd9e2a3df1b6a7136a5c08b3c2aa148922b4
SIMP-EN-000856,,simplification_pair,,,moderate,4,8,general,medium,True,False,train,f8a86f370e90f7901ed3f0c99cbb274d204e509c2efff6b005e4c1749f8852e3
SIMP-EN-000857,,simplification_pair,,,strong,4,8,general,medium,False,False,train,77a055956235dc7e974e9f92f27a242f7cdff1fb6ad711826f94ac79d0495141
SIMP-EN-000858,,simplification_pair,,,mild,4,8,general,medium,True,False,train,71a30436f69bec79de2e3e2eccadcd9e2a3df1b6a7136a5c08b3c2aa148922b4
SIMP-EN-000859,,simplification_pair,,,moderate,4,8,general,medium,False,False,train,f8a86f370e90f7901ed3f0c99cbb274d204e509c2efff6b005e4c1749f8852e3
SIMP-EN-000860,,simplification_pair,,,strong,4,8,general,medium,False,False,train,77a055956235dc7e974e9f92f27a242f7cdff1fb6ad711826f94ac79d0495141
SIMP-EN-000861,,simplification_pair,,,mild,4,8,general,medium,True,False,train,71a30436f69bec79de2e3e2eccadcd9e2a3df1b6a7136a5c08b3c2aa148922b4
SIMP-EN-000862,,simplification_pair,,,moderate,4,8,general,medium,False,False,train,f8a86f370e90f7901ed3f0c99cbb274d204e509c2efff6b005e4c1749f8852e3
SIMP-EN-000863,,simplification_pair,,,strong,4,8,general,medium,False,False,train,77a055956235dc7e974e9f92f27a242f7cdff1fb6ad711826f94ac79d0495141
SIMP-EN-000864,,simplification_pair,,,mild,4,8,general,medium,True,False,train,71a30436f69bec79de2e3e2eccadcd9e2a3df1b6a7136a5c08b3c2aa148922b4
SIMP-EN-000865,,simplification_pair,,,moderate,4,8,general,medium,True,False,train,f8a86f370e90f7901ed3f0c99cbb274d204e509c2efff6b005e4c1749f8852e3
SIMP-EN-000866,,simplification_pair,,,strong,4,8,general,medium,False,False,train,77a055956235dc7e974e9f92f27a242f7cdff1fb6ad711826f94ac79d0495141
SIMP-EN-000867,,simplification_pair,,,mild,4,8,general,medium,True,False,train,71a30436f69bec79de2e3e2eccadcd9e2a3df1b6a7136a5c08b3c2aa148922b4
SIMP-EN-000868,,simplification_pair,,,moderate,4,8,general,medium,False,False,train,f8a86f370e90f7901ed3f0c99cbb274d204e509c2efff6b005e4c1749f8852e3
SIMP-EN-000869,,simplification_pair,,,strong,4,8,general,medium,False,False,train,77a055956235dc7e974e9f92f27a242f7cdff1fb6ad711826f94ac79d0495141
SIMP-EN-001065,,simplification_pair,,,mild,4,8,general,medium,False,False,train,71a30436f69bec79de2e3e2eccadcd9e2a3df1b6a7136a5c08b3c2aa148922b4
SIMP-EN-001066,,simplification_pair,,,moderate,4,8,general,medium,False,False,train,f8a86f370e90f7901ed3f0c99cbb274d204e509c2efff6b005e4c1749f8852e3
SIMP-EN-001067,,simplification_pair,,,strong,4,8,general,medium,False,False,train,77a055956235dc7e974e9f92f27a242f7cdff1fb6ad711826f94ac79d0495141
SIMP-EN-001068,,simplification_pair,,,mild,4,8,general,medium,False,False,train,71a30436f69bec79de2e3e2eccadcd9e2a3df1b6a7136a5c08b3c2aa148922b4
SIMP-EN-001069,,simplification_pair,,,moderate,4,8,general,medium,False,False,train,f8a86f370e90f7901ed3f0c99cbb274d204e509c2efff6b005e4c1749f8852e3
SIMP-EN-001070,,simplification_pair,,,strong,4,8,general,medium,True,False,train,77a055956235dc7e974e9f92f27a242f7cdff1fb6ad711826f94ac79d0495141
SIMP-EN-001071,,simplification_pair,,,mild,4,8,general,medium,False,False,train,71a30436f69bec79de2e3e2eccadcd9e2a3df1b6a7136a5c08b3c2aa148922b4
SIMP-EN-001072,,simplification_pair,,,moderate,4,8,general,medium,False,False,train,f8a86f370e90f7901ed3f0c99cbb274d204e509c2efff6b005e4c1749f8852e3
SIMP-EN-001073,,simplification_pair,,,strong,4,8,general,medium,False,False,train,77a055956235dc7e974e9f92f27a242f7cdff1fb6ad711826f94ac79d0495141
SIMP-EN-001074,,simplification_pair,,,mild,4,8,general,medium,False,False,train,71a30436f69bec79de2e3e2eccadcd9e2a3df1b6a7136a5c08b3c2aa148922b4
SIMP-EN-001075,,simplification_pair,,,moderate,4,8,general,medium,False,False,train,f8a86f370e90f7901ed3f0c99cbb274d204e509c2efff6b005e4c1749f8852e3
SIMP-EN-001076,,simplification_pair,,,strong,4,8,general,medium,False,False,train,77a055956235dc7e974e9f92f27a242f7cdff1fb6ad711826f94ac79d0495141
SIMP-EN-001077,,simplification_pair,,,mild,4,8,general,medium,False,False,train,71a30436f69bec79de2e3e2eccadcd9e2a3df1b6a7136a5c08b3c2aa148922b4
SIMP-EN-001078,,simplification_pair,,,moderate,4,8,general,medium,False,False,train,f8a86f370e90f7901ed3f0c99cbb274d204e509c2efff6b005e4c1749f8852e3
SIMP-EN-001079,,simplification_pair,,,strong,4,8,general,medium,False,False,train,77a055956235dc7e974e9f92f27a242f7cdff1fb6ad711826f94ac79d0495141
SIMP-EN-001080,,simplification_pair,,,mild,4,8,general,medium,False,False,train,71a30436f69bec79de2e3e2eccadcd9e2a3df1b6a7136a5c08b3c2aa148922b4
SIMP-EN-001081,,simplification_pair,,,moderate,4,8,general,medium,False,False,train,f8a86f370e90f7901ed3f0c99cbb274d204e509c2efff6b005e4c1749f8852e3
SIMP-EN-001082,,simplification_pair,,,strong,4,8,general,medium,False,False,train,77a055956235dc7e974e9f92f27a242f7cdff1fb6ad711826f94ac79d0495141
SIMP-EN-001083,,simplification_pair,,,mild,4,8,general,medium,False,False,train,71a30436f69bec79de2e3e2eccadcd9e2a3df1b6a7136a5c08b3c2aa148922b4
SIMP-EN-001084,,simplification_pair,,,moderate,4,8,general,medium,False,False,train,f8a86f370e90f7901ed3f0c99cbb274d204e509c2efff6b005e4c1749f8852e3
SIMP-EN-001085,,simplification_pair,,,strong,4,8,general,medium,False,False,train,77a055956235dc7e974e9f92f27a242f7cdff1fb6ad711826f94ac79d0495141
SIMP-EN-001086,,simplification_pair,,,mild,4,8,general,medium,False,False,train,71a30436f69bec79de2e3e2eccadcd9e2a3df1b6a7136a5c08b3c2aa148922b4
SIMP-EN-001087,,simplification_pair,,,moderate,4,8,general,medium,False,False,train,f8a86f370e90f7901ed3f0c99cbb274d204e509c2efff6b005e4c1749f8852e3
SIMP-EN-001088,,simplification_pair,,,strong,4,8,general,medium,False,False,train,77a055956235dc7e974e9f92f27a242f7cdff1fb6ad711826f94ac79d0495141
SIMP-EN-001089,,simplification_pair,,,mild,4,8,general,medium,False,False,train,71a30436f69bec79de2e3e2eccadcd9e2a3df1b6a7136a5c08b3c2aa148922b4
SIMP-EN-001090,,simplification_pair,,,moderate,4,8,general,medium,False,False,train,f8a86f370e90f7901ed3f0c99cbb274d204e509c2efff6b005e4c1749f8852e3
SIMP-EN-001091,,simplification_pair,,,strong,4,8,general,medium,False,False,train,77a055956235dc7e974e9f92f27a242f7cdff1fb6ad711826f94ac79d0495141
SIMP-EN-001092,,simplification_pair,,,mild,4,8,general,medium,False,False,train,71a30436f69bec79de2e3e2eccadcd9e2a3df1b6a7136a5c08b3c2aa148922b4
SIMP-EN-001093,,simplification_pair,,,moderate,4,8,general,medium,False,False,train,f8a86f370e90f7901ed3f0c99cbb274d204e509c2efff6b005e4c1749f8852e3
SIMP-EN-001094,,simplification_pair,,,strong,4,8,general,medium,False,False,train,77a055956235dc7e974e9f92f27a242f7cdff1fb6ad711826f94ac79d0495141
SIMP-EN-001095,,simplification_pair,,,mild,4,8,general,medium,False,False,train,71a30436f69bec79de2e3e2eccadcd9e2a3df1b6a7136a5c08b3c2aa148922b4
SIMP-EN-001096,,simplification_pair,,,moderate,4,8,general,medium,False,False,train,f8a86f370e90f7901ed3f0c99cbb274d204e509c2efff6b005e4c1749f8852e3
SIMP-EN-001097,,simplification_pair,,,strong,4,8,general,medium,False,False,train,77a055956235dc7e974e9f92f27a242f7cdff1fb6ad711826f94ac79d0495141
SIMP-EN-001098,,simplification_pair,,,mild,4,8,general,medium,False,False,train,71a30436f69bec79de2e3e2eccadcd9e2a3df1b6a7136a5c08b3c2aa148922b4
SIMP-EN-001099,,simplification_pair,,,moderate,4,8,general,medium,False,False,train,f8a86f370e90f7901ed3f0c99cbb274d204e509c2efff6b005e4c1749f8852e3
SIMP-EN-001100,,simplification_pair,,,strong,4,8,general,medium,True,False,train,77a055956235dc7e974e9f92f27a242f7cdff1fb6ad711826f94ac79d0495141
SIMP-EN-001101,,simplification_pair,,,mild,4,8,general,medium,False,False,train,71a30436f69bec79de2e3e2eccadcd9e2a3df1b6a7136a5c08b3c2aa148922b4
SIMP-EN-001102,,simplification_pair,,,moderate,4,8,general,medium,False,False,train,f8a86f370e90f7901ed3f0c99cbb274d204e509c2efff6b005e4c1749f8852e3
SIMP-EN-001103,,simplification_pair,,,strong,4,8,general,medium,False,False,train,77a055956235dc7e974e9f92f27a242f7cdff1fb6ad711826f94ac79d0495141
SIMP-EN-001104,,simplification_pair,,,mild,4,8,general,medium,False,False,train,71a30436f69bec79de2e3e2eccadcd9e2a3df1b6a7136a5c08b3c2aa148922b4
SIMP-EN-001105,,simplification_pair,,,moderate,4,8,general,medium,False,False,train,f8a86f370e90f7901ed3f0c99cbb274d204e509c2efff6b005e4c1749f8852e3
SIMP-EN-001106,,simplification_pair,,,strong,4,8,general,medium,False,False,train,77a055956235dc7e974e9f92f27a242f7cdff1fb6ad711826f94ac79d0495141
SIMP-EN-001107,,simplification_pair,,,mild,4,8,general,medium,False,False,train,71a30436f69bec79de2e3e2eccadcd9e2a3df1b6a7136a5c08b3c2aa148922b4
SIMP-EN-001108,,simplification_pair,,,moderate,4,8,general,medium,False,False,train,f8a86f370e90f7901ed3f0c99cbb274d204e509c2efff6b005e4c1749f8852e3
SIMP-EN-001109,,simplification_pair,,,strong,4,8,general,medium,False,False,train,77a055956235dc7e974e9f92f27a242f7cdff1fb6ad711826f94ac79d0495141
SIMP-EN-000435,,simplification_pair,,,mild,4,8,general,medium,False,False,train,71a30436f69bec79de2e3e2eccadcd9e2a3df1b6a7136a5c08b3c2aa148922b4
SIMP-EN-000436,,simplification_pair,,,moderate,4,8,general,medium,True,False,train,f8a86f370e90f7901ed3f0c99cbb274d204e509c2efff6b005e4c1749f8852e3
SIMP-EN-000437,,simplification_pair,,,strong,4,8,general,medium,False,False,train,77a055956235dc7e974e9f92f27a242f7cdff1fb6ad711826f94ac79d0495141
SIMP-EN-000438,,simplification_pair,,,mild,4,8,general,medium,False,False,train,71a30436f69bec79de2e3e2eccadcd9e2a3df1b6a7136a5c08b3c2aa148922b4
SIMP-EN-000439,,simplification_pair,,,moderate,4,8,general,medium,True,False,train,f8a86f370e90f7901ed3f0c99cbb274d204e509c2efff6b005e4c1749f8852e3
SIMP-EN-000440,,simplification_pair,,,strong,4,8,general,medium,False,False,train,77a055956235dc7e974e9f92f27a242f7cdff1fb6ad711826f94ac79d0495141
SIMP-EN-000441,,simplification_pair,,,mild,4,8,general,medium,False,False,train,71a30436f69bec79de2e3e2eccadcd9e2a3df1b6a7136a5c08b3c2aa148922b4
SIMP-EN-000442,,simplification_pair,,,moderate,4,8,general,medium,True,False,train,f8a86f370e90f7901ed3f0c99cbb274d204e509c2efff6b005e4c1749f8852e3
SIMP-EN-000443,,simplification_pair,,,strong,4,8,general,medium,False,False,train,77a055956235dc7e974e9f92f27a242f7cdff1fb6ad711826f94ac79d0495141
SIMP-EN-000444,,simplification_pair,,,mild,4,8,general,medium,False,False,train,71a30436f69bec79de2e3e2eccadcd9e2a3df1b6a7136a5c08b3c2aa148922b4
SIMP-EN-000445,,simplification_pair,,,moderate,4,8,general,medium,True,False,train,f8a86f370e90f7901ed3f0c99cbb274d204e509c2efff6b005e4c1749f8852e3
SIMP-EN-000446,,simplification_pair,,,strong,4,8,general,medium,False,False,train,77a055956235dc7e974e9f92f27a242f7cdff1fb6ad711826f94ac79d0495141
SIMP-EN-000447,,simplification_pair,,,mild,4,8,general,medium,False,False,train,71a30436f69bec79de2e3e2eccadcd9e2a3df1b6a7136a5c08b3c2aa148922b4
SIMP-EN-000448,,simplification_pair,,,moderate,4,8,general,medium,True,False,train,f8a86f370e90f7901ed3f0c99cbb274d204e509c2efff6b005e4c1749f8852e3
SIMP-EN-000449,,simplification_pair,,,strong,4,8,general,medium,False,False,train,77a055956235dc7e974e9f92f27a242f7cdff1fb6ad711826f94ac79d0495141
SIMP-EN-000450,,simplification_pair,,,mild,4,8,general,medium,True,False,train,71a30436f69bec79de2e3e2eccadcd9e2a3df1b6a7136a5c08b3c2aa148922b4
SIMP-EN-000451,,simplification_pair,,,moderate,4,8,general,medium,True,False,train,f8a86f370e90f7901ed3f0c99cbb274d204e509c2efff6b005e4c1749f8852e3
SIMP-EN-000452,,simplification_pair,,,strong,4,8,general,medium,False,False,train,77a055956235dc7e974e9f92f27a242f7cdff1fb6ad711826f94ac79d0495141
SIMP-EN-000453,,simplification_pair,,,mild,4,8,general,medium,True,False,train,71a30436f69bec79de2e3e2eccadcd9e2a3df1b6a7136a5c08b3c2aa148922b4
SIMP-EN-000454,,simplification_pair,,,moderate,4,8,general,medium,True,False,train,f8a86f370e90f7901ed3f0c99cbb274d204e509c2efff6b005e4c1749f8852e3
SIMP-EN-000455,,simplification_pair,,,strong,4,8,general,medium,False,False,train,77a055956235dc7e974e9f92f27a242f7cdff1fb6ad711826f94ac79d0495141
SIMP-EN-000456,,simplification_pair,,,mild,4,8,general,medium,True,False,train,71a30436f69bec79de2e3e2eccadcd9e2a3df1b6a7136a5c08b3c2aa148922b4
SIMP-EN-000457,,simplification_pair,,,moderate,4,8,general,medium,True,False,train,f8a86f370e90f7901ed3f0c99cbb274d204e509c2efff6b005e4c1749f8852e3
SIMP-EN-000458,,simplification_pair,,,strong,4,8,general,medium,False,False,train,77a055956235dc7e974e9f92f27a242f7cdff1fb6ad711826f94ac79d0495141
SIMP-EN-000459,,simplification_pair,,,mild,4,8,general,medium,True,False,train,71a30436f69bec79de2e3e2eccadcd9e2a3df1b6a7136a5c08b3c2aa148922b4
SIMP-EN-000460,,simplification_pair,,,moderate,4,8,general,medium,True,False,train,f8a86f370e90f7901ed3f0c99cbb274d204e509c2efff6b005e4c1749f8852e3
SIMP-EN-000461,,simplification_pair,,,strong,4,8,general,medium,False,False,train,77a055956235dc7e974e9f92f27a242f7cdff1fb6ad711826f94ac79d0495141
SIMP-EN-000462,,simplification_pair,,,mild,4,8,general,medium,True,False,train,71a30436f69bec79de2e3e2eccadcd9e2a3df1b6a7136a5c08b3c2aa148922b4
SIMP-EN-000463,,simplification_pair,,,moderate,4,8,general,medium,True,False,train,f8a86f370e90f7901ed3f0c99cbb274d204e509c2efff6b005e4c1749f8852e3
SIMP-EN-000464,,simplification_pair,,,strong,4,8,general,medium,False,False,train,77a055956235dc7e974e9f92f27a242f7cdff1fb6ad711826f94ac79d0495141
SIMP-EN-000675,,simplification_pair,,,mild,4,8,general,medium,False,False,train,71a30436f69bec79de2e3e2eccadcd9e2a3df1b6a7136a5c08b3c2aa148922b4
SIMP-EN-000676,,simplification_pair,,,moderate,4,8,general,medium,True,False,train,f8a86f370e90f7901ed3f0c99cbb274d204e509c2efff6b005e4c1749f8852e3
SIMP-EN-000677,,simplification_pair,,,strong,4,8,general,medium,False,False,train,77a055956235dc7e974e9f92f27a242f7cdff1fb6ad711826f94ac79d0495141
SIMP-EN-000678,,simplification_pair,,,mild,4,8,general,medium,False,False,train,71a30436f69bec79de2e3e2eccadcd9e2a3df1b6a7136a5c08b3c2aa148922b4
SIMP-EN-000679,,simplification_pair,,,moderate,4,8,general,medium,True,False,train,f8a86f370e90f7901ed3f0c99cbb274d204e509c2efff6b005e4c1749f8852e3
SIMP-EN-000680,,simplification_pair,,,strong,4,8,general,medium,False,False,train,77a055956235dc7e974e9f92f27a242f7cdff1fb6ad711826f94ac79d0495141
SIMP-EN-000681,,simplification_pair,,,mild,4,8,general,medium,False,False,train,71a30436f69bec79de2e3e2eccadcd9e2a3df1b6a7136a5c08b3c2aa148922b4
SIMP-EN-000682,,simplification_pair,,,moderate,4,8,general,medium,True,False,train,f8a86f370e90f7901ed3f0c99cbb274d204e509c2efff6b005e4c1749f8852e3
SIMP-EN-000683,,simplification_pair,,,strong,4,8,general,medium,False,False,train,77a055956235dc7e974e9f92f27a242f7cdff1fb6ad711826f94ac79d0495141
SIMP-EN-000684,,simplification_pair,,,mild,4,8,general,medium,False,False,train,71a30436f69bec79de2e3e2eccadcd9e2a3df1b6a7136a5c08b3c2aa148922b4
SIMP-EN-000685,,simplification_pair,,,moderate,4,8,general,medium,True,False,train,f8a86f370e90f7901ed3f0c99cbb274d204e509c2efff6b005e4c1749f8852e3
SIMP-EN-000686,,simplification_pair,,,strong,4,8,general,medium,False,False,train,77a055956235dc7e974e9f92f27a242f7cdff1fb6ad711826f94ac79d0495141
SIMP-EN-000687,,simplification_pair,,,mild,4,8,general,medium,False,False,train,71a30436f69bec79de2e3e2eccadcd9e2a3df1b6a7136a5c08b3c2aa148922b4
SIMP-EN-000688,,simplification_pair,,,moderate,4,8,general,medium,True,False,train,f8a86f370e90f7901ed3f0c99cbb274d204e509c2efff6b005e4c1749f8852e3
SIMP-EN-000689,,simplification_pair,,,strong,4,8,general,medium,False,False,train,77a055956235dc7e974e9f92f27a242f7cdff1fb6ad711826f94ac79d0495141
SIMP-EN-000690,,simplification_pair,,,mild,4,8,general,medium,False,False,train,71a30436f69bec79de2e3e2eccadcd9e2a3df1b6a7136a5c08b3c2aa148922b4
SIMP-EN-000691,,simplification_pair,,,moderate,4,8,general,medium,True,False,train,f8a86f370e90f7901ed3f0c99cbb274d204e509c2efff6b005e4c1749f8852e3
SIMP-EN-000692,,simplification_pair,,,strong,4,8,general,medium,False,False,train,77a055956235dc7e974e9f92f27a242f7cdff1fb6ad711826f94ac79d0495141
SIMP-EN-000693,,simplification_pair,,,mild,4,8,general,medium,False,False,train,71a30436f69bec79de2e3e2eccadcd9e2a3df1b6a7136a5c08b3c2aa148922b4
SIMP-EN-000694,,simplification_pair,,,moderate,4,8,general,medium,True,False,train,f8a86f370e90f7901ed3f0c99cbb274d204e509c2efff6b005e4c1749f8852e3
SIMP-EN-000695,,simplification_pair,,,strong,4,8,general,medium,False,False,train,77a055956235dc7e974e9f92f27a242f7cdff1fb6ad711826f94ac79d0495141
SIMP-EN-000696,,simplification_pair,,,mild,4,8,general,medium,False,False,train,71a30436f69bec79de2e3e2eccadcd9e2a3df1b6a7136a5c08b3c2aa148922b4
SIMP-EN-000697,,simplification_pair,,,moderate,4,8,general,medium,True,False,train,f8a86f370e90f7901ed3f0c99cbb274d204e509c2efff6b005e4c1749f8852e3
SIMP-EN-000698,,simplification_pair,,,strong,4,8,general,medium,False,False,train,77a055956235dc7e974e9f92f27a242f7cdff1fb6ad711826f94ac79d0495141
SIMP-EN-000699,,simplification_pair,,,mild,4,8,general,medium,False,False,train,71a30436f69bec79de2e3e2eccadcd9e2a3df1b6a7136a5c08b3c2aa148922b4
SIMP-EN-000700,,simplification_pair,,,moderate,4,8,general,medium,True,False,train,f8a86f370e90f7901ed3f0c99cbb274d204e509c2efff6b005e4c1749f8852e3
SIMP-EN-000701,,simplification_pair,,,strong,4,8,general,medium,False,False,train,77a055956235dc7e974e9f92f27a242f7cdff1fb6ad711826f94ac79d0495141
SIMP-EN-000702,,simplification_pair,,,mild,4,8,general,medium,False,False,train,71a30436f69bec79de2e3e2eccadcd9e2a3df1b6a7136a5c08b3c2aa148922b4
SIMP-EN-000703,,simplification_pair,,,moderate,4,8,general,medium,True,False,train,f8a86f370e90f7901ed3f0c99cbb274d204e509c2efff6b005e4c1749f8852e3
SIMP-EN-000704,,simplification_pair,,,strong,4,8,general,medium,False,False,train,77a055956235dc7e974e9f92f27a242f7cdff1fb6ad711826f94ac79d0495141
SIMP-EN-000870,,simplification_pair,,,mild,4,8,general,medium,True,False,train,71a30436f69bec79de2e3e2eccadcd9e2a3df1b6a7136a5c08b3c2aa148922b4
SIMP-EN-000871,,simplification_pair,,,moderate,4,8,general,medium,True,False,train,f8a86f370e90f7901ed3f0c99cbb274d204e509c2efff6b005e4c1749f8852e3
SIMP-EN-000872,,simplification_pair,,,strong,4,8,general,medium,False,False,train,77a055956235dc7e974e9f92f27a242f7cdff1fb6ad711826f94ac79d0495141
SIMP-EN-000873,,simplification_pair,,,mild,4,8,general,medium,True,False,train,71a30436f69bec79de2e3e2eccadcd9e2a3df1b6a7136a5c08b3c2aa148922b4
SIMP-EN-000874,,simplification_pair,,,moderate,4,8,general,medium,True,False,train,f8a86f370e90f7901ed3f0c99cbb274d204e509c2efff6b005e4c1749f8852e3
SIMP-EN-000875,,simplification_pair,,,strong,4,8,general,medium,False,False,train,77a055956235dc7e974e9f92f27a242f7cdff1fb6ad711826f94ac79d0495141
SIMP-EN-000876,,simplification_pair,,,mild,4,8,general,medium,True,False,train,71a30436f69bec79de2e3e2eccadcd9e2a3df1b6a7136a5c08b3c2aa148922b4
SIMP-EN-000877,,simplification_pair,,,moderate,4,8,general,medium,True,False,train,f8a86f370e90f7901ed3f0c99cbb274d204e509c2efff6b005e4c1749f8852e3
SIMP-EN-000878,,simplification_pair,,,strong,4,8,general,medium,False,False,train,77a055956235dc7e974e9f92f27a242f7cdff1fb6ad711826f94ac79d0495141
SIMP-EN-000879,,simplification_pair,,,mild,4,8,general,medium,True,False,train,71a30436f69bec79de2e3e2eccadcd9e2a3df1b6a7136a5c08b3c2aa148922b4
SIMP-EN-000880,,simplification_pair,,,moderate,4,8,general,medium,False,False,train,f8a86f370e90f7901ed3f0c99cbb274d204e509c2efff6b005e4c1749f8852e3
SIMP-EN-000881,,simplification_pair,,,strong,4,8,general,medium,False,False,train,77a055956235dc7e974e9f92f27a242f7cdff1fb6ad711826f94ac79d0495141
SIMP-EN-000882,,simplification_pair,,,mild,4,8,general,medium,True,False,train,71a30436f69bec79de2e3e2eccadcd9e2a3df1b6a7136a5c08b3c2aa148922b4
SIMP-EN-000883,,simplification_pair,,,moderate,4,8,general,medium,False,False,train,f8a86f370e90f7901ed3f0c99cbb274d204e509c2efff6b005e4c1749f8852e3
SIMP-EN-000884,,simplification_pair,,,strong,4,8,general,medium,False,False,train,77a055956235dc7e974e9f92f27a242f7cdff1fb6ad711826f94ac79d0495141
SIMP-EN-000885,,simplification_pair,,,mild,4,8,general,medium,True,False,train,71a30436f69bec79de2e3e2eccadcd9e2a3df1b6a7136a5c08b3c2aa148922b4
SIMP-EN-000886,,simplification_pair,,,moderate,4,8,general,medium,True,False,train,f8a86f370e90f7901ed3f0c99cbb274d204e509c2efff6b005e4c1749f8852e3
SIMP-EN-000887,,simplification_pair,,,strong,4,8,general,medium,False,False,train,77a055956235dc7e974e9f92f27a242f7cdff1fb6ad711826f94ac79d0495141
SIMP-EN-000888,,simplification_pair,,,mild,4,8,general,medium,True,False,train,71a30436f69bec79de2e3e2eccadcd9e2a3df1b6a7136a5c08b3c2aa148922b4
SIMP-EN-000889,,simplification_pair,,,moderate,4,8,general,medium,False,False,train,f8a86f370e90f7901ed3f0c99cbb274d204e509c2efff6b005e4c1749f8852e3
SIMP-EN-000890,,simplification_pair,,,strong,4,8,general,medium,False,False,train,77a055956235dc7e974e9f92f27a242f7cdff1fb6ad711826f94ac79d0495141
SIMP-EN-000891,,simplification_pair,,,mild,4,8,general,medium,True,False,train,71a30436f69bec79de2e3e2eccadcd9e2a3df1b6a7136a5c08b3c2aa148922b4
SIMP-EN-000892,,simplification_pair,,,moderate,4,8,general,medium,False,False,train,f8a86f370e90f7901ed3f0c99cbb274d204e509c2efff6b005e4c1749f8852e3
SIMP-EN-000893,,simplification_pair,,,strong,4,8,general,medium,False,False,train,77a055956235dc7e974e9f92f27a242f7cdff1fb6ad711826f94ac79d0495141
SIMP-EN-000894,,simplification_pair,,,mild,4,8,general,medium,True,False,train,71a30436f69bec79de2e3e2eccadcd9e2a3df1b6a7136a5c08b3c2aa148922b4
SIMP-EN-000895,,simplification_pair,,,moderate,4,8,general,medium,True,False,train,f8a86f370e90f7901ed3f0c99cbb274d204e509c2efff6b005e4c1749f8852e3
SIMP-EN-000896,,simplification_pair,,,strong,4,8,general,medium,False,False,train,77a055956235dc7e974e9f92f27a242f7cdff1fb6ad711826f94ac79d0495141
SIMP-EN-000897,,simplification_pair,,,mild,4,8,general,medium,True,False,train,71a30436f69bec79de2e3e2eccadcd9e2a3df1b6a7136a5c08b3c2aa148922b4
SIMP-EN-000898,,simplification_pair,,,moderate,4,8,general,medium,False,False,train,f8a86f370e90f7901ed3f0c99cbb274d204e509c2efff6b005e4c1749f8852e3
SIMP-EN-000899,,simplification_pair,,,strong,4,8,general,medium,False,False,train,77a055956235dc7e974e9f92f27a242f7cdff1fb6ad711826f94ac79d0495141
SIMP-EN-000900,,simplification_pair,,,mild,4,8,general,medium,True,False,train,71a30436f69bec79de2e3e2eccadcd9e2a3df1b6a7136a5c08b3c2aa148922b4
SIMP-EN-000901,,simplification_pair,,,moderate,4,8,general,medium,True,False,train,f8a86f370e90f7901ed3f0c99cbb274d204e509c2efff6b005e4c1749f8852e3
SIMP-EN-000902,,simplification_pair,,,strong,4,8,general,medium,False,False,train,77a055956235dc7e974e9f92f27a242f7cdff1fb6ad711826f94ac79d0495141
SIMP-EN-000903,,simplification_pair,,,mild,4,8,general,medium,True,False,train,71a30436f69bec79de2e3e2eccadcd9e2a3df1b6a7136a5c08b3c2aa148922b4
SIMP-EN-000904,,simplification_pair,,,moderate,4,8,general,medium,True,False,train,f8a86f370e90f7901ed3f0c99cbb274d204e509c2efff6b005e4c1749f8852e3
SIMP-EN-000905,,simplification_pair,,,strong,4,8,general,medium,False,False,train,77a055956235dc7e974e9f92f27a242f7cdff1fb6ad711826f94ac79d0495141
SIMP-EN-000906,,simplification_pair,,,mild,4,8,general,medium,True,False,train,71a30436f69bec79de2e3e2eccadcd9e2a3df1b6a7136a5c08b3c2aa148922b4
SIMP-EN-000907,,simplification_pair,,,moderate,4,8,general,medium,True,False,train,f8a86f370e90f7901ed3f0c99cbb274d204e509c2efff6b005e4c1749f8852e3
SIMP-EN-000908,,simplification_pair,,,strong,4,8,general,medium,False,False,train,77a055956235dc7e974e9f92f27a242f7cdff1fb6ad711826f94ac79d0495141
SIMP-EN-000909,,simplification_pair,,,mild,4,8,general,medium,True,False,train,71a30436f69bec79de2e3e2eccadcd9e2a3df1b6a7136a5c08b3c2aa148922b4
SIMP-EN-000910,,simplification_pair,,,moderate,4,8,general,medium,False,False,train,f8a86f370e90f7901ed3f0c99cbb274d204e509c2efff6b005e4c1749f8852e3
SIMP-EN-000911,,simplification_pair,,,strong,4,8,general,medium,False,False,train,77a055956235dc7e974e9f92f27a242f7cdff1fb6ad711826f94ac79d0495141
SIMP-EN-000912,,simplification_pair,,,mild,4,8,general,medium,True,False,train,71a30436f69bec79de2e3e2eccadcd9e2a3df1b6a7136a5c08b3c2aa148922b4
SIMP-EN-000913,,simplification_pair,,,moderate,4,8,general,medium,False,False,train,f8a86f370e90f7901ed3f0c99cbb274d204e509c2efff6b005e4c1749f8852e3
SIMP-EN-000914,,simplification_pair,,,strong,4,8,general,medium,False,False,train,77a055956235dc7e974e9f92f27a242f7cdff1fb6ad711826f94ac79d0495141
SIMP-EN-001110,,simplification_pair,,,mild,4,8,general,medium,False,False,train,71a30436f69bec79de2e3e2eccadcd9e2a3df1b6a7136a5c08b3c2aa148922b4
SIMP-EN-001111,,simplification_pair,,,moderate,4,8,general,medium,False,False,train,f8a86f370e90f7901ed3f0c99cbb274d204e509c2efff6b005e4c1749f8852e3
SIMP-EN-001112,,simplification_pair,,,strong,4,8,general,medium,False,False,train,77a055956235dc7e974e9f92f27a242f7cdff1fb6ad711826f94ac79d0495141
SIMP-EN-001113,,simplification_pair,,,mild,4,8,general,medium,False,False,train,71a30436f69bec79de2e3e2eccadcd9e2a3df1b6a7136a5c08b3c2aa148922b4
SIMP-EN-001114,,simplification_pair,,,moderate,4,8,general,medium,False,False,train,f8a86f370e90f7901ed3f0c99cbb274d204e509c2efff6b005e4c1749f8852e3
SIMP-EN-001115,,simplification_pair,,,strong,4,8,general,medium,False,False,train,77a055956235dc7e974e9f92f27a242f7cdff1fb6ad711826f94ac79d0495141
SIMP-EN-001116,,simplification_pair,,,mild,4,8,general,medium,False,False,train,71a30436f69bec79de2e3e2eccadcd9e2a3df1b6a7136a5c08b3c2aa148922b4
SIMP-EN-001117,,simplification_pair,,,moderate,4,8,general,medium,False,False,train,f8a86f370e90f7901ed3f0c99cbb274d204e509c2efff6b005e4c1749f8852e3
SIMP-EN-001118,,simplification_pair,,,strong,4,8,general,medium,False,False,train,77a055956235dc7e974e9f92f27a242f7cdff1fb6ad711826f94ac79d0495141
SIMP-EN-001119,,simplification_pair,,,mild,4,8,general,medium,False,False,train,71a30436f69bec79de2e3e2eccadcd9e2a3df1b6a7136a5c08b3c2aa148922b4
SIMP-EN-001120,,simplification_pair,,,moderate,4,8,general,medium,False,False,train,f8a86f370e90f7901ed3f0c99cbb274d204e509c2efff6b005e4c1749f8852e3
SIMP-EN-001121,,simplification_pair,,,strong,4,8,general,medium,False,False,train,77a055956235dc7e974e9f92f27a242f7cdff1fb6ad711826f94ac79d0495141
SIMP-EN-001122,,simplification_pair,,,mild,4,8,general,medium,False,False,train,71a30436f69bec79de2e3e2eccadcd9e2a3df1b6a7136a5c08b3c2aa148922b4
SIMP-EN-001123,,simplification_pair,,,moderate,4,8,general,medium,False,False,train,f8a86f370e90f7901ed3f0c99cbb274d204e509c2efff6b005e4c1749f8852e3
SIMP-EN-001124,,simplification_pair,,,strong,4,8,general,medium,False,False,train,77a055956235dc7e974e9f92f27a242f7cdff1fb6ad711826f94ac79d0495141
SIMP-EN-001125,,simplification_pair,,,mild,4,8,general,medium,False,False,train,71a30436f69bec79de2e3e2eccadcd9e2a3df1b6a7136a5c08b3c2aa148922b4
SIMP-EN-001126,,simplification_pair,,,moderate,4,8,general,medium,False,False,train,f8a86f370e90f7901ed3f0c99cbb274d204e509c2efff6b005e4c1749f8852e3
SIMP-EN-001127,,simplification_pair,,,strong,4,8,general,medium,False,False,train,77a055956235dc7e974e9f92f27a242f7cdff1fb6ad711826f94ac79d0495141
SIMP-EN-001128,,simplification_pair,,,mild,4,8,general,medium,False,False,train,71a30436f69bec79de2e3e2eccadcd9e2a3df1b6a7136a5c08b3c2aa148922b4
SIMP-EN-001129,,simplification_pair,,,moderate,4,8,general,medium,False,False,train,f8a86f370e90f7901ed3f0c99cbb274d204e509c2efff6b005e4c1749f8852e3
SIMP-EN-001130,,simplification_pair,,,strong,4,8,general,medium,True,False,train,77a055956235dc7e974e9f92f27a242f7cdff1fb6ad711826f94ac79d0495141
SIMP-EN-001131,,simplification_pair,,,mild,4,8,general,medium,False,False,train,71a30436f69bec79de2e3e2eccadcd9e2a3df1b6a7136a5c08b3c2aa148922b4
SIMP-EN-001132,,simplification_pair,,,moderate,4,8,general,medium,False,False,train,f8a86f370e90f7901ed3f0c99cbb274d204e509c2efff6b005e4c1749f8852e3
SIMP-EN-001133,,simplification_pair,,,strong,4,8,general,medium,False,False,train,77a055956235dc7e974e9f92f27a242f7cdff1fb6ad711826f94ac79d0495141
SIMP-EN-001134,,simplification_pair,,,mild,4,8,general,medium,False,False,train,71a30436f69bec79de2e3e2eccadcd9e2a3df1b6a7136a5c08b3c2aa148922b4
SIMP-EN-001135,,simplification_pair,,,moderate,4,8,general,medium,False,False,train,f8a86f370e90f7901ed3f0c99cbb274d204e509c2efff6b005e4c1749f8852e3
SIMP-EN-001136,,simplification_pair,,,strong,4,8,general,medium,False,False,train,77a055956235dc7e974e9f92f27a242f7cdff1fb6ad711826f94ac79d0495141
SIMP-EN-001137,,simplification_pair,,,mild,4,8,general,medium,False,False,train,71a30436f69bec79de2e3e2eccadcd9e2a3df1b6a7136a5c08b3c2aa148922b4
SIMP-EN-001138,,simplification_pair,,,moderate,4,8,general,medium,False,False,train,f8a86f370e90f7901ed3f0c99cbb274d204e509c2efff6b005e4c1749f8852e3
SIMP-EN-001139,,simplification_pair,,,strong,4,8,general,medium,False,False,train,77a055956235dc7e974e9f92f27a242f7cdff1fb6ad711826f94ac79d0495141
SIMP-EN-001140,,simplification_pair,,,mild,4,8,general,medium,False,False,train,71a30436f69bec79de2e3e2eccadcd9e2a3df1b6a7136a5c08b3c2aa148922b4
SIMP-EN-001141,,simplification_pair,,,moderate,4,8,general,medium,False,False,train,f8a86f370e90f7901ed3f0c99cbb274d204e509c2efff6b005e4c1749f8852e3
SIMP-EN-001142,,simplification_pair,,,strong,4,8,general,medium,False,False,train,77a055956235dc7e974e9f92f27a242f7cdff1fb6ad711826f94ac79d0495141
SIMP-EN-001143,,simplification_pair,,,mild,4,8,general,medium,False,False,train,71a30436f69bec79de2e3e2eccadcd9e2a3df1b6a7136a5c08b3c2aa148922b4
SIMP-EN-001144,,simplification_pair,,,moderate,4,8,general,medium,False,False,train,f8a86f370e90f7901ed3f0c99cbb274d204e509c2efff6b005e4c1749f8852e3
SIMP-EN-001145,,simplification_pair,,,strong,4,8,general,medium,False,False,train,77a055956235dc7e974e9f92f27a242f7cdff1fb6ad711826f94ac79d0495141
SIMP-EN-001146,,simplification_pair,,,mild,4,8,general,medium,False,False,train,71a30436f69bec79de2e3e2eccadcd9e2a3df1b6a7136a5c08b3c2aa148922b4
SIMP-EN-001147,,simplification_pair,,,moderate,4,8,general,medium,False,False,train,f8a86f370e90f7901ed3f0c99cbb274d204e509c2efff6b005e4c1749f8852e3
SIMP-EN-001148,,simplification_pair,,,strong,4,8,general,medium,False,False,train,77a055956235dc7e974e9f92f27a242f7cdff1fb6ad711826f94ac79d0495141
SIMP-EN-001149,,simplification_pair,,,mild,4,8,general,medium,False,False,train,71a30436f69bec79de2e3e2eccadcd9e2a3df1b6a7136a5c08b3c2aa148922b4
SIMP-EN-001150,,simplification_pair,,,moderate,4,8,general,medium,False,False,train,f8a86f370e90f7901ed3f0c99cbb274d204e509c2efff6b005e4c1749f8852e3
SIMP-EN-001151,,simplification_pair,,,strong,4,8,general,medium,False,False,train,77a055956235dc7e974e9f92f27a242f7cdff1fb6ad711826f94ac79d0495141
SIMP-EN-001152,,simplification_pair,,,mild,4,8,general,medium,False,False,train,71a30436f69bec79de2e3e2eccadcd9e2a3df1b6a7136a5c08b3c2aa148922b4
SIMP-EN-001153,,simplification_pair,,,moderate,4,8,general,medium,False,False,train,f8a86f370e90f7901ed3f0c99cbb274d204e509c2efff6b005e4c1749f8852e3
SIMP-EN-001154,,simplification_pair,,,strong,4,8,general,medium,False,False,train,77a055956235dc7e974e9f92f27a242f7cdff1fb6ad711826f94ac79d0495141
SIMP-EN-000465,,simplification_pair,,,mild,4,8,general,medium,True,False,train,71a30436f69bec79de2e3e2eccadcd9e2a3df1b6a7136a5c08b3c2aa148922b4
SIMP-EN-000466,,simplification_pair,,,moderate,4,8,general,medium,True,False,train,f8a86f370e90f7901ed3f0c99cbb274d204e509c2efff6b005e4c1749f8852e3
SIMP-EN-000467,,simplification_pair,,,strong,4,8,general,medium,False,False,train,77a055956235dc7e974e9f92f27a242f7cdff1fb6ad711826f94ac79d0495141
SIMP-EN-000468,,simplification_pair,,,mild,4,8,general,medium,True,False,train,71a30436f69bec79de2e3e2eccadcd9e2a3df1b6a7136a5c08b3c2aa148922b4
SIMP-EN-000469,,simplification_pair,,,moderate,4,8,general,medium,True,False,train,f8a86f370e90f7901ed3f0c99cbb274d204e509c2efff6b005e4c1749f8852e3
SIMP-EN-000470,,simplification_pair,,,strong,4,8,general,medium,False,False,train,77a055956235dc7e974e9f92f27a242f7cdff1fb6ad711826f94ac79d0495141
SIMP-EN-000471,,simplification_pair,,,mild,4,8,general,medium,True,False,train,71a30436f69bec79de2e3e2eccadcd9e2a3df1b6a7136a5c08b3c2aa148922b4
SIMP-EN-000472,,simplification_pair,,,moderate,4,8,general,medium,True,False,train,f8a86f370e90f7901ed3f0c99cbb274d204e509c2efff6b005e4c1749f8852e3
SIMP-EN-000473,,simplification_pair,,,strong,4,8,general,medium,False,False,train,77a055956235dc7e974e9f92f27a242f7cdff1fb6ad711826f94ac79d0495141
SIMP-EN-000474,,simplification_pair,,,mild,4,8,general,medium,True,False,train,71a30436f69bec79de2e3e2eccadcd9e2a3df1b6a7136a5c08b3c2aa148922b4
SIMP-EN-000475,,simplification_pair,,,moderate,4,8,general,medium,True,False,train,f8a86f370e90f7901ed3f0c99cbb274d204e509c2efff6b005e4c1749f8852e3
SIMP-EN-000476,,simplification_pair,,,strong,4,8,general,medium,False,False,train,77a055956235dc7e974e9f92f27a242f7cdff1fb6ad711826f94ac79d0495141
SIMP-EN-000477,,simplification_pair,,,mild,4,8,general,medium,True,False,train,71a30436f69bec79de2e3e2eccadcd9e2a3df1b6a7136a5c08b3c2aa148922b4
SIMP-EN-000478,,simplification_pair,,,moderate,4,8,general,medium,True,False,train,f8a86f370e90f7901ed3f0c99cbb274d204e509c2efff6b005e4c1749f8852e3
SIMP-EN-000479,,simplification_pair,,,strong,4,8,general,medium,False,False,train,77a055956235dc7e974e9f92f27a242f7cdff1fb6ad711826f94ac79d0495141
SIMP-EN-000480,,simplification_pair,,,mild,4,8,general,medium,True,False,train,71a30436f69bec79de2e3e2eccadcd9e2a3df1b6a7136a5c08b3c2aa148922b4
SIMP-EN-000481,,simplification_pair,,,moderate,4,8,general,medium,True,False,train,f8a86f370e90f7901ed3f0c99cbb274d204e509c2efff6b005e4c1749f8852e3
SIMP-EN-000482,,simplification_pair,,,strong,4,8,general,medium,False,False,train,77a055956235dc7e974e9f92f27a242f7cdff1fb6ad711826f94ac79d0495141
SIMP-EN-000483,,simplification_pair,,,mild,4,8,general,medium,True,False,train,71a30436f69bec79de2e3e2eccadcd9e2a3df1b6a7136a5c08b3c2aa148922b4
SIMP-EN-000484,,simplification_pair,,,moderate,4,8,general,medium,True,False,train,f8a86f370e90f7901ed3f0c99cbb274d204e509c2efff6b005e4c1749f8852e3
SIMP-EN-000485,,simplification_pair,,,strong,4,8,general,medium,False,False,train,77a055956235dc7e974e9f92f27a242f7cdff1fb6ad711826f94ac79d0495141
SIMP-EN-000486,,simplification_pair,,,mild,4,8,general,medium,True,False,train,71a30436f69bec79de2e3e2eccadcd9e2a3df1b6a7136a5c08b3c2aa148922b4
SIMP-EN-000487,,simplification_pair,,,moderate,4,8,general,medium,True,False,train,f8a86f370e90f7901ed3f0c99cbb274d204e509c2efff6b005e4c1749f8852e3
SIMP-EN-000488,,simplification_pair,,,strong,4,8,general,medium,False,False,train,77a055956235dc7e974e9f92f27a242f7cdff1fb6ad711826f94ac79d0495141
SIMP-EN-000489,,simplification_pair,,,mild,4,8,general,medium,True,False,train,71a30436f69bec79de2e3e2eccadcd9e2a3df1b6a7136a5c08b3c2aa148922b4
SIMP-EN-000490,,simplification_pair,,,moderate,4,8,general,medium,True,False,train,f8a86f370e90f7901ed3f0c99cbb274d204e509c2efff6b005e4c1749f8852e3
SIMP-EN-000491,,simplification_pair,,,strong,4,8,general,medium,False,False,train,77a055956235dc7e974e9f92f27a242f7cdff1fb6ad711826f94ac79d0495141
SIMP-EN-000492,,simplification_pair,,,mild,4,8,general,medium,True,False,train,71a30436f69bec79de2e3e2eccadcd9e2a3df1b6a7136a5c08b3c2aa148922b4
SIMP-EN-000493,,simplification_pair,,,moderate,4,8,general,medium,True,False,train,f8a86f370e90f7901ed3f0c99cbb274d204e509c2efff6b005e4c1749f8852e3
SIMP-EN-000494,,simplification_pair,,,strong,4,8,general,medium,False,False,train,77a055956235dc7e974e9f92f27a242f7cdff1fb6ad711826f94ac79d0495141
SIMP-EN-000495,,simplification_pair,,,mild,4,8,general,medium,True,False,train,71a30436f69bec79de2e3e2eccadcd9e2a3df1b6a7136a5c08b3c2aa148922b4
SIMP-EN-000496,,simplification_pair,,,moderate,4,8,general,medium,False,False,train,f8a86f370e90f7901ed3f0c99cbb274d204e509c2efff6b005e4c1749f8852e3
SIMP-EN-000497,,simplification_pair,,,strong,4,8,general,medium,False,False,train,77a055956235dc7e974e9f92f27a242f7cdff1fb6ad711826f94ac79d0495141
SIMP-EN-000498,,simplification_pair,,,mild,4,8,general,medium,True,False,train,71a30436f69bec79de2e3e2eccadcd9e2a3df1b6a7136a5c08b3c2aa148922b4
SIMP-EN-000499,,simplification_pair,,,moderate,4,8,general,medium,False,False,train,f8a86f370e90f7901ed3f0c99cbb274d204e509c2efff6b005e4c1749f8852e3
SIMP-EN-000500,,simplification_pair,,,strong,4,8,general,medium,False,False,train,77a055956235dc7e974e9f92f27a242f7cdff1fb6ad711826f94ac79d0495141
SIMP-EN-000501,,simplification_pair,,,mild,4,8,general,medium,True,False,train,71a30436f69bec79de2e3e2eccadcd9e2a3df1b6a7136a5c08b3c2aa148922b4
SIMP-EN-000502,,simplification_pair,,,moderate,4,8,general,medium,False,False,train,f8a86f370e90f7901ed3f0c99cbb274d204e509c2efff6b005e4c1749f8852e3
SIMP-EN-000503,,simplification_pair,,,strong,4,8,general,medium,False,False,train,77a055956235dc7e974e9f92f27a242f7cdff1fb6ad711826f94ac79d0495141
SIMP-EN-000504,,simplification_pair,,,mild,4,8,general,medium,True,False,train,71a30436f69bec79de2e3e2eccadcd9e2a3df1b6a7136a5c08b3c2aa148922b4
SIMP-EN-000505,,simplification_pair,,,moderate,4,8,general,medium,False,False,train,f8a86f370e90f7901ed3f0c99cbb274d204e509c2efff6b005e4c1749f8852e3
SIMP-EN-000506,,simplification_pair,,,strong,4,8,general,medium,False,False,train,77a055956235dc7e974e9f92f27a242f7cdff1fb6ad711826f94ac79d0495141
SIMP-EN-000507,,simplification_pair,,,mild,4,8,general,medium,True,False,train,71a30436f69bec79de2e3e2eccadcd9e2a3df1b6a7136a5c08b3c2aa148922b4
SIMP-EN-000508,,simplification_pair,,,moderate,4,8,general,medium,False,False,train,f8a86f370e90f7901ed3f0c99cbb274d204e509c2efff6b005e4c1749f8852e3
SIMP-EN-000509,,simplification_pair,,,strong,4,8,general,medium,False,False,train,77a055956235dc7e974e9f92f27a242f7cdff1fb6ad711826f94ac79d0495141
SIMP-EN-000510,,simplification_pair,,,mild,4,8,general,medium,True,False,train,71a30436f69bec79de2e3e2eccadcd9e2a3df1b6a7136a5c08b3c2aa148922b4
SIMP-EN-000511,,simplification_pair,,,moderate,4,8,general,medium,False,False,train,f8a86f370e90f7901ed3f0c99cbb274d204e509c2efff6b005e4c1749f8852e3
SIMP-EN-000512,,simplification_pair,,,strong,4,8,general,medium,False,False,train,77a055956235dc7e974e9f92f27a242f7cdff1fb6ad711826f94ac79d0495141
SIMP-EN-000513,,simplification_pair,,,mild,4,8,general,medium,True,False,train,71a30436f69bec79de2e3e2eccadcd9e2a3df1b6a7136a5c08b3c2aa148922b4
SIMP-EN-000514,,simplification_pair,,,moderate,4,8,general,medium,False,False,train,f8a86f370e90f7901ed3f0c99cbb274d204e509c2efff6b005e4c1749f8852e3
SIMP-EN-000515,,simplification_pair,,,strong,4,8,general,medium,False,False,train,77a055956235dc7e974e9f92f27a242f7cdff1fb6ad711826f94ac79d0495141
SIMP-EN-000516,,simplification_pair,,,mild,4,8,general,medium,True,False,train,71a30436f69bec79de2e3e2eccadcd9e2a3df1b6a7136a5c08b3c2aa148922b4
SIMP-EN-000517,,simplification_pair,,,moderate,4,8,general,medium,False,False,train,f8a86f370e90f7901ed3f0c99cbb274d204e509c2efff6b005e4c1749f8852e3
SIMP-EN-000518,,simplification_pair,,,strong,4,8,general,medium,False,False,train,77a055956235dc7e974e9f92f27a242f7cdff1fb6ad711826f94ac79d0495141
SIMP-EN-000519,,simplification_pair,,,mild,4,8,general,medium,True,False,train,71a30436f69bec79de2e3e2eccadcd9e2a3df1b6a7136a5c08b3c2aa148922b4
SIMP-EN-000520,,simplification_pair,,,moderate,4,8,general,medium,False,False,train,f8a86f370e90f7901ed3f0c99cbb274d204e509c2efff6b005e4c1749f8852e3
SIMP-EN-000521,,simplification_pair,,,strong,4,8,general,medium,False,False,train,77a055956235dc7e974e9f92f27a242f7cdff1fb6ad711826f94ac79d0495141
SIMP-EN-000522,,simplification_pair,,,mild,4,8,general,medium,True,False,train,71a30436f69bec79de2e3e2eccadcd9e2a3df1b6a7136a5c08b3c2aa148922b4
SIMP-EN-000523,,simplification_pair,,,moderate,4,8,general,medium,False,False,train,f8a86f370e90f7901ed3f0c99cbb274d204e509c2efff6b005e4c1749f8852e3
SIMP-EN-000524,,simplification_pair,,,strong,4,8,general,medium,False,False,train,77a055956235dc7e974e9f92f27a242f7cdff1fb6ad711826f94ac79d0495141
SIMP-EN-000705,,simplification_pair,,,mild,4,8,general,medium,False,False,train,71a30436f69bec79de2e3e2eccadcd9e2a3df1b6a7136a5c08b3c2aa148922b4
SIMP-EN-000706,,simplification_pair,,,moderate,4,8,general,medium,False,False,train,f8a86f370e90f7901ed3f0c99cbb274d204e509c2efff6b005e4c1749f8852e3
SIMP-EN-000707,,simplification_pair,,,strong,4,8,general,medium,False,False,train,77a055956235dc7e974e9f92f27a242f7cdff1fb6ad711826f94ac79d0495141
SIMP-EN-000708,,simplification_pair,,,mild,4,8,general,medium,False,False,train,71a30436f69bec79de2e3e2eccadcd9e2a3df1b6a7136a5c08b3c2aa148922b4
SIMP-EN-000709,,simplification_pair,,,moderate,4,8,general,medium,False,False,train,f8a86f370e90f7901ed3f0c99cbb274d204e509c2efff6b005e4c1749f8852e3
SIMP-EN-000710,,simplification_pair,,,strong,4,8,general,medium,False,False,train,77a055956235dc7e974e9f92f27a242f7cdff1fb6ad711826f94ac79d0495141
SIMP-EN-000711,,simplification_pair,,,mild,4,8,general,medium,False,False,train,71a30436f69bec79de2e3e2eccadcd9e2a3df1b6a7136a5c08b3c2aa148922b4
SIMP-EN-000712,,simplification_pair,,,moderate,4,8,general,medium,False,False,train,f8a86f370e90f7901ed3f0c99cbb274d204e509c2efff6b005e4c1749f8852e3
SIMP-EN-000713,,simplification_pair,,,strong,4,8,general,medium,False,False,train,77a055956235dc7e974e9f92f27a242f7cdff1fb6ad711826f94ac79d0495141
SIMP-EN-000714,,simplification_pair,,,mild,4,8,general,medium,False,False,train,71a30436f69bec79de2e3e2eccadcd9e2a3df1b6a7136a5c08b3c2aa148922b4
SIMP-EN-000715,,simplification_pair,,,moderate,4,8,general,medium,False,False,train,f8a86f370e90f7901ed3f0c99cbb274d204e509c2efff6b005e4c1749f8852e3
SIMP-EN-000716,,simplification_pair,,,strong,4,8,general,medium,False,False,train,77a055956235dc7e974e9f92f27a242f7cdff1fb6ad711826f94ac79d0495141
SIMP-EN-000717,,simplification_pair,,,mild,4,8,general,medium,False,False,train,71a30436f69bec79de2e3e2eccadcd9e2a3df1b6a7136a5c08b3c2aa148922b4
SIMP-EN-000718,,simplification_pair,,,moderate,4,8,general,medium,False,False,train,f8a86f370e90f7901ed3f0c99cbb274d204e509c2efff6b005e4c1749f8852e3
SIMP-EN-000719,,simplification_pair,,,strong,4,8,general,medium,False,False,train,77a055956235dc7e974e9f92f27a242f7cdff1fb6ad711826f94ac79d0495141
SIMP-EN-000720,,simplification_pair,,,mild,4,8,general,medium,False,False,train,71a30436f69bec79de2e3e2eccadcd9e2a3df1b6a7136a5c08b3c2aa148922b4
SIMP-EN-000721,,simplification_pair,,,moderate,4,8,general,medium,False,False,train,f8a86f370e90f7901ed3f0c99cbb274d204e509c2efff6b005e4c1749f8852e3
SIMP-EN-000722,,simplification_pair,,,strong,4,8,general,medium,False,False,train,77a055956235dc7e974e9f92f27a242f7cdff1fb6ad711826f94ac79d0495141
SIMP-EN-000723,,simplification_pair,,,mild,4,8,general,medium,False,False,train,71a30436f69bec79de2e3e2eccadcd9e2a3df1b6a7136a5c08b3c2aa148922b4
SIMP-EN-000724,,simplification_pair,,,moderate,4,8,general,medium,False,False,train,f8a86f370e90f7901ed3f0c99cbb274d204e509c2efff6b005e4c1749f8852e3
SIMP-EN-000725,,simplification_pair,,,strong,4,8,general,medium,False,False,train,77a055956235dc7e974e9f92f27a242f7cdff1fb6ad711826f94ac79d0495141
SIMP-EN-000726,,simplification_pair,,,mild,4,8,general,medium,False,False,train,71a30436f69bec79de2e3e2eccadcd9e2a3df1b6a7136a5c08b3c2aa148922b4
SIMP-EN-000727,,simplification_pair,,,moderate,4,8,general,medium,False,False,train,f8a86f370e90f7901ed3f0c99cbb274d204e509c2efff6b005e4c1749f8852e3
SIMP-EN-000728,,simplification_pair,,,strong,4,8,general,medium,False,False,train,77a055956235dc7e974e9f92f27a242f7cdff1fb6ad711826f94ac79d0495141
SIMP-EN-000729,,simplification_pair,,,mild,4,8,general,medium,False,False,train,71a30436f69bec79de2e3e2eccadcd9e2a3df1b6a7136a5c08b3c2aa148922b4
SIMP-EN-000730,,simplification_pair,,,moderate,4,8,general,medium,False,False,train,f8a86f370e90f7901ed3f0c99cbb274d204e509c2efff6b005e4c1749f8852e3
SIMP-EN-000731,,simplification_pair,,,strong,4,8,general,medium,False,False,train,77a055956235dc7e974e9f92f27a242f7cdff1fb6ad711826f94ac79d0495141
SIMP-EN-000732,,simplification_pair,,,mild,4,8,general,medium,False,False,train,71a30436f69bec79de2e3e2eccadcd9e2a3df1b6a7136a5c08b3c2aa148922b4
SIMP-EN-000733,,simplification_pair,,,moderate,4,8,general,medium,False,False,train,f8a86f370e90f7901ed3f0c99cbb274d204e509c2efff6b005e4c1749f8852e3
SIMP-EN-000734,,simplification_pair,,,strong,4,8,general,medium,False,False,train,77a055956235dc7e974e9f92f27a242f7cdff1fb6ad711826f94ac79d0495141
SIMP-EN-000735,,simplification_pair,,,mild,4,8,general,medium,False,False,train,71a30436f69bec79de2e3e2eccadcd9e2a3df1b6a7136a5c08b3c2aa148922b4
SIMP-EN-000736,,simplification_pair,,,moderate,4,8,general,medium,False,False,train,f8a86f370e90f7901ed3f0c99cbb274d204e509c2efff6b005e4c1749f8852e3
SIMP-EN-000737,,simplification_pair,,,strong,4,8,general,medium,False,False,train,77a055956235dc7e974e9f92f27a242f7cdff1fb6ad711826f94ac79d0495141
SIMP-EN-000738,,simplification_pair,,,mild,4,8,general,medium,False,False,train,71a30436f69bec79de2e3e2eccadcd9e2a3df1b6a7136a5c08b3c2aa148922b4
SIMP-EN-000739,,simplification_pair,,,moderate,4,8,general,medium,False,False,train,f8a86f370e90f7901ed3f0c99cbb274d204e509c2efff6b005e4c1749f8852e3
SIMP-EN-000740,,simplification_pair,,,strong,4,8,general,medium,False,False,train,77a055956235dc7e974e9f92f27a242f7cdff1fb6ad711826f94ac79d0495141
SIMP-EN-000741,,simplification_pair,,,mild,4,8,general,medium,False,False,train,71a30436f69bec79de2e3e2eccadcd9e2a3df1b6a7136a5c08b3c2aa148922b4
SIMP-EN-000742,,simplification_pair,,,moderate,4,8,general,medium,False,False,train,f8a86f370e90f7901ed3f0c99cbb274d204e509c2efff6b005e4c1749f8852e3
SIMP-EN-000743,,simplification_pair,,,strong,4,8,general,medium,False,False,train,77a055956235dc7e974e9f92f27a242f7cdff1fb6ad711826f94ac79d0495141
SIMP-EN-000744,,simplification_pair,,,mild,4,8,general,medium,False,False,train,71a30436f69bec79de2e3e2eccadcd9e2a3df1b6a7136a5c08b3c2aa148922b4
SIMP-EN-000745,,simplification_pair,,,moderate,4,8,general,medium,False,False,train,f8a86f370e90f7901ed3f0c99cbb274d204e509c2efff6b005e4c1749f8852e3
SIMP-EN-000746,,simplification_pair,,,strong,4,8,general,medium,False,False,train,77a055956235dc7e974e9f92f27a242f7cdff1fb6ad711826f94ac79d0495141
SIMP-EN-000747,,simplification_pair,,,mild,4,8,general,medium,False,False,train,71a30436f69bec79de2e3e2eccadcd9e2a3df1b6a7136a5c08b3c2aa148922b4
SIMP-EN-000748,,simplification_pair,,,moderate,4,8,general,medium,False,False,train,f8a86f370e90f7901ed3f0c99cbb274d204e509c2efff6b005e4c1749f8852e3
SIMP-EN-000749,,simplification_pair,,,strong,4,8,general,medium,False,False,train,77a055956235dc7e974e9f92f27a242f7cdff1fb6ad711826f94ac79d0495141
SIMP-EN-000915,,simplification_pair,,,mild,4,8,general,medium,True,False,train,71a30436f69bec79de2e3e2eccadcd9e2a3df1b6a7136a5c08b3c2aa148922b4
SIMP-EN-000916,,simplification_pair,,,moderate,4,8,general,medium,True,False,train,f8a86f370e90f7901ed3f0c99cbb274d204e509c2efff6b005e4c1749f8852e3
SIMP-EN-000917,,simplification_pair,,,strong,4,8,general,medium,False,False,train,77a055956235dc7e974e9f92f27a242f7cdff1fb6ad711826f94ac79d0495141
SIMP-EN-000918,,simplification_pair,,,mild,4,8,general,medium,True,False,train,71a30436f69bec79de2e3e2eccadcd9e2a3df1b6a7136a5c08b3c2aa148922b4
SIMP-EN-000919,,simplification_pair,,,moderate,4,8,general,medium,False,False,train,f8a86f370e90f7901ed3f0c99cbb274d204e509c2efff6b005e4c1749f8852e3
SIMP-EN-000920,,simplification_pair,,,strong,4,8,general,medium,False,False,train,77a055956235dc7e974e9f92f27a242f7cdff1fb6ad711826f94ac79d0495141
SIMP-EN-000921,,simplification_pair,,,mild,4,8,general,medium,True,False,train,71a30436f69bec79de2e3e2eccadcd9e2a3df1b6a7136a5c08b3c2aa148922b4
SIMP-EN-000922,,simplification_pair,,,moderate,4,8,general,medium,False,False,train,f8a86f370e90f7901ed3f0c99cbb274d204e509c2efff6b005e4c1749f8852e3
SIMP-EN-000923,,simplification_pair,,,strong,4,8,general,medium,False,False,train,77a055956235dc7e974e9f92f27a242f7cdff1fb6ad711826f94ac79d0495141
SIMP-EN-000924,,simplification_pair,,,mild,4,8,general,medium,True,False,train,71a30436f69bec79de2e3e2eccadcd9e2a3df1b6a7136a5c08b3c2aa148922b4
SIMP-EN-000925,,simplification_pair,,,moderate,4,8,general,medium,True,False,train,f8a86f370e90f7901ed3f0c99cbb274d204e509c2efff6b005e4c1749f8852e3
SIMP-EN-000926,,simplification_pair,,,strong,4,8,general,medium,False,False,train,77a055956235dc7e974e9f92f27a242f7cdff1fb6ad711826f94ac79d0495141
SIMP-EN-000927,,simplification_pair,,,mild,4,8,general,medium,True,False,train,71a30436f69bec79de2e3e2eccadcd9e2a3df1b6a7136a5c08b3c2aa148922b4
SIMP-EN-000928,,simplification_pair,,,moderate,4,8,general,medium,False,False,train,f8a86f370e90f7901ed3f0c99cbb274d204e509c2efff6b005e4c1749f8852e3
SIMP-EN-000929,,simplification_pair,,,strong,4,8,general,medium,False,False,train,77a055956235dc7e974e9f92f27a242f7cdff1fb6ad711826f94ac79d0495141
SIMP-EN-000930,,simplification_pair,,,mild,4,8,general,medium,True,False,train,71a30436f69bec79de2e3e2eccadcd9e2a3df1b6a7136a5c08b3c2aa148922b4
SIMP-EN-000931,,simplification_pair,,,moderate,4,8,general,medium,True,False,train,f8a86f370e90f7901ed3f0c99cbb274d204e509c2efff6b005e4c1749f8852e3
SIMP-EN-000932,,simplification_pair,,,strong,4,8,general,medium,False,False,train,77a055956235dc7e974e9f92f27a242f7cdff1fb6ad711826f94ac79d0495141
SIMP-EN-000933,,simplification_pair,,,mild,4,8,general,medium,True,False,train,71a30436f69bec79de2e3e2eccadcd9e2a3df1b6a7136a5c08b3c2aa148922b4
SIMP-EN-000934,,simplification_pair,,,moderate,4,8,general,medium,True,False,train,f8a86f370e90f7901ed3f0c99cbb274d204e509c2efff6b005e4c1749f8852e3
SIMP-EN-000935,,simplification_pair,,,strong,4,8,general,medium,False,False,train,77a055956235dc7e974e9f92f27a242f7cdff1fb6ad711826f94ac79d0495141
SIMP-EN-000936,,simplification_pair,,,mild,4,8,general,medium,True,False,train,71a30436f69bec79de2e3e2eccadcd9e2a3df1b6a7136a5c08b3c2aa148922b4
SIMP-EN-000937,,simplification_pair,,,moderate,4,8,general,medium,True,False,train,f8a86f370e90f7901ed3f0c99cbb274d204e509c2efff6b005e4c1749f8852e3
SIMP-EN-000938,,simplification_pair,,,strong,4,8,general,medium,False,False,train,77a055956235dc7e974e9f92f27a242f7cdff1fb6ad711826f94ac79d0495141
SIMP-EN-000939,,simplification_pair,,,mild,4,8,general,medium,True,False,train,71a30436f69bec79de2e3e2eccadcd9e2a3df1b6a7136a5c08b3c2aa148922b4
SIMP-EN-000940,,simplification_pair,,,moderate,4,8,general,medium,False,False,train,f8a86f370e90f7901ed3f0c99cbb274d204e509c2efff6b005e4c1749f8852e3
SIMP-EN-000941,,simplification_pair,,,strong,4,8,general,medium,False,False,train,77a055956235dc7e974e9f92f27a242f7cdff1fb6ad711826f94ac79d0495141
SIMP-EN-000942,,simplification_pair,,,mild,4,8,general,medium,True,False,train,71a30436f69bec79de2e3e2eccadcd9e2a3df1b6a7136a5c08b3c2aa148922b4
SIMP-EN-000943,,simplification_pair,,,moderate,4,8,general,medium,False,False,train,f8a86f370e90f7901ed3f0c99cbb274d204e509c2efff6b005e4c1749f8852e3
SIMP-EN-000944,,simplification_pair,,,strong,4,8,general,medium,False,False,train,77a055956235dc7e974e9f92f27a242f7cdff1fb6ad711826f94ac79d0495141
SIMP-EN-000945,,simplification_pair,,,mild,4,8,general,medium,True,False,train,71a30436f69bec79de2e3e2eccadcd9e2a3df1b6a7136a5c08b3c2aa148922b4
SIMP-EN-000946,,simplification_pair,,,moderate,4,8,general,medium,True,False,train,f8a86f370e90f7901ed3f0c99cbb274d204e509c2efff6b005e4c1749f8852e3
SIMP-EN-000947,,simplification_pair,,,strong,4,8,general,medium,False,False,train,77a055956235dc7e974e9f92f27a242f7cdff1fb6ad711826f94ac79d0495141
SIMP-EN-000948,,simplification_pair,,,mild,4,8,general,medium,True,False,train,71a30436f69bec79de2e3e2eccadcd9e2a3df1b6a7136a5c08b3c2aa148922b4
SIMP-EN-000949,,simplification_pair,,,moderate,4,8,general,medium,False,False,train,f8a86f370e90f7901ed3f0c99cbb274d204e509c2efff6b005e4c1749f8852e3
SIMP-EN-000950,,simplification_pair,,,strong,4,8,general,medium,False,False,train,77a055956235dc7e974e9f92f27a242f7cdff1fb6ad711826f94ac79d0495141
SIMP-EN-000951,,simplification_pair,,,mild,4,8,general,medium,True,False,train,71a30436f69bec79de2e3e2eccadcd9e2a3df1b6a7136a5c08b3c2aa148922b4
SIMP-EN-000952,,simplification_pair,,,moderate,4,8,general,medium,False,False,train,f8a86f370e90f7901ed3f0c99cbb274d204e509c2efff6b005e4c1749f8852e3
SIMP-EN-000953,,simplification_pair,,,strong,4,8,general,medium,False,False,train,77a055956235dc7e974e9f92f27a242f7cdff1fb6ad711826f94ac79d0495141
SIMP-EN-000954,,simplification_pair,,,mild,4,8,general,medium,True,False,train,71a30436f69bec79de2e3e2eccadcd9e2a3df1b6a7136a5c08b3c2aa148922b4
SIMP-EN-000955,,simplification_pair,,,moderate,4,8,general,medium,True,False,train,f8a86f370e90f7901ed3f0c99cbb274d204e509c2efff6b005e4c1749f8852e3
SIMP-EN-000956,,simplification_pair,,,strong,4,8,general,medium,False,False,train,77a055956235dc7e974e9f92f27a242f7cdff1fb6ad711826f94ac79d0495141
SIMP-EN-000957,,simplification_pair,,,mild,4,8,general,medium,True,False,train,71a30436f69bec79de2e3e2eccadcd9e2a3df1b6a7136a5c08b3c2aa148922b4
SIMP-EN-000958,,simplification_pair,,,moderate,4,8,general,medium,False,False,train,f8a86f370e90f7901ed3f0c99cbb274d204e509c2efff6b005e4c1749f8852e3
SIMP-EN-000959,,simplification_pair,,,strong,4,8,general,medium,False,False,train,77a055956235dc7e974e9f92f27a242f7cdff1fb6ad711826f94ac79d0495141
SIMP-EN-000960,,simplification_pair,,,mild,4,8,general,medium,True,False,train,71a30436f69bec79de2e3e2eccadcd9e2a3df1b6a7136a5c08b3c2aa148922b4
SIMP-EN-000961,,simplification_pair,,,moderate,4,8,general,medium,True,False,train,f8a86f370e90f7901ed3f0c99cbb274d204e509c2efff6b005e4c1749f8852e3
SIMP-EN-000962,,simplification_pair,,,strong,4,8,general,medium,False,False,train,77a055956235dc7e974e9f92f27a242f7cdff1fb6ad711826f94ac79d0495141
SIMP-EN-000963,,simplification_pair,,,mild,4,8,general,medium,True,False,train,71a30436f69bec79de2e3e2eccadcd9e2a3df1b6a7136a5c08b3c2aa148922b4
SIMP-EN-000964,,simplification_pair,,,moderate,4,8,general,medium,True,False,train,f8a86f370e90f7901ed3f0c99cbb274d204e509c2efff6b005e4c1749f8852e3
SIMP-EN-000965,,simplification_pair,,,strong,4,8,general,medium,False,False,train,77a055956235dc7e974e9f92f27a242f7cdff1fb6ad711826f94ac79d0495141
SIMP-EN-000966,,simplification_pair,,,mild,4,8,general,medium,True,False,train,71a30436f69bec79de2e3e2eccadcd9e2a3df1b6a7136a5c08b3c2aa148922b4
SIMP-EN-000967,,simplification_pair,,,moderate,4,8,general,medium,True,False,train,f8a86f370e90f7901ed3f0c99cbb274d204e509c2efff6b005e4c1749f8852e3
SIMP-EN-000968,,simplification_pair,,,strong,4,8,general,medium,False,False,train,77a055956235dc7e974e9f92f27a242f7cdff1fb6ad711826f94ac79d0495141
SIMP-EN-000969,,simplification_pair,,,mild,4,8,general,medium,True,False,train,71a30436f69bec79de2e3e2eccadcd9e2a3df1b6a7136a5c08b3c2aa148922b4
SIMP-EN-000970,,simplification_pair,,,moderate,4,8,general,medium,False,False,train,f8a86f370e90f7901ed3f0c99cbb274d204e509c2efff6b005e4c1749f8852e3
SIMP-EN-000971,,simplification_pair,,,strong,4,8,general,medium,False,False,train,77a055956235dc7e974e9f92f27a242f7cdff1fb6ad711826f94ac79d0495141
SIMP-EN-000972,,simplification_pair,,,mild,4,8,general,medium,True,False,train,71a30436f69bec79de2e3e2eccadcd9e2a3df1b6a7136a5c08b3c2aa148922b4
SIMP-EN-000973,,simplification_pair,,,moderate,4,8,general,medium,False,False,train,f8a86f370e90f7901ed3f0c99cbb274d204e509c2efff6b005e4c1749f8852e3
SIMP-EN-000974,,simplification_pair,,,strong,4,8,general,medium,False,False,train,77a055956235dc7e974e9f92f27a242f7cdff1fb6ad711826f94ac79d0495141
SIMP-EN-001155,,simplification_pair,,,mild,4,8,general,medium,False,False,train,71a30436f69bec79de2e3e2eccadcd9e2a3df1b6a7136a5c08b3c2aa148922b4
SIMP-EN-001156,,simplification_pair,,,moderate,4,8,general,medium,False,False,train,f8a86f370e90f7901ed3f0c99cbb274d204e509c2efff6b005e4c1749f8852e3
SIMP-EN-001157,,simplification_pair,,,strong,4,8,general,medium,False,False,train,77a055956235dc7e974e9f92f27a242f7cdff1fb6ad711826f94ac79d0495141
SIMP-EN-001158,,simplification_pair,,,mild,4,8,general,medium,False,False,train,71a30436f69bec79de2e3e2eccadcd9e2a3df1b6a7136a5c08b3c2aa148922b4
SIMP-EN-001159,,simplification_pair,,,moderate,4,8,general,medium,False,False,train,f8a86f370e90f7901ed3f0c99cbb274d204e509c2efff6b005e4c1749f8852e3
SIMP-EN-001160,,simplification_pair,,,strong,4,8,general,medium,True,False,train,77a055956235dc7e974e9f92f27a242f7cdff1fb6ad711826f94ac79d0495141
SIMP-EN-001161,,simplification_pair,,,mild,4,8,general,medium,False,False,train,71a30436f69bec79de2e3e2eccadcd9e2a3df1b6a7136a5c08b3c2aa148922b4
SIMP-EN-001162,,simplification_pair,,,moderate,4,8,general,medium,False,False,train,f8a86f370e90f7901ed3f0c99cbb274d204e509c2efff6b005e4c1749f8852e3
SIMP-EN-001163,,simplification_pair,,,strong,4,8,general,medium,False,False,train,77a055956235dc7e974e9f92f27a242f7cdff1fb6ad711826f94ac79d0495141
SIMP-EN-001164,,simplification_pair,,,mild,4,8,general,medium,False,False,train,71a30436f69bec79de2e3e2eccadcd9e2a3df1b6a7136a5c08b3c2aa148922b4
SIMP-EN-001165,,simplification_pair,,,moderate,4,8,general,medium,False,False,train,f8a86f370e90f7901ed3f0c99cbb274d204e509c2efff6b005e4c1749f8852e3
SIMP-EN-001166,,simplification_pair,,,strong,4,8,general,medium,False,False,train,77a055956235dc7e974e9f92f27a242f7cdff1fb6ad711826f94ac79d0495141
SIMP-EN-001167,,simplification_pair,,,mild,4,8,general,medium,False,False,train,71a30436f69bec79de2e3e2eccadcd9e2a3df1b6a7136a5c08b3c2aa148922b4
SIMP-EN-001168,,simplification_pair,,,moderate,4,8,general,medium,False,False,train,f8a86f370e90f7901ed3f0c99cbb274d204e509c2efff6b005e4c1749f8852e3
SIMP-EN-001169,,simplification_pair,,,strong,4,8,general,medium,False,False,train,77a055956235dc7e974e9f92f27a242f7cdff1fb6ad711826f94ac79d0495141
SIMP-EN-001170,,simplification_pair,,,mild,4,8,general,medium,False,False,train,71a30436f69bec79de2e3e2eccadcd9e2a3df1b6a7136a5c08b3c2aa148922b4
SIMP-EN-001171,,simplification_pair,,,moderate,4,8,general,medium,False,False,train,f8a86f370e90f7901ed3f0c99cbb274d204e509c2efff6b005e4c1749f8852e3
SIMP-EN-001172,,simplification_pair,,,strong,4,8,general,medium,False,False,train,77a055956235dc7e974e9f92f27a242f7cdff1fb6ad711826f94ac79d0495141
SIMP-EN-001173,,simplification_pair,,,mild,4,8,general,medium,False,False,train,71a30436f69bec79de2e3e2eccadcd9e2a3df1b6a7136a5c08b3c2aa148922b4
SIMP-EN-001174,,simplification_pair,,,moderate,4,8,general,medium,False,False,train,f8a86f370e90f7901ed3f0c99cbb274d204e509c2efff6b005e4c1749f8852e3
SIMP-EN-001175,,simplification_pair,,,strong,4,8,general,medium,False,False,train,77a055956235dc7e974e9f92f27a242f7cdff1fb6ad711826f94ac79d0495141
SIMP-EN-001176,,simplification_pair,,,mild,4,8,general,medium,False,False,train,71a30436f69bec79de2e3e2eccadcd9e2a3df1b6a7136a5c08b3c2aa148922b4
SIMP-EN-001177,,simplification_pair,,,moderate,4,8,general,medium,False,False,train,f8a86f370e90f7901ed3f0c99cbb274d204e509c2efff6b005e4c1749f8852e3
SIMP-EN-001178,,simplification_pair,,,strong,4,8,general,medium,False,False,train,77a055956235dc7e974e9f92f27a242f7cdff1fb6ad711826f94ac79d0495141
SIMP-EN-001179,,simplification_pair,,,mild,4,8,general,medium,False,False,train,71a30436f69bec79de2e3e2eccadcd9e2a3df1b6a7136a5c08b3c2aa148922b4
SIMP-EN-001180,,simplification_pair,,,moderate,4,8,general,medium,False,False,train,f8a86f370e90f7901ed3f0c99cbb274d204e509c2efff6b005e4c1749f8852e3
SIMP-EN-001181,,simplification_pair,,,strong,4,8,general,medium,False,False,train,77a055956235dc7e974e9f92f27a242f7cdff1fb6ad711826f94ac79d0495141
SIMP-EN-001182,,simplification_pair,,,mild,4,8,general,medium,False,False,train,71a30436f69bec79de2e3e2eccadcd9e2a3df1b6a7136a5c08b3c2aa148922b4
SIMP-EN-001183,,simplification_pair,,,moderate,4,8,general,medium,False,False,train,f8a86f370e90f7901ed3f0c99cbb274d204e509c2efff6b005e4c1749f8852e3
SIMP-EN-001184,,simplification_pair,,,strong,4,8,general,medium,False,False,train,77a055956235dc7e974e9f92f27a242f7cdff1fb6ad711826f94ac79d0495141
SIMP-EN-001185,,simplification_pair,,,mild,4,8,general,medium,False,False,train,71a30436f69bec79de2e3e2eccadcd9e2a3df1b6a7136a5c08b3c2aa148922b4
SIMP-EN-001186,,simplification_pair,,,moderate,4,8,general,medium,False,False,train,f8a86f370e90f7901ed3f0c99cbb274d204e509c2efff6b005e4c1749f8852e3
SIMP-EN-001187,,simplification_pair,,,strong,4,8,general,medium,False,False,train,77a055956235dc7e974e9f92f27a242f7cdff1fb6ad711826f94ac79d0495141
SIMP-EN-001188,,simplification_pair,,,mild,4,8,general,medium,False,False,train,71a30436f69bec79de2e3e2eccadcd9e2a3df1b6a7136a5c08b3c2aa148922b4
SIMP-EN-001189,,simplification_pair,,,moderate,4,8,general,medium,False,False,train,f8a86f370e90f7901ed3f0c99cbb274d204e509c2efff6b005e4c1749f8852e3
SIMP-EN-001190,,simplification_pair,,,strong,4,8,general,medium,True,False,train,77a055956235dc7e974e9f92f27a242f7cdff1fb6ad711826f94ac79d0495141
SIMP-EN-001191,,simplification_pair,,,mild,4,8,general,medium,False,False,train,71a30436f69bec79de2e3e2eccadcd9e2a3df1b6a7136a5c08b3c2aa148922b4
SIMP-EN-001192,,simplification_pair,,,moderate,4,8,general,medium,False,False,train,f8a86f370e90f7901ed3f0c99cbb274d204e509c2efff6b005e4c1749f8852e3
SIMP-EN-001193,,simplification_pair,,,strong,4,8,general,medium,False,False,train,77a055956235dc7e974e9f92f27a242f7cdff1fb6ad711826f94ac79d0495141
SIMP-EN-001194,,simplification_pair,,,mild,4,8,general,medium,False,False,train,71a30436f69bec79de2e3e2eccadcd9e2a3df1b6a7136a5c08b3c2aa148922b4
SIMP-EN-001195,,simplification_pair,,,moderate,4,8,general,medium,False,False,train,f8a86f370e90f7901ed3f0c99cbb274d204e509c2efff6b005e4c1749f8852e3
SIMP-EN-001196,,simplification_pair,,,strong,4,8,general,medium,False,False,train,77a055956235dc7e974e9f92f27a242f7cdff1fb6ad711826f94ac79d0495141
SIMP-EN-001197,,simplification_pair,,,mild,4,8,general,medium,False,False,train,71a30436f69bec79de2e3e2eccadcd9e2a3df1b6a7136a5c08b3c2aa148922b4
SIMP-EN-001198,,simplification_pair,,,moderate,4,8,general,medium,False,False,train,f8a86f370e90f7901ed3f0c99cbb274d204e509c2efff6b005e4c1749f8852e3
SIMP-EN-001199,,simplification_pair,,,strong,4,8,general,medium,False,False,train,77a055956235dc7e974e9f92f27a242f7cdff1fb6ad711826f94ac79d0495141
LEX--0000,GRP-LEX-,lexicon_entry,,,,4,8,vocabulary,lexical,False,False,lexicon,565d240f5343e625ae579a4d45a770f1f02c6368b5ed4d06da4fbe6f47c28866
LEX--0001,GRP-LEX-,lexicon_entry,,,,4,8,vocabulary,lexical,False,False,lexicon,565d240f5343e625ae579a4d45a770f1f02c6368b5ed4d06da4fbe6f47c28866
LEX--0002,GRP-LEX-,lexicon_entry,,,,4,8,vocabulary,lexical,False,False,lexicon,565d240f5343e625ae579a4d45a770f1f02c6368b5ed4d06da4fbe6f47c28866
LEX--0003,GRP-LEX-,lexicon_entry,,,,4,8,vocabulary,lexical,False,False,lexicon,565d240f5343e625ae579a4d45a770f1f02c6368b5ed4d06da4fbe6f47c28866
LEX--0004,GRP-LEX-,lexicon_entry,,,,4,8,vocabulary,lexical,False,False,lexicon,565d240f5343e625ae579a4d45a770f1f02c6368b5ed4d06da4fbe6f47c28866
LEX--0005,GRP-LEX-,lexicon_entry,,,,4,8,vocabulary,lexical,False,False,lexicon,565d240f5343e625ae579a4d45a770f1f02c6368b5ed4d06da4fbe6f47c28866
LEX--0006,GRP-LEX-,lexicon_entry,,,,4,8,vocabulary,lexical,False,False,lexicon,565d240f5343e625ae579a4d45a770f1f02c6368b5ed4d06da4fbe6f47c28866
LEX--0007,GRP-LEX-,lexicon_entry,,,,4,8,vocabulary,lexical,False,False,lexicon,565d240f5343e625ae579a4d45a770f1f02c6368b5ed4d06da4fbe6f47c28866
LEX--0008,GRP-LEX-,lexicon_entry,,,,4,8,vocabulary,lexical,False,False,lexicon,565d240f5343e625ae579a4d45a770f1f02c6368b5ed4d06da4fbe6f47c28866
LEX--0009,GRP-LEX-,lexicon_entry,,,,4,8,vocabulary,lexical,False,False,lexicon,565d240f5343e625ae579a4d45a770f1f02c6368b5ed4d06da4fbe6f47c28866
LEX--0010,GRP-LEX-,lexicon_entry,,,,4,8,vocabulary,lexical,False,False,lexicon,565d240f5343e625ae579a4d45a770f1f02c6368b5ed4d06da4fbe6f47c28866
LEX--0011,GRP-LEX-,lexicon_entry,,,,4,8,vocabulary,lexical,False,False,lexicon,565d240f5343e625ae579a4d45a770f1f02c6368b5ed4d06da4fbe6f47c28866
LEX--0012,GRP-LEX-,lexicon_entry,,,,4,8,vocabulary,lexical,False,False,lexicon,565d240f5343e625ae579a4d45a770f1f02c6368b5ed4d06da4fbe6f47c28866
LEX--0013,GRP-LEX-,lexicon_entry,,,,4,8,vocabulary,lexical,False,False,lexicon,565d240f5343e625ae579a4d45a770f1f02c6368b5ed4d06da4fbe6f47c28866
LEX--0014,GRP-LEX-,lexicon_entry,,,,4,8,vocabulary,lexical,False,False,lexicon,565d240f5343e625ae579a4d45a770f1f02c6368b5ed4d06da4fbe6f47c28866
LEX--0015,GRP-LEX-,lexicon_entry,,,,4,8,vocabulary,lexical,False,False,lexicon,565d240f5343e625ae579a4d45a770f1f02c6368b5ed4d06da4fbe6f47c28866
LEX--0016,GRP-LEX-,lexicon_entry,,,,4,8,vocabulary,lexical,False,False,lexicon,565d240f5343e625ae579a4d45a770f1f02c6368b5ed4d06da4fbe6f47c28866
LEX--0017,GRP-LEX-,lexicon_entry,,,,4,8,vocabulary,lexical,False,False,lexicon,565d240f5343e625ae579a4d45a770f1f02c6368b5ed4d06da4fbe6f47c28866
LEX-EN-000100,GRP-LEX-enormous,lexicon_entry,enormous,,,4,8,vocabulary,lexical,False,False,lexicon,015a95a0d51e9dacbf22d1fee8e87751392be05fddf5201752fe6129ab60984f
LEX-EN-000101,GRP-LEX-ancient,lexicon_entry,ancient,,,4,8,vocabulary,lexical,False,False,lexicon,33f4afe08e5af636bdcae642b3c031912a998bcbc992f118055dcc07e81c0fb7
LEX-EN-000102,GRP-LEX-habitat,lexicon_entry,habitat,,,4,8,vocabulary,lexical,False,False,lexicon,ad9852b835bcb0ab4146735d6f5bdd9a26eed70b20d4f7e31a808b108d6ff12d
LEX-EN-000103,GRP-LEX-illuminate,lexicon_entry,illuminate,,,4,8,vocabulary,lexical,False,False,lexicon,bd4fb8e0bd5b9616bb3ea752ca4e067110f61913d52029511ad044495f54403d
LEX-EN-000104,GRP-LEX-gather,lexicon_entry,gather,,,4,8,vocabulary,lexical,False,False,lexicon,34f7dcea879c86822a07a82cd84a80d91e4db17dfd0c815a44595638f0059d60
LEX-EN-000105,GRP-LEX-fragile,lexicon_entry,fragile,,,4,8,vocabulary,lexical,False,False,lexicon,de31ca2b63f624344db0325604b3ef54818c27d67ced8ae565b7ed92d6e84ba1
LEX-EN-000106,GRP-LEX-glide,lexicon_entry,glide,,,4,8,vocabulary,lexical,False,False,lexicon,375e6c784d4ead96fb06a33979846c916f014adbc6332ce05203442b0063c093
LEX-EN-000107,GRP-LEX-nocturnal,lexicon_entry,nocturnal,,,4,8,vocabulary,lexical,False,False,lexicon,f36227fdfa1f8c4c8d8fb25d3493efea16fdf3acc320ca707a52632682932914
LEX-EN-000108,GRP-LEX-swift,lexicon_entry,swift,,,4,8,vocabulary,lexical,False,False,lexicon,d7d5a24833b89547fd3ba644209c056e679a2db0dcffe6696cea813a6235ba15
LEX-EN-000109,GRP-LEX-cozy,lexicon_entry,cozy,,,4,8,vocabulary,lexical,False,False,lexicon,8ab25af8913360a5dec3bfc7e6c7962cdd4b93239bb7c10a2c055fa3d74ebe4b
LEX-EN-000110,GRP-LEX-hibernate,lexicon_entry,hibernate,,,4,8,vocabulary,lexical,False,False,lexicon,a97117a4c24f8bd38d9a6a534c9d23637bc81662b79f120e16e40eae484d7264
LEX-EN-000111,GRP-LEX-canopy,lexicon_entry,canopy,,,4,8,vocabulary,lexical,False,False,lexicon,01da95ec893c0828a3918a64291ccd2fc34b1e09071b62dcaac390bda31ea6a6
LEX-EN-000112,GRP-LEX-enormous_13,lexicon_entry,enormous_13,,,4,8,vocabulary,lexical,False,False,lexicon,1ab29fdf26e46d057682e3ad88e86a624045835f04d92934d24983b354ad15cb
LEX-EN-000113,GRP-LEX-ancient_14,lexicon_entry,ancient_14,,,4,8,vocabulary,lexical,False,False,lexicon,c7edc4467251b0621617c69d8cd5fbc488b25cb59c91a68ab52aea6cb2c64a7b
LEX-EN-000114,GRP-LEX-habitat_15,lexicon_entry,habitat_15,,,4,8,vocabulary,lexical,False,False,lexicon,37be708256837c92c8890864a143ab4e2d99ae6f7191039c18e6b468719ba40c
LEX-EN-000115,GRP-LEX-illuminate_16,lexicon_entry,illuminate_16,,,4,8,vocabulary,lexical,False,False,lexicon,5c792db85c1ff9a3a788dbaf6c5c9f52eaa0acc846172fdf21e78f0b71c9913a
LEX-EN-000116,GRP-LEX-gather_17,lexicon_entry,gather_17,,,4,8,vocabulary,lexical,False,False,lexicon,4f5175d6e25e106d8e2307834c8f297f44c2e8b95c6ceef547ae2da049077c73
LEX-EN-000117,GRP-LEX-fragile_18,lexicon_entry,fragile_18,,,4,8,vocabulary,lexical,False,False,lexicon,a2971bade379af6cb29fb9a5f4ed7275e0efa97b7c37f0b72d2021abb7391470
LEX-EN-000118,GRP-LEX-glide_19,lexicon_entry,glide_19,,,4,8,vocabulary,lexical,False,False,lexicon,9d2cd3ab3d43a7014c0cd6cf601c225f6b59fd4989d1dfc923bea6d7717e74cb
LEX-EN-000119,GRP-LEX-nocturnal_20,lexicon_entry,nocturnal_20,,,4,8,vocabulary,lexical,False,False,lexicon,07ca34f40a369a22f70780a1fe0a3757e82be8aca7abf812c80971dde784d130
LEX-EN-000120,GRP-LEX-swift_21,lexicon_entry,swift_21,,,4,8,vocabulary,lexical,False,False,lexicon,f459d9d8cc2fa2bd2be63af5cc477e8b636cc17ad5f3d2b71d71edb261f70c7d
LEX-EN-000121,GRP-LEX-cozy_22,lexicon_entry,cozy_22,,,4,8,vocabulary,lexical,False,False,lexicon,1e8785ee0f15eb98df7ef76ba0ce253f7e8b2725965bbd57da0c0e554a7a9c28
LEX-EN-000122,GRP-LEX-hibernate_23,lexicon_entry,hibernate_23,,,4,8,vocabulary,lexical,False,False,lexicon,a8dcff9c89910e0f13a3a679306e90738452643f23b184c9e2ed03d1535d6e7e
LEX-EN-000123,GRP-LEX-canopy_24,lexicon_entry,canopy_24,,,4,8,vocabulary,lexical,False,False,lexicon,c17d3e0ad871812553e7c8b7ca31c73fdc4c77d2eaea75a8d2fce63ca7dec5ec
LEX-EN-000124,GRP-LEX-enormous_25,lexicon_entry,enormous_25,,,4,8,vocabulary,lexical,False,False,lexicon,454d9ee1fe57414eb1fa594760becd73089389c4c05d123ea06eed6867c9c526
LEX-EN-000125,GRP-LEX-ancient_26,lexicon_entry,ancient_26,,,4,8,vocabulary,lexical,False,False,lexicon,8822c4a1ce86a4601747e5cde4cf379b9fda023c463ea7a0d8676d5bf0e709c1
LEX-EN-000126,GRP-LEX-habitat_27,lexicon_entry,habitat_27,,,4,8,vocabulary,lexical,False,False,lexicon,f00bc0e46f9027002d6e16b204ef5263b6947fdcd5e9b3bf809911be01685697
LEX-EN-000127,GRP-LEX-illuminate_28,lexicon_entry,illuminate_28,,,4,8,vocabulary,lexical,False,False,lexicon,2e43d033aff27ad6a8eeed6b4e55e94a7a298cbc0e67a8eda5d9132e4e110bd0
LEX-EN-000128,GRP-LEX-gather_29,lexicon_entry,gather_29,,,4,8,vocabulary,lexical,False,False,lexicon,f672771d3ecb178ab701027f8f63f0a097458b917c7f335b49dbec2179333450
LEX-EN-000129,GRP-LEX-fragile_30,lexicon_entry,fragile_30,,,4,8,vocabulary,lexical,False,False,lexicon,789b5f125b51434deded5812359c635c2bf1ab08fb7a28e1ee5e0303c0eccfa9
LEX-EN-000130,GRP-LEX-glide_31,lexicon_entry,glide_31,,,4,8,vocabulary,lexical,False,False,lexicon,d9defc2769c2799da2bdf65dc276dadf04284e05371e6240e3d7b03d1b516281
LEX-EN-000131,GRP-LEX-nocturnal_32,lexicon_entry,nocturnal_32,,,4,8,vocabulary,lexical,False,False,lexicon,78c1bac22ae0521e792496a599dc401d1c6b4d7fa6f07e082820b729fd2f4e18
LEX-EN-000132,GRP-LEX-swift_33,lexicon_entry,swift_33,,,4,8,vocabulary,lexical,False,False,lexicon,34c38fd12a78b56a86925ca22c0ab6f7712db0d42de9bad57a0c4ad900aaf0ec
LEX-EN-000133,GRP-LEX-cozy_34,lexicon_entry,cozy_34,,,4,8,vocabulary,lexical,False,False,lexicon,54f247ee2eb21b4a396dfe74c8c77acff808ab4b3ae8104824bf8b411d493dfb
LEX-EN-000134,GRP-LEX-hibernate_35,lexicon_entry,hibernate_35,,,4,8,vocabulary,lexical,False,False,lexicon,ca8a7a381f1384b8ff428f148133cf5f023e5d8a756ad26e88c54f20901dc37d
LEX-EN-000135,GRP-LEX-canopy_36,lexicon_entry,canopy_36,,,4,8,vocabulary,lexical,False,False,lexicon,f008fabe17b6b31e5e1c3a94565c0d43baeb620d4adde6c26c5db8e1cc1f22f3
LEX-EN-000136,GRP-LEX-enormous_37,lexicon_entry,enormous_37,,,4,8,vocabulary,lexical,False,False,lexicon,9763882ace4d0b152a460915970cee78cf4987423d2b9a9b545ed869ae69254f
LEX-EN-000137,GRP-LEX-ancient_38,lexicon_entry,ancient_38,,,4,8,vocabulary,lexical,False,False,lexicon,1810d61a663c695fa41c63c81bd2283a024f692687dde7eded83daebd401b1c8
LEX-EN-000138,GRP-LEX-habitat_39,lexicon_entry,habitat_39,,,4,8,vocabulary,lexical,False,False,lexicon,b9fa9f0a31a154e78f362017484c3cd53abca746d9d55b96a4ccb71bb3ea07a4
LEX-EN-000139,GRP-LEX-illuminate_40,lexicon_entry,illuminate_40,,,4,8,vocabulary,lexical,False,False,lexicon,0eae67fd7c534fcac7a2e72a84722bebf5119cc6c29205fcc949b19cc5344828
LEX-EN-000140,GRP-LEX-gather_41,lexicon_entry,gather_41,,,4,8,vocabulary,lexical,False,False,lexicon,5281ced5af669b42da57bde4cfe1ab1d5d1b803cc25f93f1d94aa40312dbfa5d
LEX-EN-000141,GRP-LEX-fragile_42,lexicon_entry,fragile_42,,,4,8,vocabulary,lexical,False,False,lexicon,18cb5129679f4bf0f028d715fa014178077625547f5900a944523b551bcafc43
LEX-EN-000142,GRP-LEX-glide_43,lexicon_entry,glide_43,,,4,8,vocabulary,lexical,False,False,lexicon,5ecf60769c91b827216a0a655287422039ec3229fbdd84059999186c887be885
LEX-EN-000143,GRP-LEX-nocturnal_44,lexicon_entry,nocturnal_44,,,4,8,vocabulary,lexical,False,False,lexicon,e4592d1635cfccf551bea432aec52ebb79925e288be8f8b29fa8a72f5242723f
LEX-EN-000144,GRP-LEX-swift_45,lexicon_entry,swift_45,,,4,8,vocabulary,lexical,False,False,lexicon,cca7e0b3a2dacb08173024aa61e1d24b41ca051581bdbd793754f4f6523cb96b
LEX-EN-000145,GRP-LEX-cozy_46,lexicon_entry,cozy_46,,,4,8,vocabulary,lexical,False,False,lexicon,7a91e9842a89a7f6492fee54dc6c0c4f050801633ddf06885f21616649605dbe
LEX-EN-000146,GRP-LEX-hibernate_47,lexicon_entry,hibernate_47,,,4,8,vocabulary,lexical,False,False,lexicon,6f760b97dc4cae34805eeacf8f39f41099955c140f1e1efd8ede4349be0e5a04
LEX-EN-000147,GRP-LEX-canopy_48,lexicon_entry,canopy_48,,,4,8,vocabulary,lexical,False,False,lexicon,2b265d796992cd23c740a265feb0c6ca54a222df640f87a2b4547ec83897c387
LEX-EN-000148,GRP-LEX-enormous_49,lexicon_entry,enormous_49,,,4,8,vocabulary,lexical,False,False,lexicon,2d65a7b47730c6d8d5a3b4061022319681a3b50731498b881dd3f322a3c2aba4
LEX-EN-000149,GRP-LEX-ancient_50,lexicon_entry,ancient_50,,,4,8,vocabulary,lexical,False,False,lexicon,2ecbdcde0751fec65d0f6a2bc0b0eb5127829dcb1fa17a81e6124bd5ca756ec0
LEX-EN-000150,GRP-LEX-habitat_51,lexicon_entry,habitat_51,,,4,8,vocabulary,lexical,False,False,lexicon,43e87e227832519cade66286b29232b7d0c805ae98cf0f738be82bfcc801614d
LEX-EN-000151,GRP-LEX-illuminate_52,lexicon_entry,illuminate_52,,,4,8,vocabulary,lexical,False,False,lexicon,ac1b6780ac6bb595ee4fef263d1fd16ee3b274aa7474e9d99c97956aea93cca8
LEX-EN-000152,GRP-LEX-gather_53,lexicon_entry,gather_53,,,4,8,vocabulary,lexical,False,False,lexicon,47a47d9981cb7b802bbd6e66fbd0f3d17b56d8fe50cc26f9bb7f5ff8eaff6cad
LEX-EN-000153,GRP-LEX-fragile_54,lexicon_entry,fragile_54,,,4,8,vocabulary,lexical,False,False,lexicon,6663d9eab0ef9b95c3111832d531923c36545b5d476b17d72f1f6c890e158f85
LEX-EN-000154,GRP-LEX-glide_55,lexicon_entry,glide_55,,,4,8,vocabulary,lexical,False,False,lexicon,b82d8aeda82fcb6a2bd8d02dffa87772720594f2e5faf3a0d864918fe77882e2
LEX-EN-000155,GRP-LEX-nocturnal_56,lexicon_entry,nocturnal_56,,,4,8,vocabulary,lexical,False,False,lexicon,bf9cfc8e0aad5cd09ba9bd76a7f17e3f0bb72c7fb4ad710c68dd3ebad885de00
LEX-EN-000156,GRP-LEX-swift_57,lexicon_entry,swift_57,,,4,8,vocabulary,lexical,False,False,lexicon,d3720f2b2dad5a3028f5089256125052a7a02f98445cfc1ce085e98860a73164
LEX-EN-000157,GRP-LEX-cozy_58,lexicon_entry,cozy_58,,,4,8,vocabulary,lexical,False,False,lexicon,3bb7be3a505b590f3acdb36e416ee04cece42a43ae901b978b3b7e479dcfb98d
LEX-EN-000158,GRP-LEX-hibernate_59,lexicon_entry,hibernate_59,,,4,8,vocabulary,lexical,False,False,lexicon,85e82ca6e476bc35d925081724741a301ddfc249adad251a00140e606d1f175e
LEX-EN-000159,GRP-LEX-canopy_60,lexicon_entry,canopy_60,,,4,8,vocabulary,lexical,False,False,lexicon,ec6777b9d34aacfa7b3156c615a2c6f26905b29f9c9bbe537ecb1c44e7acd69b
LEX-EN-000160,GRP-LEX-enormous_61,lexicon_entry,enormous_61,,,4,8,vocabulary,lexical,False,False,lexicon,a701b7cd3ec3ebb1c2ac918b0fb00534b3a23eeb3c1731f5b510d3a971a69df3
LEX-EN-000161,GRP-LEX-ancient_62,lexicon_entry,ancient_62,,,4,8,vocabulary,lexical,False,False,lexicon,5f86b018367fbfd7a1e4863218cd40fad789ea391fa277479070be7e39da6386
LEX-EN-000162,GRP-LEX-habitat_63,lexicon_entry,habitat_63,,,4,8,vocabulary,lexical,False,False,lexicon,3683a18fd75e076eecab5579bc526c18cdd2d6681a5b54c471567104e893b56d
LEX-EN-000163,GRP-LEX-illuminate_64,lexicon_entry,illuminate_64,,,4,8,vocabulary,lexical,False,False,lexicon,1f8f2150667864eec3d4e583a5523af498cb8dacf287d9bf8205705e27b150d4
LEX-EN-000164,GRP-LEX-gather_65,lexicon_entry,gather_65,,,4,8,vocabulary,lexical,False,False,lexicon,6613454cee14b529bf8a87ca12c8c0b76715bdb95b335a2fcf6e822e53006006
LEX-EN-000165,GRP-LEX-fragile_66,lexicon_entry,fragile_66,,,4,8,vocabulary,lexical,False,False,lexicon,2afd72b6eeb7b5bf49a58b881d41ad612e5b4226ba37286f0c162b76d8febfad
LEX-EN-000166,GRP-LEX-glide_67,lexicon_entry,glide_67,,,4,8,vocabulary,lexical,False,False,lexicon,9eb54abf894b8a054656ba5dee1c3ea38769b4bcc630c02e898b96aecc543beb
LEX-EN-000167,GRP-LEX-nocturnal_68,lexicon_entry,nocturnal_68,,,4,8,vocabulary,lexical,False,False,lexicon,5ed7407f8a76df7ffe7bdedd2179993ee74611ba72ac5a57272ac8c0e42ad2cf
LEX-EN-000168,GRP-LEX-swift_69,lexicon_entry,swift_69,,,4,8,vocabulary,lexical,False,False,lexicon,ab99c7c30dff8237f1709d2c881b0a28a87bce77c3e5241ed82f73eec70823a8
LEX-EN-000169,GRP-LEX-cozy_70,lexicon_entry,cozy_70,,,4,8,vocabulary,lexical,False,False,lexicon,a670dcdb79cc4dcd635c14b8f73c18a45a85d84bdbe565e63994162aa567d31a
LEX-EN-000170,GRP-LEX-hibernate_71,lexicon_entry,hibernate_71,,,4,8,vocabulary,lexical,False,False,lexicon,bbc208caff8ab74179c1f1098c40f7b209c2c05c44f5fab244de819cf59bca89
LEX-EN-000171,GRP-LEX-canopy_72,lexicon_entry,canopy_72,,,4,8,vocabulary,lexical,False,False,lexicon,c4ab041e4d9d8c0a6fa8c2e7887cbc9c73c4b60387f43957044f8f15d821950c
LEX-EN-000172,GRP-LEX-enormous_73,lexicon_entry,enormous_73,,,4,8,vocabulary,lexical,False,False,lexicon,e803eaf8490de4347dda7b9b58033074fba2853730736625e67d83058b77fbf7
LEX-EN-000173,GRP-LEX-ancient_74,lexicon_entry,ancient_74,,,4,8,vocabulary,lexical,False,False,lexicon,90db0585e16009960d0c23d3c302ff2a287d44a76106420ef5e6d070b53eae87
LEX-EN-000174,GRP-LEX-habitat_75,lexicon_entry,habitat_75,,,4,8,vocabulary,lexical,False,False,lexicon,7d38f238ec204fd94cc02ff22254f69cd22a39be58a9da7beb0f8506dcec0286
LEX-EN-000175,GRP-LEX-illuminate_76,lexicon_entry,illuminate_76,,,4,8,vocabulary,lexical,False,False,lexicon,04253bda9d98bb64057ad241a71fcbd1d22009cc96d6aa6934dfd06dda0ba5b5
LEX-EN-000176,GRP-LEX-gather_77,lexicon_entry,gather_77,,,4,8,vocabulary,lexical,False,False,lexicon,3c534bad5b5b9a26efb3381e8cbe337f444a1868c634c9671bc939b8153071af
LEX-EN-000177,GRP-LEX-fragile_78,lexicon_entry,fragile_78,,,4,8,vocabulary,lexical,False,False,lexicon,a3ed71218b66ed038365bb4623950fb1b724be30cf556dd9951161b5339611cb
LEX-EN-000178,GRP-LEX-glide_79,lexicon_entry,glide_79,,,4,8,vocabulary,lexical,False,False,lexicon,06aed074c5f4c2f9b40ad3157a8d8cd53f3d33042f9417943e0efb82762e35bf
LEX-EN-000179,GRP-LEX-nocturnal_80,lexicon_entry,nocturnal_80,,,4,8,vocabulary,lexical,False,False,lexicon,0522d1d61d8f91c82188e304441135deb30530faa790d47cac2ded1403b4a66a
LEX-EN-000180,GRP-LEX-swift_81,lexicon_entry,swift_81,,,4,8,vocabulary,lexical,False,False,lexicon,ffc8deb595a96e0b0e21ad70246fc3525afb963efb4ca478a9206bb06742b0fc
LEX-EN-000181,GRP-LEX-cozy_82,lexicon_entry,cozy_82,,,4,8,vocabulary,lexical,False,False,lexicon,c0cf7df2aa963aef0c4e96310c6e680917a95fbd0c14c4dab816c88880a869df
LEX-EN-000182,GRP-LEX-hibernate_83,lexicon_entry,hibernate_83,,,4,8,vocabulary,lexical,False,False,lexicon,300e6cde6893746bbf75aebec6df89b6b254a7a7bc25ecbdbcb0ffd7075865a1
LEX-EN-000183,GRP-LEX-canopy_84,lexicon_entry,canopy_84,,,4,8,vocabulary,lexical,False,False,lexicon,470d01e36a496f8392a1b4ca545e2d8cb90076b32a7d89d5f84e7d67336eaf04
LEX-EN-000184,GRP-LEX-enormous_85,lexicon_entry,enormous_85,,,4,8,vocabulary,lexical,False,False,lexicon,e4b73137115d07e556f255cee772e93288bca288eb600b4cd91a52d138b6d224
LEX-EN-000185,GRP-LEX-ancient_86,lexicon_entry,ancient_86,,,4,8,vocabulary,lexical,False,False,lexicon,6efa07ea27f2e29c484c3981e189ec7791a5061c1de714975fb8559f1ddbbf89
LEX-EN-000186,GRP-LEX-habitat_87,lexicon_entry,habitat_87,,,4,8,vocabulary,lexical,False,False,lexicon,e0e9d143ca1459120e503086a23c4a7a66fc753f68eb59a6fe59e122cef8f9ec
LEX-EN-000187,GRP-LEX-illuminate_88,lexicon_entry,illuminate_88,,,4,8,vocabulary,lexical,False,False,lexicon,3c218eea629b035136ff690101e88a899343efaae32fe16e014540fd47304cee
LEX-EN-000188,GRP-LEX-gather_89,lexicon_entry,gather_89,,,4,8,vocabulary,lexical,False,False,lexicon,ca71af23ba502c8a2e15ee2a20fd2d28f1cff7b75e91d375dc0a9bd36b00df1e
LEX-EN-000189,GRP-LEX-fragile_90,lexicon_entry,fragile_90,,,4,8,vocabulary,lexical,False,False,lexicon,a2cfc03fd0c130d32585f23f9d2c4b846b36a3547fa0c8c99833490cf766492f
LEX-EN-000190,GRP-LEX-glide_91,lexicon_entry,glide_91,,,4,8,vocabulary,lexical,False,False,lexicon,fc12f54bd8aef89033853b0bc0abd0667175f45ed20d6816fac2e751535e8e3d
LEX-EN-000191,GRP-LEX-nocturnal_92,lexicon_entry,nocturnal_92,,,4,8,vocabulary,lexical,False,False,lexicon,2c74cd2e83dc1dfd0f5dcb0ce57e1d9e2327c88e101fcedc98fb1c9b339bfce4
LEX-EN-000192,GRP-LEX-swift_93,lexicon_entry,swift_93,,,4,8,vocabulary,lexical,False,False,lexicon,0a16ae794ac23c27e01111db029e3dcf9c7e202eb71d6e38ee76fb20d234a4d2
LEX-EN-000193,GRP-LEX-cozy_94,lexicon_entry,cozy_94,,,4,8,vocabulary,lexical,False,False,lexicon,14e23416d072a51ff574d7094bcea1b1bc6775b065da8b3a19c2d7aecdd6f905
LEX-EN-000194,GRP-LEX-hibernate_95,lexicon_entry,hibernate_95,,,4,8,vocabulary,lexical,False,False,lexicon,8392c3d58e614c319b11db01844bbc5b706248652becc3ff3926442f9ea7993d
LEX-EN-000195,GRP-LEX-canopy_96,lexicon_entry,canopy_96,,,4,8,vocabulary,lexical,False,False,lexicon,fdf50e24f62f7143c6c0c4362961190af8c918402ec60ce889139726ba0a98e3
LEX-EN-000196,GRP-LEX-enormous_97,lexicon_entry,enormous_97,,,4,8,vocabulary,lexical,False,False,lexicon,8e71125709e4a26ad658971041355f642b0805b07f9b71cb1e3ba127d1a29e2f
LEX-EN-000197,GRP-LEX-ancient_98,lexicon_entry,ancient_98,,,4,8,vocabulary,lexical,False,False,lexicon,70c2f042244e76f2e7fd543d3f9900a0e485c05f7a1837c884d589c0a4033dd6
LEX-EN-000198,GRP-LEX-habitat_99,lexicon_entry,habitat_99,,,4,8,vocabulary,lexical,False,False,lexicon,bd146c4b963d8090f17b601c42cd0cef406c04fa3f885e933e3f597c28437464
LEX-EN-000199,GRP-LEX-illuminate_100,lexicon_entry,illuminate_100,,,4,8,vocabulary,lexical,False,False,lexicon,02b4cc7f73b883027b6166234e912cb594d36fe7d0eb9ba14db6ffcd10e99be2
LEX-EN-000200,GRP-LEX-gather_101,lexicon_entry,gather_101,,,4,8,vocabulary,lexical,False,False,lexicon,a15110bcc5f659eb58c7b6f8489f0af08c52cb1c876d50d11e305d61861dd51f
LEX-EN-000201,GRP-LEX-fragile_102,lexicon_entry,fragile_102,,,4,8,vocabulary,lexical,False,False,lexicon,1a0f9f6cf5d09a79ccc4d3e8a62dad2256a9a6863d7373197cda5ef1e4cebf4f
LEX-EN-000202,GRP-LEX-glide_103,lexicon_entry,glide_103,,,4,8,vocabulary,lexical,False,False,lexicon,d48ff7a251f82f799477790d04d3efa8691388c1f77b6af447d9861759e84546
LEX-EN-000203,GRP-LEX-nocturnal_104,lexicon_entry,nocturnal_104,,,4,8,vocabulary,lexical,False,False,lexicon,eaf0c8fd037649d777bf939e154b6bba6e70621a7dc2a384da15ca67e3cc9a4b
LEX-EN-000204,GRP-LEX-swift_105,lexicon_entry,swift_105,,,4,8,vocabulary,lexical,False,False,lexicon,95348042b1d40fedea2c99b9d0277bbb8b73682060530a7fcf1aabf68a6f3172
LEX-EN-000205,GRP-LEX-cozy_106,lexicon_entry,cozy_106,,,4,8,vocabulary,lexical,False,False,lexicon,c4f0e9b00f6a5c6fbfc07f477d7ce14c94425821599b3bfaf4b7489c0c9b500a
LEX-EN-000206,GRP-LEX-hibernate_107,lexicon_entry,hibernate_107,,,4,8,vocabulary,lexical,False,False,lexicon,2b777fd045a9201a6e9055adf212ce322645ad94f51801a002ca864c5118685a
LEX-EN-000207,GRP-LEX-canopy_108,lexicon_entry,canopy_108,,,4,8,vocabulary,lexical,False,False,lexicon,f533957b06ac09c0d6790a61dbec5538c5b921a9bf80cc2144f69c52029ef978
LEX-EN-000208,GRP-LEX-enormous_109,lexicon_entry,enormous_109,,,4,8,vocabulary,lexical,False,False,lexicon,bf3a7491b56e66523b564906e6b77639df1e238ab637fe06796b2b076d447ec9
LEX-EN-000209,GRP-LEX-ancient_110,lexicon_entry,ancient_110,,,4,8,vocabulary,lexical,False,False,lexicon,ebf7f9998c0493dbabdabcc962a09aa66c0abdd1224137448869eb453ace2f41
LEX-EN-000210,GRP-LEX-habitat_111,lexicon_entry,habitat_111,,,4,8,vocabulary,lexical,False,False,lexicon,5103fe1e167e39297cd4e322e20041baea93310eb0d2b3dfe617b4e3d0215ab0
LEX-EN-000211,GRP-LEX-illuminate_112,lexicon_entry,illuminate_112,,,4,8,vocabulary,lexical,False,False,lexicon,cddae353277f3a184bfe9f56532e8c0887bbd593cbf9a6e1c0572cdffc94c9c7
LEX-EN-000212,GRP-LEX-gather_113,lexicon_entry,gather_113,,,4,8,vocabulary,lexical,False,False,lexicon,3cfab7fe42a709972cf81f172076646cdf209253a9e70b93ae4c592369fcb315
LEX-EN-000213,GRP-LEX-fragile_114,lexicon_entry,fragile_114,,,4,8,vocabulary,lexical,False,False,lexicon,87ea8372a9f92a9f6101364118252a7d550bda1c376f7d35760f42e4faf61839
LEX-EN-000214,GRP-LEX-glide_115,lexicon_entry,glide_115,,,4,8,vocabulary,lexical,False,False,lexicon,870483eb9f028416681ff6132ef349f9cf2e6542309db48e0aff16e20154b750
LEX-EN-000215,GRP-LEX-nocturnal_116,lexicon_entry,nocturnal_116,,,4,8,vocabulary,lexical,False,False,lexicon,327c713524c6f994803dc379fe1a4e8c6b699ea732cf5a8618e156dd645dadcf
LEX-EN-000216,GRP-LEX-swift_117,lexicon_entry,swift_117,,,4,8,vocabulary,lexical,False,False,lexicon,3192aaad06da353a8e30b09d8bb4b5924826245b4402435c1d20cfeb1e5061e4
LEX-EN-000217,GRP-LEX-cozy_118,lexicon_entry,cozy_118,,,4,8,vocabulary,lexical,False,False,lexicon,d5213843cad01c2ecf276719e10a8736b741b4ec41d9a9cbd889e6c7dc9b6b12
LEX-EN-000218,GRP-LEX-hibernate_119,lexicon_entry,hibernate_119,,,4,8,vocabulary,lexical,False,False,lexicon,35f13c035578388788e8164945bc32316b541844b82317fce0dd56880dfdb68b
LEX-EN-000219,GRP-LEX-canopy_120,lexicon_entry,canopy_120,,,4,8,vocabulary,lexical,False,False,lexicon,96364752dceaa66ba0777f0147c1edb253fb16c13010a3988e0c8e0dfc2fb0c8
LEX-EN-000220,GRP-LEX-enormous_121,lexicon_entry,enormous_121,,,4,8,vocabulary,lexical,False,False,lexicon,fb44510ca18deb1afdcec7e3868c1bb9632f631541d5995a5c9cd0ff3021384e
LEX-EN-000221,GRP-LEX-ancient_122,lexicon_entry,ancient_122,,,4,8,vocabulary,lexical,False,False,lexicon,83ce0a00e3f01528826b672de61d329263ff8ecf36caaad26f3ff6b22a91cf04
LEX-EN-000222,GRP-LEX-habitat_123,lexicon_entry,habitat_123,,,4,8,vocabulary,lexical,False,False,lexicon,5eb417b2d342e7df0556363c3f4b2bf4583e6b9493b9b3af28794b97ec47af03
LEX-EN-000223,GRP-LEX-illuminate_124,lexicon_entry,illuminate_124,,,4,8,vocabulary,lexical,False,False,lexicon,c2ad63139d57d491a86d3b859bd491f73b92efef517d0676ec4023b12c8e0a8d
LEX-EN-000224,GRP-LEX-gather_125,lexicon_entry,gather_125,,,4,8,vocabulary,lexical,False,False,lexicon,0be0cfc6c9fcc36a62cf21f80f9f5286e7ea3174fe5a87532be10504efc11455
LEX-EN-000225,GRP-LEX-fragile_126,lexicon_entry,fragile_126,,,4,8,vocabulary,lexical,False,False,lexicon,4eae10a372a8411d62eaa9ef3a6d5446596b3780c1f0456b3fc768445e63f65a
LEX-EN-000226,GRP-LEX-glide_127,lexicon_entry,glide_127,,,4,8,vocabulary,lexical,False,False,lexicon,03720b1a525de7a83cc34e8e66cb800b92b8896bc599e5236164b416dd6cd8e2
LEX-EN-000227,GRP-LEX-nocturnal_128,lexicon_entry,nocturnal_128,,,4,8,vocabulary,lexical,False,False,lexicon,8f3f4237e5d512dddfbb39cf435f2a0c0f24ff9655c80047597b940d63fef5d2
LEX-EN-000228,GRP-LEX-swift_129,lexicon_entry,swift_129,,,4,8,vocabulary,lexical,False,False,lexicon,bf1bd059d85872d414fcc2fdac9afe33f2d007703afde1ff66ec060c006a18c2
LEX-EN-000229,GRP-LEX-cozy_130,lexicon_entry,cozy_130,,,4,8,vocabulary,lexical,False,False,lexicon,26e02f64fe47bf42949b85c8e3a224321eaacb61ca45fdf864b405b9302df0a1
LEX-EN-000230,GRP-LEX-hibernate_131,lexicon_entry,hibernate_131,,,4,8,vocabulary,lexical,False,False,lexicon,c382b0efaece8d67604f9f9675fd427f39d1100de45978a096d41c4da0a80cdc
LEX-EN-000231,GRP-LEX-canopy_132,lexicon_entry,canopy_132,,,4,8,vocabulary,lexical,False,False,lexicon,b11a72e8927eabe3d3473fb06868d69e3ad4fe3dd9c6ea9be7b15be74bfa8e37
LEX-EN-000232,GRP-LEX-enormous_133,lexicon_entry,enormous_133,,,4,8,vocabulary,lexical,False,False,lexicon,675b30b71f46722e06af8f3f9ad1e497696a7164fb57a63ad6866e4d6680b3e8
LEX-EN-000233,GRP-LEX-ancient_134,lexicon_entry,ancient_134,,,4,8,vocabulary,lexical,False,False,lexicon,5f1707fd7f1d5ebc235a06d4357e32e2cd3db68cdd375cc030226d1bc5d5f71b
LEX-EN-000234,GRP-LEX-habitat_135,lexicon_entry,habitat_135,,,4,8,vocabulary,lexical,False,False,lexicon,1101dd495810ef8a85481fce2d2fc36d26c4c66f2636e2fa0e5cbfd17bd257c5
LEX-EN-000235,GRP-LEX-illuminate_136,lexicon_entry,illuminate_136,,,4,8,vocabulary,lexical,False,False,lexicon,57ab6098710781b4fb3d47f3a92cd0953fe0556d29259209448e4e95b4cbda9e
LEX-EN-000236,GRP-LEX-gather_137,lexicon_entry,gather_137,,,4,8,vocabulary,lexical,False,False,lexicon,368e2485f38679bbc34d6c7894dd2e3ff5518438e77bcf98a38e04a679508164
LEX-EN-000237,GRP-LEX-fragile_138,lexicon_entry,fragile_138,,,4,8,vocabulary,lexical,False,False,lexicon,2506c581c204704abafb78584a003190b229264ff41269246a00808545bf5c79
LEX-EN-000238,GRP-LEX-glide_139,lexicon_entry,glide_139,,,4,8,vocabulary,lexical,False,False,lexicon,8b140be15f37a6e12bd8c927c1478232aa347031885ef7ae8fdea24458d2ffe8
LEX-EN-000239,GRP-LEX-nocturnal_140,lexicon_entry,nocturnal_140,,,4,8,vocabulary,lexical,False,False,lexicon,0e476ab9b9ada5094bb44f7edc233f63f44101b6289e32c6ed50139359bf6e43
LEX-EN-000240,GRP-LEX-swift_141,lexicon_entry,swift_141,,,4,8,vocabulary,lexical,False,False,lexicon,3dae72fda7737a2f10f3a04be6f2969f45d34cb4c68cdb98336e1a986310391f
LEX-EN-000241,GRP-LEX-cozy_142,lexicon_entry,cozy_142,,,4,8,vocabulary,lexical,False,False,lexicon,540d6fb19651629320e5dc075d301f8d8ab4c7d5900215fc16f4332040c6bfc6
LEX-EN-000242,GRP-LEX-hibernate_143,lexicon_entry,hibernate_143,,,4,8,vocabulary,lexical,False,False,lexicon,1182adbca23ff61cdb95ad9b3f9c4fb1107e3ef1611d82fa16d60633cb014600
LEX-EN-000243,GRP-LEX-canopy_144,lexicon_entry,canopy_144,,,4,8,vocabulary,lexical,False,False,lexicon,0433eefeb73b7af20a55120a10ebb72d255785c3d3846af4367f7e1faf98c9ba
LEX-EN-000244,GRP-LEX-enormous_145,lexicon_entry,enormous_145,,,4,8,vocabulary,lexical,False,False,lexicon,74c96d34330edee50055459107257012b158b34a1d108952468086022a875a6f
LEX-EN-000245,GRP-LEX-ancient_146,lexicon_entry,ancient_146,,,4,8,vocabulary,lexical,False,False,lexicon,c2555a3e14cc1b9a87af5f53da2a3784d988b63c590648975a485ea1d59ebeeb
LEX-EN-000246,GRP-LEX-habitat_147,lexicon_entry,habitat_147,,,4,8,vocabulary,lexical,False,False,lexicon,9ba331d3d3a12564fe5788c100ff7ea7bb4f0730784f23bbd6b20021f24e3e2f
LEX-EN-000247,GRP-LEX-illuminate_148,lexicon_entry,illuminate_148,,,4,8,vocabulary,lexical,False,False,lexicon,0776a25ff6c61a0aa599de48dbce8a5607bce7a692776bd4ddaa20deabd356d5
LEX-EN-000248,GRP-LEX-gather_149,lexicon_entry,gather_149,,,4,8,vocabulary,lexical,False,False,lexicon,76518a525bf57193be801c3a9cba1d6ebb7c3ba18d46e5df1989f29eba82ce91
LEX-EN-000249,GRP-LEX-fragile_150,lexicon_entry,fragile_150,,,4,8,vocabulary,lexical,False,False,lexicon,459213245913821bfd3652cf532a0f39b4a946a719c832adad01120ff40e46c0
LEX-EN-000250,GRP-LEX-glide_151,lexicon_entry,glide_151,,,4,8,vocabulary,lexical,False,False,lexicon,9bab8a105bd694f501a0e8733639e7f73a775f5863c40225e1b588588727be81
LEX-EN-000251,GRP-LEX-nocturnal_152,lexicon_entry,nocturnal_152,,,4,8,vocabulary,lexical,False,False,lexicon,4d96e96d90b5e5b2725f543e388b6e9616181a315b8250f8c3538b13442d5a57
LEX-EN-000252,GRP-LEX-swift_153,lexicon_entry,swift_153,,,4,8,vocabulary,lexical,False,False,lexicon,5a8697ed253f0e3d5f38c67babc2b9f85d591ce527a8677b2b709cee01eb1441
LEX-EN-000253,GRP-LEX-cozy_154,lexicon_entry,cozy_154,,,4,8,vocabulary,lexical,False,False,lexicon,a2715f3fe2574e8e054ae3fdfb59eb500ca0b13c16a9d1b7b0266ec00635f9f5
LEX-EN-000254,GRP-LEX-hibernate_155,lexicon_entry,hibernate_155,,,4,8,vocabulary,lexical,False,False,lexicon,5de48df9cb32f2020e98dec80df3960a3098618e5b5793a32fb7b941b6a6b6a0
LEX-EN-000255,GRP-LEX-canopy_156,lexicon_entry,canopy_156,,,4,8,vocabulary,lexical,False,False,lexicon,5e06d9a3036d30e819f5879f5ac17eea7c919c6d69ba4a8deb20b5d6cff5c390
LEX-EN-000256,GRP-LEX-enormous_157,lexicon_entry,enormous_157,,,4,8,vocabulary,lexical,False,False,lexicon,460e2762773383b0cbd8849a5ca8d3725f43f392d0f5037d74f1d59d3600ab36
LEX-EN-000257,GRP-LEX-ancient_158,lexicon_entry,ancient_158,,,4,8,vocabulary,lexical,False,False,lexicon,f06dca9bfd5565fe9d308ee521d15fbc89ebb41f8d4ea31b16e09b7163142125
LEX-EN-000258,GRP-LEX-habitat_159,lexicon_entry,habitat_159,,,4,8,vocabulary,lexical,False,False,lexicon,dbaf858623b4b91d9393babae371ce2083ddbc211ba026553f88e63d7f7ddb6d
LEX-EN-000259,GRP-LEX-illuminate_160,lexicon_entry,illuminate_160,,,4,8,vocabulary,lexical,False,False,lexicon,beeb2785b070f2877c3e9c122195e732bb4a61333ab3b6a67afc81a65fe6666c
LEX-EN-000260,GRP-LEX-gather_161,lexicon_entry,gather_161,,,4,8,vocabulary,lexical,False,False,lexicon,32bc46783c12af8675b12747823c8c74c39ef53d565ac799e44e6aff35e8ce16
LEX-EN-000261,GRP-LEX-fragile_162,lexicon_entry,fragile_162,,,4,8,vocabulary,lexical,False,False,lexicon,c66a5471d88d1e55ba8c7bcab59ab2b0d4e3ecaed88021649563b82cd0cec590
LEX-EN-000262,GRP-LEX-glide_163,lexicon_entry,glide_163,,,4,8,vocabulary,lexical,False,False,lexicon,21f6e86a219f771e8882af2790f33d44bfb38c2b6c29ac7e730169245e1c330c
LEX-EN-000263,GRP-LEX-nocturnal_164,lexicon_entry,nocturnal_164,,,4,8,vocabulary,lexical,False,False,lexicon,06257f742012189231ca434165243492dd496602502af3841b218ed01ac53287
LEX-EN-000264,GRP-LEX-swift_165,lexicon_entry,swift_165,,,4,8,vocabulary,lexical,False,False,lexicon,965f9f08a45b2171b98a6d8d6a28ec3abcc44432287948322f50c23ec8d33274
LEX-EN-000265,GRP-LEX-cozy_166,lexicon_entry,cozy_166,,,4,8,vocabulary,lexical,False,False,lexicon,51a26b9df4b4bb365b332feda778afc2740af413df2bfe5dacb93dd2d452746b
LEX-EN-000266,GRP-LEX-hibernate_167,lexicon_entry,hibernate_167,,,4,8,vocabulary,lexical,False,False,lexicon,b60bc0cb2591eb4dce3c5128ae15cbe263b2fb307f44c601d567efe6cead19ed
LEX-EN-000267,GRP-LEX-canopy_168,lexicon_entry,canopy_168,,,4,8,vocabulary,lexical,False,False,lexicon,6d0bcb884c21fbd5a05ef8bfdc900d8a567081bfc1ad4ab867404e8585696904
LEX-EN-000268,GRP-LEX-enormous_169,lexicon_entry,enormous_169,,,4,8,vocabulary,lexical,False,False,lexicon,b640ca34dc5e20f20938e58da5d81b4afb5a9f5777918cd1ca52111c181ab230
LEX-EN-000269,GRP-LEX-ancient_170,lexicon_entry,ancient_170,,,4,8,vocabulary,lexical,False,False,lexicon,ff70e356e7d01f23dcb19dc5b9ad437af1767151506896851a8a847831fc86b7
LEX-EN-000270,GRP-LEX-habitat_171,lexicon_entry,habitat_171,,,4,8,vocabulary,lexical,False,False,lexicon,4690965ceaf5c05924c6b78bb3c170d24b5c4b75d138985e330d74b6820e3617
LEX-EN-000271,GRP-LEX-illuminate_172,lexicon_entry,illuminate_172,,,4,8,vocabulary,lexical,False,False,lexicon,994c157fbe2449764fa090bf7b5db7a2e1aa1b88222a7d0b2efb76cb1a92b517
LEX-EN-000272,GRP-LEX-gather_173,lexicon_entry,gather_173,,,4,8,vocabulary,lexical,False,False,lexicon,f5b2f266bfe5dbdd027f5728331d2c51ee3778b43d951a02d6e5983cc3bdb210
LEX-EN-000273,GRP-LEX-fragile_174,lexicon_entry,fragile_174,,,4,8,vocabulary,lexical,False,False,lexicon,944072b799664423f5c837b078d5154c531ef40924e79b52e15ceae3933ee938
LEX-EN-000274,GRP-LEX-glide_175,lexicon_entry,glide_175,,,4,8,vocabulary,lexical,False,False,lexicon,b5e413450862a9764a6fd7c952e217b8e9d7f8e9cd1023c5906c2382eeae4438
LEX-EN-000275,GRP-LEX-nocturnal_176,lexicon_entry,nocturnal_176,,,4,8,vocabulary,lexical,False,False,lexicon,78c190661df82ae91ef5603aa8bfbda4100b577f794d96f3fb6526b805b5ae58
LEX-EN-000276,GRP-LEX-swift_177,lexicon_entry,swift_177,,,4,8,vocabulary,lexical,False,False,lexicon,198bdc64509569c43c32fec7b2a9fd9330df75db422bec529732b6c6acff1bf9
LEX-EN-000277,GRP-LEX-cozy_178,lexicon_entry,cozy_178,,,4,8,vocabulary,lexical,False,False,lexicon,89395d5ef8e921864ef528507373919ab905bcd59bfb3dc97ef5d1e69f20faf9
LEX-EN-000278,GRP-LEX-hibernate_179,lexicon_entry,hibernate_179,,,4,8,vocabulary,lexical,False,False,lexicon,fd3044e3e36032c097e6543c03d82a555ce1d86feed88ba226a0d59fbd5f33e0
LEX-EN-000279,GRP-LEX-canopy_180,lexicon_entry,canopy_180,,,4,8,vocabulary,lexical,False,False,lexicon,37b976066ba02e9a983c92ccf953e2112722a22f81e3b4617e95bf1290a35a88
LEX-EN-000280,GRP-LEX-enormous_181,lexicon_entry,enormous_181,,,4,8,vocabulary,lexical,False,False,lexicon,ea6063d3d36caa912298c0695b19a3cd240e5fa8e33910426aec941e13c70858
LEX-EN-000281,GRP-LEX-ancient_182,lexicon_entry,ancient_182,,,4,8,vocabulary,lexical,False,False,lexicon,2289d4a3bc445347e793da7614f1625b97ba742bb5d21d43de54605d0e941964
LEX-EN-000282,GRP-LEX-habitat_183,lexicon_entry,habitat_183,,,4,8,vocabulary,lexical,False,False,lexicon,f157dcf4bb83a6c75131fe332042112cd6ad5fae55f689781a4418add33143d7
LEX-EN-000283,GRP-LEX-illuminate_184,lexicon_entry,illuminate_184,,,4,8,vocabulary,lexical,False,False,lexicon,98737d7a968d7020f39286a0a361b10d8c17957b4f41c2ec09185dcf1f593078
LEX-EN-000284,GRP-LEX-gather_185,lexicon_entry,gather_185,,,4,8,vocabulary,lexical,False,False,lexicon,d6f05ce27d50d7517039c3e5639b7627116173f92dd38554e81401353655c894
LEX-EN-000285,GRP-LEX-fragile_186,lexicon_entry,fragile_186,,,4,8,vocabulary,lexical,False,False,lexicon,d54b8a44226f6208c4b983c01b93a0358a1b0a84534a63acb2cf812b51650152
LEX-EN-000286,GRP-LEX-glide_187,lexicon_entry,glide_187,,,4,8,vocabulary,lexical,False,False,lexicon,d858bc74cea76c34cd120884d15f9a5ddc5a9fa82ba080f2496db761966d7f9a
LEX-EN-000287,GRP-LEX-nocturnal_188,lexicon_entry,nocturnal_188,,,4,8,vocabulary,lexical,False,False,lexicon,f8965be503928c5929d221c9625f9b7c6a052c2d2efc3c7324b6e184acf9ad65
LEX-EN-000288,GRP-LEX-swift_189,lexicon_entry,swift_189,,,4,8,vocabulary,lexical,False,False,lexicon,5966f44edeca43a971a26d477e8bbd3cfb0c70012e5e871146e0b84dc96dcb2f
LEX-EN-000289,GRP-LEX-cozy_190,lexicon_entry,cozy_190,,,4,8,vocabulary,lexical,False,False,lexicon,8924275a95dd9f040d6a5aa295a86bf06727cf7fd1d6dc180d6005f47f126e95
LEX-EN-000290,GRP-LEX-hibernate_191,lexicon_entry,hibernate_191,,,4,8,vocabulary,lexical,False,False,lexicon,b6f840ea88d6ea738dceba5789b07edcc77f2f3d705614fb4d153a6c53eaf272
LEX-EN-000291,GRP-LEX-canopy_192,lexicon_entry,canopy_192,,,4,8,vocabulary,lexical,False,False,lexicon,dcfa70e76ffb0f54227c04e7303313bc49e813c85cdc28988d299879934e9bee
LEX-EN-000292,GRP-LEX-enormous_193,lexicon_entry,enormous_193,,,4,8,vocabulary,lexical,False,False,lexicon,cce133c48deddf68297314a9d120028ea0a741dd4507bb664e28a43c2b8f809f
LEX-EN-000293,GRP-LEX-ancient_194,lexicon_entry,ancient_194,,,4,8,vocabulary,lexical,False,False,lexicon,6da88fb1b0053ed1b6d149341ab0c4518ca442d59bf7a4c9f1f7f5b7e16e94f4
LEX-EN-000294,GRP-LEX-habitat_195,lexicon_entry,habitat_195,,,4,8,vocabulary,lexical,False,False,lexicon,653c53209ded022454b93566c3c9ae8729d1c6a20f2a52e04291f259e9febb48
LEX-EN-000295,GRP-LEX-illuminate_196,lexicon_entry,illuminate_196,,,4,8,vocabulary,lexical,False,False,lexicon,36fc98d34bb1b3f73bb75d02c8211e3615481308eb524118717b5b0b122bd298
LEX-EN-000296,GRP-LEX-gather_197,lexicon_entry,gather_197,,,4,8,vocabulary,lexical,False,False,lexicon,dbf566728986e19b734e0fb594dcbd4aa74923bdbb583247561ddf96ba78e5db
LEX-EN-000297,GRP-LEX-fragile_198,lexicon_entry,fragile_198,,,4,8,vocabulary,lexical,False,False,lexicon,7065879a30106e6b790108eb0a2aa73804852a68842cdab91740f5b75e24c1d6
LEX-EN-000298,GRP-LEX-glide_199,lexicon_entry,glide_199,,,4,8,vocabulary,lexical,False,False,lexicon,f931dba9506e6a4097d2e1208567e2d861c7c13e687c20e6069df06518ad2eba
LEX-EN-000299,GRP-LEX-nocturnal_200,lexicon_entry,nocturnal_200,,,4,8,vocabulary,lexical,False,False,lexicon,243fa2029ca61f52f27a6d8b95eecc82d4f6739794ee03eb29f0eb7797b11aed
LEX-EN-000300,GRP-LEX-swift_201,lexicon_entry,swift_201,,,4,8,vocabulary,lexical,False,False,lexicon,5ec8d6c60d4c13e4328ba08f708aff361fdf58b392474892256ca248eb26a87f
LEX-EN-000301,GRP-LEX-cozy_202,lexicon_entry,cozy_202,,,4,8,vocabulary,lexical,False,False,lexicon,db75cfd2b0877eabed4eefc866d421f230d0779dfdd2e29a3adca3119399b54b
LEX-EN-000302,GRP-LEX-hibernate_203,lexicon_entry,hibernate_203,,,4,8,vocabulary,lexical,False,False,lexicon,6084cbb40e83ddaa963361cb63ebe51ff308a17d5e17373a3b1252c75241da59
LEX-EN-000303,GRP-LEX-canopy_204,lexicon_entry,canopy_204,,,4,8,vocabulary,lexical,False,False,lexicon,3801a112829a58df197a8e30236b0a6dc0c6b27df96f1f131b9b1bbc4ac40cd4
LEX-EN-000304,GRP-LEX-enormous_205,lexicon_entry,enormous_205,,,4,8,vocabulary,lexical,False,False,lexicon,85f2718ed058224aaff98932767c283be473f1e69a00af65d484062e657e116a
LEX-EN-000305,GRP-LEX-ancient_206,lexicon_entry,ancient_206,,,4,8,vocabulary,lexical,False,False,lexicon,60215da8d3136e9c47e8e600c18201a3aa571293aa85ce3a19b367fff6a0d4e7
LEX-EN-000306,GRP-LEX-habitat_207,lexicon_entry,habitat_207,,,4,8,vocabulary,lexical,False,False,lexicon,2c31f177703ce2fa0511ec57db1dceeea959d4d16383e0a549e11f73a7679423
LEX-EN-000307,GRP-LEX-illuminate_208,lexicon_entry,illuminate_208,,,4,8,vocabulary,lexical,False,False,lexicon,046ecd8da68e3c49e8caef9d0cd4626827b18e491841dc2f2a28c270b7315c66
LEX-EN-000308,GRP-LEX-gather_209,lexicon_entry,gather_209,,,4,8,vocabulary,lexical,False,False,lexicon,90a9c0608aa7bfb68f61f5ecbe68d9f9e1ecf6d06dbce9cf7e0654974b6c8906
LEX-EN-000309,GRP-LEX-fragile_210,lexicon_entry,fragile_210,,,4,8,vocabulary,lexical,False,False,lexicon,12ea7f619e84c99871870abdc3759dfc6db7d5e764f01108f0b4e573991cc7af
LEX-EN-000310,GRP-LEX-glide_211,lexicon_entry,glide_211,,,4,8,vocabulary,lexical,False,False,lexicon,2f5b61adff8d49c8c889c93bf81ddeb19a170e80a7da14c53ef65427bdf8981b
LEX-EN-000311,GRP-LEX-nocturnal_212,lexicon_entry,nocturnal_212,,,4,8,vocabulary,lexical,False,False,lexicon,0ca30522dd52051c7fa7aab90a3223447bf9f82959e8fe8871fa58afa26e7b80
LEX-EN-000312,GRP-LEX-swift_213,lexicon_entry,swift_213,,,4,8,vocabulary,lexical,False,False,lexicon,08acb1aa40dd11162949965ee29c80c06616f7e8dd09f582b1fc0a758a525434
LEX-EN-000313,GRP-LEX-cozy_214,lexicon_entry,cozy_214,,,4,8,vocabulary,lexical,False,False,lexicon,da19ee50ba72d4aa6ad4abc2a78140fb38cc689ab0bb5ccb8c0110a1d72f8dae
LEX-EN-000314,GRP-LEX-hibernate_215,lexicon_entry,hibernate_215,,,4,8,vocabulary,lexical,False,False,lexicon,f0e430ae1b87009d0a9cf2272885a09231ec0a0564938d5c371f700a719ac8f2
LEX-EN-000315,GRP-LEX-canopy_216,lexicon_entry,canopy_216,,,4,8,vocabulary,lexical,False,False,lexicon,743ccb7f66015090f32ab65ff95a54b68ee31a76397f0359bada4731bacf8484
LEX-EN-000316,GRP-LEX-enormous_217,lexicon_entry,enormous_217,,,4,8,vocabulary,lexical,False,False,lexicon,caa74dd0e00e5acccf9cfcd08f26d9fff705085d9270c36142ec5bf3f6d9cd6f
LEX-EN-000317,GRP-LEX-ancient_218,lexicon_entry,ancient_218,,,4,8,vocabulary,lexical,False,False,lexicon,8de4e3e92c1dc8a48527108fa3ab9e6c61157a059baece1ddcab0b2fc8c86f29
LEX-EN-000318,GRP-LEX-habitat_219,lexicon_entry,habitat_219,,,4,8,vocabulary,lexical,False,False,lexicon,3a4845f1fce7ba64cdc07d79ad4217125c2e0b157e78338fa697776abfb8f2d4
LEX-EN-000319,GRP-LEX-illuminate_220,lexicon_entry,illuminate_220,,,4,8,vocabulary,lexical,False,False,lexicon,61d5472d2e5aac5662dd99ae6a1b810744239c142b084709ae95651b12070e68
LEX-EN-000320,GRP-LEX-gather_221,lexicon_entry,gather_221,,,4,8,vocabulary,lexical,False,False,lexicon,e0d089c10091fd579a090317d9635b8b52c9ab30c546d81010edcd2f29222cba
LEX-EN-000321,GRP-LEX-fragile_222,lexicon_entry,fragile_222,,,4,8,vocabulary,lexical,False,False,lexicon,e6cf7d5e4da379b99ad990b5a4da58817323a41e1ce9fa84e73ada06539bf6a7
LEX-EN-000322,GRP-LEX-glide_223,lexicon_entry,glide_223,,,4,8,vocabulary,lexical,False,False,lexicon,24320e10b3f1256ba54ec36ccc5d3976de46b83536c830122ce78e4fe21b5f6d
LEX-EN-000323,GRP-LEX-nocturnal_224,lexicon_entry,nocturnal_224,,,4,8,vocabulary,lexical,False,False,lexicon,12c5573c55ef5af4ad39308604a97621de8c256690391778d11c378fd13a0dab
LEX-EN-000324,GRP-LEX-swift_225,lexicon_entry,swift_225,,,4,8,vocabulary,lexical,False,False,lexicon,25801a4a2af1fc77309d0de2e5ddfe654820236949659cd1793fb53460eb55b0
LEX-EN-000325,GRP-LEX-cozy_226,lexicon_entry,cozy_226,,,4,8,vocabulary,lexical,False,False,lexicon,3cfa233344c9efed045f1c7bfc92e0892a873891dd09d35ac74eacb7c653d90a
LEX-EN-000326,GRP-LEX-hibernate_227,lexicon_entry,hibernate_227,,,4,8,vocabulary,lexical,False,False,lexicon,c6f17e24e10829afaec135eea59dae5ab38078e14ae31b58eab5b7863e27c732
LEX-EN-000327,GRP-LEX-canopy_228,lexicon_entry,canopy_228,,,4,8,vocabulary,lexical,False,False,lexicon,cd070d8574ae811e8c01f2cfb92f86b552d499a0f65088a5cf275714a8e77279
LEX-EN-000328,GRP-LEX-enormous_229,lexicon_entry,enormous_229,,,4,8,vocabulary,lexical,False,False,lexicon,25ce01ddf2dcf3c5547a939709005eaf523b81b7157e096ec8433717364644b6
LEX-EN-000329,GRP-LEX-ancient_230,lexicon_entry,ancient_230,,,4,8,vocabulary,lexical,False,False,lexicon,60f1d604f37dfe22f2b94c9d2bc1e62f9c3fd692c7e96338885e04a229949e54
LEX-EN-000330,GRP-LEX-habitat_231,lexicon_entry,habitat_231,,,4,8,vocabulary,lexical,False,False,lexicon,d001410d900f7ca9e55ddb906d314b78b0ca3399be263a12f02489eec329005e
LEX-EN-000331,GRP-LEX-illuminate_232,lexicon_entry,illuminate_232,,,4,8,vocabulary,lexical,False,False,lexicon,fca9702b98b2029ebf929d964ade84a0f66672c15f13383c9740db5af0d288e4
LEX-EN-000332,GRP-LEX-gather_233,lexicon_entry,gather_233,,,4,8,vocabulary,lexical,False,False,lexicon,2e44b7075d2b1876d1f3ffb1f755af392f45791d55b21c62acb41830915cc28a
LEX-EN-000333,GRP-LEX-fragile_234,lexicon_entry,fragile_234,,,4,8,vocabulary,lexical,False,False,lexicon,1f28f98f95e8b62579356957438bcbc127e5f324e2053144e17f4c5cef0121cc
LEX-EN-000334,GRP-LEX-glide_235,lexicon_entry,glide_235,,,4,8,vocabulary,lexical,False,False,lexicon,04281cbe64e2a1b97a55130f11088f068b1a24a3838b8c235c1549f5b0dd7b00
LEX-EN-000335,GRP-LEX-nocturnal_236,lexicon_entry,nocturnal_236,,,4,8,vocabulary,lexical,False,False,lexicon,ddb91db028b87bb88097d37cd39e39584a8cfa5fe59bbb45537aae224eef7e14
LEX-EN-000336,GRP-LEX-swift_237,lexicon_entry,swift_237,,,4,8,vocabulary,lexical,False,False,lexicon,a2c26363bf0f53787352248b051fdafd086907eae9e3db4099e8abd856799091
LEX-EN-000337,GRP-LEX-cozy_238,lexicon_entry,cozy_238,,,4,8,vocabulary,lexical,False,False,lexicon,d565ae7c76afe384650d4eb62245a4017ff21823878a122029349f2917686957
LEX-EN-000338,GRP-LEX-hibernate_239,lexicon_entry,hibernate_239,,,4,8,vocabulary,lexical,False,False,lexicon,cad0d35a99350e10eb4f6036202a235bcaab6f1e678ea24e27ec8ebc254827a1
LEX-EN-000339,GRP-LEX-canopy_240,lexicon_entry,canopy_240,,,4,8,vocabulary,lexical,False,False,lexicon,457d0bcd6e447bde7572064fb3f4fe846941c426eed8a6bed47aeeccad7fa953
LEX-EN-000340,GRP-LEX-enormous_241,lexicon_entry,enormous_241,,,4,8,vocabulary,lexical,False,False,lexicon,c56f8bb67fd0af2c488d34b32836c390716531c43c46c6ab2fd5fcd25f410238
LEX-EN-000341,GRP-LEX-ancient_242,lexicon_entry,ancient_242,,,4,8,vocabulary,lexical,False,False,lexicon,76ca8fa38d3fb7af990325fade273cecdc4c9b3d605d9375533c5a5288221895
LEX-EN-000342,GRP-LEX-habitat_243,lexicon_entry,habitat_243,,,4,8,vocabulary,lexical,False,False,lexicon,4eb7ccda375add27defb9b3ebb50a5f59506811d6114248558bbbded3d2eb9fd
LEX-EN-000343,GRP-LEX-illuminate_244,lexicon_entry,illuminate_244,,,4,8,vocabulary,lexical,False,False,lexicon,b5a01fe71dc7cc803e1d113b02ffa6233619b16ff3faed3b41b693d4615d45e2
LEX-EN-000344,GRP-LEX-gather_245,lexicon_entry,gather_245,,,4,8,vocabulary,lexical,False,False,lexicon,889597a77651bcd5e92eedeaba8dacebaf17b38a8fceb8c32df3d4c05d5d4795
LEX-EN-000345,GRP-LEX-fragile_246,lexicon_entry,fragile_246,,,4,8,vocabulary,lexical,False,False,lexicon,06f64e914c13c939d802528efe2337ee7d3982309d10b2fb9999bfc3efc591cf
LEX-EN-000346,GRP-LEX-glide_247,lexicon_entry,glide_247,,,4,8,vocabulary,lexical,False,False,lexicon,d7b37753f842b1986c9f94a5b6c8d78a2be40db2c05b3039453f378b7548f506
LEX-EN-000347,GRP-LEX-nocturnal_248,lexicon_entry,nocturnal_248,,,4,8,vocabulary,lexical,False,False,lexicon,c7469663beaddc8b7d341929943ce6fa46d1f4decca0dff1a211efd5e3fd7ea9
LEX-EN-000348,GRP-LEX-swift_249,lexicon_entry,swift_249,,,4,8,vocabulary,lexical,False,False,lexicon,03f63d73291813f28fe2f9b85c4b18691a39fc585af6bbd1570a2f8a31ede92a
LEX-EN-000349,GRP-LEX-cozy_250,lexicon_entry,cozy_250,,,4,8,vocabulary,lexical,False,False,lexicon,c4dfde8064420b2a27479de032412ee3e7031fad733baa83ad4b61c9b892cad0
LEX-EN-000350,GRP-LEX-hibernate_251,lexicon_entry,hibernate_251,,,4,8,vocabulary,lexical,False,False,lexicon,3d4064b4ac22340892d58c9a67892c3bdb836f37e7419e7862c0cf863c883579
LEX-EN-000351,GRP-LEX-canopy_252,lexicon_entry,canopy_252,,,4,8,vocabulary,lexical,False,False,lexicon,453bd22ef550922e67f5c33cd90969a19e589d8ef49edbc500401ce928e5dfaf
LEX-EN-000352,GRP-LEX-enormous_253,lexicon_entry,enormous_253,,,4,8,vocabulary,lexical,False,False,lexicon,7d90f3b2d47a2fff465298c9eafd69852388b165c9b4dbb3440eb0c2d5af25d2
LEX-EN-000353,GRP-LEX-ancient_254,lexicon_entry,ancient_254,,,4,8,vocabulary,lexical,False,False,lexicon,55b26f9d34113a075ce1965c17eb3d98460a8159d7a85c60eb75a6efb8c45efa
LEX-EN-000354,GRP-LEX-habitat_255,lexicon_entry,habitat_255,,,4,8,vocabulary,lexical,False,False,lexicon,241b612a7fa1e38ff7d98cb07c8f88bddc82cee180e36184d59c203d8fdff6b2
LEX-EN-000355,GRP-LEX-illuminate_256,lexicon_entry,illuminate_256,,,4,8,vocabulary,lexical,False,False,lexicon,8a1bb4f2afa4367ca5c65bfe622d5ec7929d81d245ed11bb187040b990e7db50
LEX-EN-000356,GRP-LEX-gather_257,lexicon_entry,gather_257,,,4,8,vocabulary,lexical,False,False,lexicon,370055e6aa0842e2807a85d2c10fad26aa1b485146fe57e2cf905e54c9ae462f
LEX-EN-000357,GRP-LEX-fragile_258,lexicon_entry,fragile_258,,,4,8,vocabulary,lexical,False,False,lexicon,72d97231517f0c4bd473358cfce9a4caae8c007c402abff3fc5ff97a0c9129c2
LEX-EN-000358,GRP-LEX-glide_259,lexicon_entry,glide_259,,,4,8,vocabulary,lexical,False,False,lexicon,fcd4cc728629ea2893f54999bdca6e63bac2afd06f0657ed4fbf3803bbbb64da
LEX-EN-000359,GRP-LEX-nocturnal_260,lexicon_entry,nocturnal_260,,,4,8,vocabulary,lexical,False,False,lexicon,b0fb4ec5c42efa474259193605649dbcdfbe6eccaefe6e034039fc984c44c230
LEX-EN-000360,GRP-LEX-swift_261,lexicon_entry,swift_261,,,4,8,vocabulary,lexical,False,False,lexicon,ac9d5c532a86eadf61aab8a423c0511ce8df1699675a1fa6d3df24d114884747
LEX-EN-000361,GRP-LEX-cozy_262,lexicon_entry,cozy_262,,,4,8,vocabulary,lexical,False,False,lexicon,cf9658b942056e8dd765cece56ce476f0e3dc6a581bd1708aa78fa0ffb53c08f
LEX-EN-000362,GRP-LEX-hibernate_263,lexicon_entry,hibernate_263,,,4,8,vocabulary,lexical,False,False,lexicon,1224c4ce64f6ae8052a77bb3ae58bf1d61adc1fca482e6a8cdacc6e6b43b5443
LEX-EN-000363,GRP-LEX-canopy_264,lexicon_entry,canopy_264,,,4,8,vocabulary,lexical,False,False,lexicon,54ba1d9fdf74882e3940ab12b0d189214a6b09c5dc538f42a31d8d761de6a5a8
LEX-EN-000364,GRP-LEX-enormous_265,lexicon_entry,enormous_265,,,4,8,vocabulary,lexical,False,False,lexicon,6804314972598bc4a5995a73a306c2b65026e07096d3e6b48e511cb92969d5b2
LEX-EN-000365,GRP-LEX-ancient_266,lexicon_entry,ancient_266,,,4,8,vocabulary,lexical,False,False,lexicon,da21772e9df251e798e8844c988025c383b99a240a6a2c453243a31d3788b9f1
LEX-EN-000366,GRP-LEX-habitat_267,lexicon_entry,habitat_267,,,4,8,vocabulary,lexical,False,False,lexicon,68f0183ec0744ae3596ae3ef8b1523e9dedb73c5c68e4c9bfd6a595c725dd854
LEX-EN-000367,GRP-LEX-illuminate_268,lexicon_entry,illuminate_268,,,4,8,vocabulary,lexical,False,False,lexicon,a023437a033b4d2e537209227b859cc6c053cdf1a9d973d03ad50f81a9040900
LEX-EN-000368,GRP-LEX-gather_269,lexicon_entry,gather_269,,,4,8,vocabulary,lexical,False,False,lexicon,bc83161a358b237a3847e66665c2d0c74a03b99d0d11d2213069813bde17fdfc
LEX-EN-000369,GRP-LEX-fragile_270,lexicon_entry,fragile_270,,,4,8,vocabulary,lexical,False,False,lexicon,319e8dad118738b4036d7e918cf318b8906cf4dcf5f7aa76937021d20966a296
LEX-EN-000370,GRP-LEX-glide_271,lexicon_entry,glide_271,,,4,8,vocabulary,lexical,False,False,lexicon,ef13cb9419bd3b7871de65d7085179a7d48e85e3fee30f75773a67ff1fd38b3b
LEX-EN-000371,GRP-LEX-nocturnal_272,lexicon_entry,nocturnal_272,,,4,8,vocabulary,lexical,False,False,lexicon,e382acbf333167f213c4f633453193ca42aa80054156597dd2dc1d2c5454290b
LEX-EN-000372,GRP-LEX-swift_273,lexicon_entry,swift_273,,,4,8,vocabulary,lexical,False,False,lexicon,1f23a34df564efb1f1613dac4137cdb6742b33c8fd15a9a919b220fa6abba75a
LEX-EN-000373,GRP-LEX-cozy_274,lexicon_entry,cozy_274,,,4,8,vocabulary,lexical,False,False,lexicon,89b3be0b185319c9597cfb422ba7e4d9c010ca83879f10868d50adf39bc80675
LEX-EN-000374,GRP-LEX-hibernate_275,lexicon_entry,hibernate_275,,,4,8,vocabulary,lexical,False,False,lexicon,d2c1c2955c9dade4d0456c78bd805acf65ce6b228e7500bc33b6b35e018dab0a
LEX-EN-000375,GRP-LEX-canopy_276,lexicon_entry,canopy_276,,,4,8,vocabulary,lexical,False,False,lexicon,adb2ca6fac6ec03e3dc3c1d8ae71a89043b47a861218dcb44dd0f28066a63762
LEX-EN-000376,GRP-LEX-enormous_277,lexicon_entry,enormous_277,,,4,8,vocabulary,lexical,False,False,lexicon,5cf20703c2ce59eae75e958110bb4995970d17702eb3673100c7c4f4b87f17f0
LEX-EN-000377,GRP-LEX-ancient_278,lexicon_entry,ancient_278,,,4,8,vocabulary,lexical,False,False,lexicon,e6f8ea9e04cfd4a4470b1631696fc427c84dc86afba1e4d3fc859e1bdee84002
LEX-EN-000378,GRP-LEX-habitat_279,lexicon_entry,habitat_279,,,4,8,vocabulary,lexical,False,False,lexicon,f1f5a9844d9668af9814e59e09105dc93c7f2edd82be0a434d80d753c605e3dd
LEX-EN-000379,GRP-LEX-illuminate_280,lexicon_entry,illuminate_280,,,4,8,vocabulary,lexical,False,False,lexicon,d291807c4deb552d25f5044c7de552d6824edc2dcbb1e209ab88a52bb2ea57fc
LEX-EN-000380,GRP-LEX-gather_281,lexicon_entry,gather_281,,,4,8,vocabulary,lexical,False,False,lexicon,0152b8c3480c5cd1c8d2f446921bb22ab38efa0f346b9cab7638b13dcbe23ad7
LEX-EN-000381,GRP-LEX-fragile_282,lexicon_entry,fragile_282,,,4,8,vocabulary,lexical,False,False,lexicon,629fa4a48fdc2c3be20b51a022588f587195969e03a034792bbba18e426927d4
LEX-EN-000382,GRP-LEX-glide_283,lexicon_entry,glide_283,,,4,8,vocabulary,lexical,False,False,lexicon,e2ef098661dccaea3373cc8fafb4a88deb669a9ad570d6bdbac26001c3aa5df2
LEX-EN-000383,GRP-LEX-nocturnal_284,lexicon_entry,nocturnal_284,,,4,8,vocabulary,lexical,False,False,lexicon,f876951d62fa6edab30ed933babf33f3e016d4069111fcf1819cf786347b5c42
LEX-EN-000384,GRP-LEX-swift_285,lexicon_entry,swift_285,,,4,8,vocabulary,lexical,False,False,lexicon,c432e3b58ce293aef88e705f8ea63b1e347b3236357545a984ac1b0c4be07dc0
LEX-EN-000385,GRP-LEX-cozy_286,lexicon_entry,cozy_286,,,4,8,vocabulary,lexical,False,False,lexicon,da5f3ce679a01e6686706dcc8bdfcb06348704787a6814926238ab0fc7f8cfdd
LEX-EN-000386,GRP-LEX-hibernate_287,lexicon_entry,hibernate_287,,,4,8,vocabulary,lexical,False,False,lexicon,f156c7003987d182d1d1967cfa9b7107e5637ff1670dca541a345c13edf6736c
LEX-EN-000387,GRP-LEX-canopy_288,lexicon_entry,canopy_288,,,4,8,vocabulary,lexical,False,False,lexicon,55cb9d803ca710198bcbb650483a0929b1d39aba7c566cfb24ee4ae1481f0b7e
LEX-EN-000388,GRP-LEX-enormous_289,lexicon_entry,enormous_289,,,4,8,vocabulary,lexical,False,False,lexicon,403d2b09b5bbe71fcfaca35329a37232dd73ca49aed07cbfebc6df55fbf8a260
LEX-EN-000389,GRP-LEX-ancient_290,lexicon_entry,ancient_290,,,4,8,vocabulary,lexical,False,False,lexicon,e66b3d4e99275c34d4ae61004dfb95d52970f20c6f1a3e71e63865ae58935191
LEX-EN-000390,GRP-LEX-habitat_291,lexicon_entry,habitat_291,,,4,8,vocabulary,lexical,False,False,lexicon,8b2451daf313a925728636409c7c0c7f1984f51c0a8b3d49f18c6d480cf22ae1
LEX-EN-000391,GRP-LEX-illuminate_292,lexicon_entry,illuminate_292,,,4,8,vocabulary,lexical,False,False,lexicon,9f07ab3595a46506bc92ed59d646d12d9ad91703bce7758cc23388b781697a7f
LEX-EN-000392,GRP-LEX-gather_293,lexicon_entry,gather_293,,,4,8,vocabulary,lexical,False,False,lexicon,36dbe2e1eeb2e2d3a977b214e5ab3daee123c14deb29f497725ebb4bcd8d7833
LEX-EN-000393,GRP-LEX-fragile_294,lexicon_entry,fragile_294,,,4,8,vocabulary,lexical,False,False,lexicon,8669e389ae8922b843c516754857142d0027ede0e88192f4047fd497d4d44313
LEX-EN-000394,GRP-LEX-glide_295,lexicon_entry,glide_295,,,4,8,vocabulary,lexical,False,False,lexicon,09a2bd211d40af6399a093b685c1f80d12d047ba0088428c26d1e540cf41ee98
LEX-EN-000395,GRP-LEX-nocturnal_296,lexicon_entry,nocturnal_296,,,4,8,vocabulary,lexical,False,False,lexicon,2fe23af38fc1dc0494ddc288ec5f4476161b236665de6784ad3064902d72fa23
LEX-EN-000396,GRP-LEX-swift_297,lexicon_entry,swift_297,,,4,8,vocabulary,lexical,False,False,lexicon,6d28e28b2c2181957942dd0e19c6553a07ea94a161733478c82a08afae0dedfe
LEX-EN-000397,GRP-LEX-cozy_298,lexicon_entry,cozy_298,,,4,8,vocabulary,lexical,False,False,lexicon,e029a72ee3b954bf1761f32ebb0e1f8defeb0aa129987f1c3f695696c7a76a24
LEX-EN-000398,GRP-LEX-hibernate_299,lexicon_entry,hibernate_299,,,4,8,vocabulary,lexical,False,False,lexicon,123805447935d1f5f8d5c0e51b1710f20124a1c24fb68814407364e78fc8a6c6
LEX-EN-000399,GRP-LEX-canopy_300,lexicon_entry,canopy_300,,,4,8,vocabulary,lexical,False,False,lexicon,c667d16c83c1cd0c6b85fec6c973103e163f7cceb8f28ce9cad4d4a02557d19c
LEX-EN-000400,GRP-LEX-enormous_301,lexicon_entry,enormous_301,,,4,8,vocabulary,lexical,False,False,lexicon,4129769363a702eb899fcd4c3cb37915b7226b318ae816dc191936142186716d
LEX-EN-000401,GRP-LEX-ancient_302,lexicon_entry,ancient_302,,,4,8,vocabulary,lexical,False,False,lexicon,805930847f15be754521f4bd31e55106d3f1f8dd3bb9626aae026f49cdb5224b
LEX-EN-000402,GRP-LEX-habitat_303,lexicon_entry,habitat_303,,,4,8,vocabulary,lexical,False,False,lexicon,a17fb4fdc0ff29c412d7f9390e28e7faa862591647b5c0d17f7eed189d6dccb1
LEX-EN-000403,GRP-LEX-illuminate_304,lexicon_entry,illuminate_304,,,4,8,vocabulary,lexical,False,False,lexicon,6730b7048d36c1dc97f270090e2e193e043d31c8793dd9f7720fbabb5b5a2e64
LEX-EN-000404,GRP-LEX-gather_305,lexicon_entry,gather_305,,,4,8,vocabulary,lexical,False,False,lexicon,34136c6026e80f017ee629c06660657da0cc7746c9c9d7dc354ad45c876e40de
LEX-EN-000405,GRP-LEX-fragile_306,lexicon_entry,fragile_306,,,4,8,vocabulary,lexical,False,False,lexicon,7e448749c57e3478c9eb0656f77cff44bfb6b637651eafe50b2a9121c42224b5
LEX-EN-000406,GRP-LEX-glide_307,lexicon_entry,glide_307,,,4,8,vocabulary,lexical,False,False,lexicon,af6b5ee3d4f42d96dbaeb77fd9f4d8b90d0f5f1df8c3c6d8dd2e936e890eb04c
LEX-EN-000407,GRP-LEX-nocturnal_308,lexicon_entry,nocturnal_308,,,4,8,vocabulary,lexical,False,False,lexicon,fdbe411fbaf8bc0687f84d37f6533ff4c315a144ebbaf3dd4b2bdbfef885bf07
LEX-EN-000408,GRP-LEX-swift_309,lexicon_entry,swift_309,,,4,8,vocabulary,lexical,False,False,lexicon,a3e31c36a2a41e15b72de9a1e4b3db9da024d5a9c78b05afee661feb14c52651
LEX-EN-000409,GRP-LEX-cozy_310,lexicon_entry,cozy_310,,,4,8,vocabulary,lexical,False,False,lexicon,6fd68e9d9f14c7c956f41d75c5065d50437ec19817af432d1c51861ed8eb641c
LEX-EN-000410,GRP-LEX-hibernate_311,lexicon_entry,hibernate_311,,,4,8,vocabulary,lexical,False,False,lexicon,57882913ae7aefcfb357f83bf7284f804d2d3f06812186aca07ea77faf9ef23d
LEX-EN-000411,GRP-LEX-canopy_312,lexicon_entry,canopy_312,,,4,8,vocabulary,lexical,False,False,lexicon,89350730cd31d231283d283bbaccc2ef21cb4e46c79a0c6b0b1b0562e4d5891f
LEX-EN-000412,GRP-LEX-enormous_313,lexicon_entry,enormous_313,,,4,8,vocabulary,lexical,False,False,lexicon,067941df7253071cc34f6975061cbb0e5e60018ea0b657339457502122389a76
LEX-EN-000413,GRP-LEX-ancient_314,lexicon_entry,ancient_314,,,4,8,vocabulary,lexical,False,False,lexicon,813ffc77d8073e5bef2d2f0dc2388d3a26e2252b69cb61d31873028afbbdcc6a
LEX-EN-000414,GRP-LEX-habitat_315,lexicon_entry,habitat_315,,,4,8,vocabulary,lexical,False,False,lexicon,7c6dc817500ad9c4f9061c732f8f5be77e6202f3e6c0d12556114059c8c3c68b
LEX-EN-000415,GRP-LEX-illuminate_316,lexicon_entry,illuminate_316,,,4,8,vocabulary,lexical,False,False,lexicon,4e2b782d52c849a2e18a363dc98b9e8136309f959c4eaaa50bd5cc2f5cd6e98c
LEX-EN-000416,GRP-LEX-gather_317,lexicon_entry,gather_317,,,4,8,vocabulary,lexical,False,False,lexicon,ef99c7e8516efd3a28b060ac21ca44d58ed8bf44419feb0d5841e27a225d7d6d
LEX-EN-000417,GRP-LEX-fragile_318,lexicon_entry,fragile_318,,,4,8,vocabulary,lexical,False,False,lexicon,e47c6a1409e1394abcb8dfbcbb5b005fb2dc3e06c2bbea73784d230d8b6bdf07
LEX-EN-000418,GRP-LEX-glide_319,lexicon_entry,glide_319,,,4,8,vocabulary,lexical,False,False,lexicon,d7a302d0d19eeff9d1205435b34b1e706e19e96d60f92ecfb2c57798c39beb73
LEX-EN-000419,GRP-LEX-nocturnal_320,lexicon_entry,nocturnal_320,,,4,8,vocabulary,lexical,False,False,lexicon,8a3cabcf622fc2632bc050c189d6e151de31005a05ecc3c3264e00e28528ec0e
LEX-EN-000420,GRP-LEX-swift_321,lexicon_entry,swift_321,,,4,8,vocabulary,lexical,False,False,lexicon,872ade41ea837bb43988ad30110e5319f32daec9cf4948fee0e06c919235d627
LEX-EN-000421,GRP-LEX-cozy_322,lexicon_entry,cozy_322,,,4,8,vocabulary,lexical,False,False,lexicon,0fccadebb2f57b663b804251993e92d404c9fd9857fc66c38f25df824ba76f6c
LEX-EN-000422,GRP-LEX-hibernate_323,lexicon_entry,hibernate_323,,,4,8,vocabulary,lexical,False,False,lexicon,6580dcacf2ddd24c84ecb1895e40c3f043e668920c7d4112ad8c78892f262772
LEX-EN-000423,GRP-LEX-canopy_324,lexicon_entry,canopy_324,,,4,8,vocabulary,lexical,False,False,lexicon,90b66fe0b882742cedbff3701f283da9693a64d5b9617a4c0bb3efa37c5a1a03
LEX-EN-000424,GRP-LEX-enormous_325,lexicon_entry,enormous_325,,,4,8,vocabulary,lexical,False,False,lexicon,7d0ef4385cfdaf182636694eb5f5bdb4eab75f347e10ee7d3fe612118583d592
LEX-EN-000425,GRP-LEX-ancient_326,lexicon_entry,ancient_326,,,4,8,vocabulary,lexical,False,False,lexicon,15206e064c2e73e811a43801b6520b4029fbc8808e954b38b7580438f33a75e8
LEX-EN-000426,GRP-LEX-habitat_327,lexicon_entry,habitat_327,,,4,8,vocabulary,lexical,False,False,lexicon,73aa30e3f1ea5a3b9602220c5d04608039716a61a280e375f2489fccfa91e00b
LEX-EN-000427,GRP-LEX-illuminate_328,lexicon_entry,illuminate_328,,,4,8,vocabulary,lexical,False,False,lexicon,2972c64193b5483570b0510cb475b9a9cedc7ee13e345296d98d7e86ea185b10
LEX-EN-000428,GRP-LEX-gather_329,lexicon_entry,gather_329,,,4,8,vocabulary,lexical,False,False,lexicon,951b1c83e2e14b74338436fa0f63db5a2ae5d7f3e18a7037fd5d4ff458f779d1
LEX-EN-000429,GRP-LEX-fragile_330,lexicon_entry,fragile_330,,,4,8,vocabulary,lexical,False,False,lexicon,3da6c673313d9e2f54f6b7aea79242ce3257bab0123208f9ac39c1bdd35b9754
LEX-EN-000430,GRP-LEX-glide_331,lexicon_entry,glide_331,,,4,8,vocabulary,lexical,False,False,lexicon,f699d43bd852258a68d9637eb751ef75e058810812b86ab642e8cc9d7eaca2a3
LEX-EN-000431,GRP-LEX-nocturnal_332,lexicon_entry,nocturnal_332,,,4,8,vocabulary,lexical,False,False,lexicon,b58a4d4ad57c945e0776e07de597f68c519a18ac25640f8a1739cfae8eaf2e5e
LEX-EN-000432,GRP-LEX-swift_333,lexicon_entry,swift_333,,,4,8,vocabulary,lexical,False,False,lexicon,15d839b6b32ea9f3ec4a730cb8aa12e9c31af4ff3063bc2b593d24cbb1668351
LEX-EN-000433,GRP-LEX-cozy_334,lexicon_entry,cozy_334,,,4,8,vocabulary,lexical,False,False,lexicon,4fb809709cef02bd44a614651ab596b7a7230976db2eb6866fefa9e0c3294e3d
LEX-EN-000434,GRP-LEX-hibernate_335,lexicon_entry,hibernate_335,,,4,8,vocabulary,lexical,False,False,lexicon,eb9d927aba012e6e7497fe4982c190cebfc1a535b89d228d5817ed91d4b94f61
LEX-EN-000435,GRP-LEX-canopy_336,lexicon_entry,canopy_336,,,4,8,vocabulary,lexical,False,False,lexicon,24bb4828a0242f90ae30f5305c6f19def0291a26a44039808b601e278247ef48
LEX-EN-000436,GRP-LEX-enormous_337,lexicon_entry,enormous_337,,,4,8,vocabulary,lexical,False,False,lexicon,8136a0f3b65848268d86867eecc8733ac73f2c9b79cff95a427742c751c886ae
LEX-EN-000437,GRP-LEX-ancient_338,lexicon_entry,ancient_338,,,4,8,vocabulary,lexical,False,False,lexicon,ec577ca72c8422c1649b225324caff4e322783d81b3470bb95da0ae539246daf
LEX-EN-000438,GRP-LEX-habitat_339,lexicon_entry,habitat_339,,,4,8,vocabulary,lexical,False,False,lexicon,3d72bcaa90104d39de958bcb788e1f725d3a8d33df9d5e94ab84298b059fe2cd
LEX-EN-000439,GRP-LEX-illuminate_340,lexicon_entry,illuminate_340,,,4,8,vocabulary,lexical,False,False,lexicon,ec5124f5ccb9d9fa59921d99d37deed980e4d6444cecb77a47b34182b27bc9bc
LEX-EN-000440,GRP-LEX-gather_341,lexicon_entry,gather_341,,,4,8,vocabulary,lexical,False,False,lexicon,594c915e6698f49b5fa7ec02eb8617f3626c6ea48c10785d3394656694110536
LEX-EN-000441,GRP-LEX-fragile_342,lexicon_entry,fragile_342,,,4,8,vocabulary,lexical,False,False,lexicon,f0a4b298830a91753a2a5a08cf92229187888325aa1bb6ae06fa3f594bdc3881
LEX-EN-000442,GRP-LEX-glide_343,lexicon_entry,glide_343,,,4,8,vocabulary,lexical,False,False,lexicon,c8beb104e7fe201ba823acc9cde269004ba7a1e40127e42fdd062db26f721e96
LEX-EN-000443,GRP-LEX-nocturnal_344,lexicon_entry,nocturnal_344,,,4,8,vocabulary,lexical,False,False,lexicon,5f4a5945826ce94acdd15b868e873296eec0a180ffb5411d0df6da756eb91ca1
LEX-EN-000444,GRP-LEX-swift_345,lexicon_entry,swift_345,,,4,8,vocabulary,lexical,False,False,lexicon,2fe2aaec33b3dc764b4577c0043b11eb7443dd4b91ece5dc63139906b5bdc057
LEX-EN-000445,GRP-LEX-cozy_346,lexicon_entry,cozy_346,,,4,8,vocabulary,lexical,False,False,lexicon,aa33064bccda5b5b4fb6dd936321ca1217065ab1dda8ea6878fa697a7334cc92
LEX-EN-000446,GRP-LEX-hibernate_347,lexicon_entry,hibernate_347,,,4,8,vocabulary,lexical,False,False,lexicon,396c6a93f087bd6d0c2350fe887578c5b7cbe95d24329e4bbc74d7e72c27039f
LEX-EN-000447,GRP-LEX-canopy_348,lexicon_entry,canopy_348,,,4,8,vocabulary,lexical,False,False,lexicon,35a544a9d5e6ac5873204cac16a4da4ec0ceb884cd984f14ee9cb285349b1d01
LEX-EN-000448,GRP-LEX-enormous_349,lexicon_entry,enormous_349,,,4,8,vocabulary,lexical,False,False,lexicon,6e3251559fdef6813a914c0ee20916350510184cf8e91414e63a33f731b5f60a
LEX-EN-000449,GRP-LEX-ancient_350,lexicon_entry,ancient_350,,,4,8,vocabulary,lexical,False,False,lexicon,b6dd776b68eb61abcb15123f31c2a7ed6a2e4f226bb839f52a4a58d5a1bd4d63
LEX-EN-000450,GRP-LEX-habitat_351,lexicon_entry,habitat_351,,,4,8,vocabulary,lexical,False,False,lexicon,9603d96f9cf45c56fa7312e2b45a2d0d5d03b8e7af11eb1cd5d474e8cbee0465
LEX-EN-000451,GRP-LEX-illuminate_352,lexicon_entry,illuminate_352,,,4,8,vocabulary,lexical,False,False,lexicon,799e4981d9cf65ffbcea405cce19a4eb583829847e614c4614988c52e613b1aa
LEX-EN-000452,GRP-LEX-gather_353,lexicon_entry,gather_353,,,4,8,vocabulary,lexical,False,False,lexicon,7288f45339155513c7b52b3ae1ed5ae08d9695da9e703b903a96f845e96a8ea1
LEX-EN-000453,GRP-LEX-fragile_354,lexicon_entry,fragile_354,,,4,8,vocabulary,lexical,False,False,lexicon,b294a64d36007ab3eea88e4433523396174092d36df9b1943935f9662172da0b
LEX-EN-000454,GRP-LEX-glide_355,lexicon_entry,glide_355,,,4,8,vocabulary,lexical,False,False,lexicon,98008343fffa1d0070c5b638c618f106cb283c458e8ab017d2ec4359b18fbfd2
LEX-EN-000455,GRP-LEX-nocturnal_356,lexicon_entry,nocturnal_356,,,4,8,vocabulary,lexical,False,False,lexicon,67dfa343d3079af29a844c2cdd78aee0e19791dc3c12ab3b5484998ea537f456
LEX-EN-000456,GRP-LEX-swift_357,lexicon_entry,swift_357,,,4,8,vocabulary,lexical,False,False,lexicon,ea79928ffe1ee79e7871e3bd4114e57ab61b7a3e61b9ce9ad16d16694e0f02c3
LEX-EN-000457,GRP-LEX-cozy_358,lexicon_entry,cozy_358,,,4,8,vocabulary,lexical,False,False,lexicon,904f8124a31a634741edd1c37f63178cbf7b0ffa3a19c2a1b8211b17cf0212db
LEX-EN-000458,GRP-LEX-hibernate_359,lexicon_entry,hibernate_359,,,4,8,vocabulary,lexical,False,False,lexicon,35ac34c46220bc23c87d331eb84720934d00845055df75bea1de1613c3e0e77b
LEX-EN-000459,GRP-LEX-canopy_360,lexicon_entry,canopy_360,,,4,8,vocabulary,lexical,False,False,lexicon,0e370bce07c9440cd33012d9e734b1a436b6bf90797338dac21271c80e3e07bd
C3-EN-VOC-NAMING-001,GRP-ACT-C3-EN-VOC-NAMING-001,adaptation_activity,,,,4,8,adaptation,activity,False,False,test,cbe5cfdf7c2118a9c3d78ef1d684f3afa089201352886449a06a6511cfef74a7
C3-EN-VOC-NAMING-002,GRP-ACT-C3-EN-VOC-NAMING-002,adaptation_activity,,,,4,8,adaptation,activity,False,False,test,cbe5cfdf7c2118a9c3d78ef1d684f3afa089201352886449a06a6511cfef74a7
C3-EN-VOC-MATCH-001,GRP-ACT-C3-EN-VOC-MATCH-001,adaptation_activity,,,,4,8,adaptation,activity,False,False,test,cbe5cfdf7c2118a9c3d78ef1d684f3afa089201352886449a06a6511cfef74a7
C3-EN-VOC-DEF-001,GRP-ACT-C3-EN-VOC-DEF-001,adaptation_activity,,,,4,8,adaptation,activity,False,False,test,cbe5cfdf7c2118a9c3d78ef1d684f3afa089201352886449a06a6511cfef74a7
C3-EN-VOC-SYN-001,GRP-ACT-C3-EN-VOC-SYN-001,adaptation_activity,,,,4,8,adaptation,activity,False,False,test,cbe5cfdf7c2118a9c3d78ef1d684f3afa089201352886449a06a6511cfef74a7
C3-EN-VOC-CAT-001,GRP-ACT-C3-EN-VOC-CAT-001,adaptation_activity,,,,4,8,adaptation,activity,False,False,test,cbe5cfdf7c2118a9c3d78ef1d684f3afa089201352886449a06a6511cfef74a7
C3-EN-VOC-ODD-001,GRP-ACT-C3-EN-VOC-ODD-001,adaptation_activity,,,,4,8,adaptation,activity,False,False,test,cbe5cfdf7c2118a9c3d78ef1d684f3afa089201352886449a06a6511cfef74a7
C3-EN-VOC-ACT-001,GRP-ACT-C3-EN-VOC-ACT-001,adaptation_activity,,,,4,8,adaptation,activity,False,False,test,cbe5cfdf7c2118a9c3d78ef1d684f3afa089201352886449a06a6511cfef74a7
C3-EN-GRAM-ART-001,GRP-ACT-C3-EN-GRAM-ART-001,adaptation_activity,,,,4,8,adaptation,activity,False,False,test,cbe5cfdf7c2118a9c3d78ef1d684f3afa089201352886449a06a6511cfef74a7
C3-EN-GRAM-PREP-001,GRP-ACT-C3-EN-GRAM-PREP-001,adaptation_activity,,,,4,8,adaptation,activity,False,False,test,cbe5cfdf7c2118a9c3d78ef1d684f3afa089201352886449a06a6511cfef74a7
C3-EN-GRAM-SVA-001,GRP-ACT-C3-EN-GRAM-SVA-001,adaptation_activity,,,,4,8,adaptation,activity,False,False,test,cbe5cfdf7c2118a9c3d78ef1d684f3afa089201352886449a06a6511cfef74a7
C3-EN-GRAM-PRON-001,GRP-ACT-C3-EN-GRAM-PRON-001,adaptation_activity,,,,4,8,adaptation,activity,False,False,test,cbe5cfdf7c2118a9c3d78ef1d684f3afa089201352886449a06a6511cfef74a7
C3-EN-GRAM-PLUR-001,GRP-ACT-C3-EN-GRAM-PLUR-001,adaptation_activity,,,,4,8,adaptation,activity,False,False,test,cbe5cfdf7c2118a9c3d78ef1d684f3afa089201352886449a06a6511cfef74a7
C3-EN-GRAM-TENSE-001,GRP-ACT-C3-EN-GRAM-TENSE-001,adaptation_activity,,,,4,8,adaptation,activity,False,False,test,cbe5cfdf7c2118a9c3d78ef1d684f3afa089201352886449a06a6511cfef74a7
C3-EN-GRAM-COMPL-001,GRP-ACT-C3-EN-GRAM-COMPL-001,adaptation_activity,,,,4,8,adaptation,activity,False,False,test,cbe5cfdf7c2118a9c3d78ef1d684f3afa089201352886449a06a6511cfef74a7
C3-EN-GRAM-WORD-001,GRP-ACT-C3-EN-GRAM-WORD-001,adaptation_activity,,,,4,8,adaptation,activity,False,False,test,cbe5cfdf7c2118a9c3d78ef1d684f3afa089201352886449a06a6511cfef74a7
C3-EN-INST-ONE-001,GRP-ACT-C3-EN-INST-ONE-001,adaptation_activity,,,,4,8,adaptation,activity,False,False,test,cbe5cfdf7c2118a9c3d78ef1d684f3afa089201352886449a06a6511cfef74a7
C3-EN-INST-TWO-001,GRP-ACT-C3-EN-INST-TWO-001,adaptation_activity,,,,4,8,adaptation,activity,False,False,test,cbe5cfdf7c2118a9c3d78ef1d684f3afa089201352886449a06a6511cfef74a7
C3-EN-INST-THREE-001,GRP-ACT-C3-EN-INST-THREE-001,adaptation_activity,,,,4,8,adaptation,activity,False,False,test,cbe5cfdf7c2118a9c3d78ef1d684f3afa089201352886449a06a6511cfef74a7
C3-EN-INST-BEFORE-001,GRP-ACT-C3-EN-INST-BEFORE-001,adaptation_activity,,,,4,8,adaptation,activity,False,False,test,cbe5cfdf7c2118a9c3d78ef1d684f3afa089201352886449a06a6511cfef74a7
C3-EN-INST-IFTHEN-001,GRP-ACT-C3-EN-INST-IFTHEN-001,adaptation_activity,,,,4,8,adaptation,activity,False,False,test,cbe5cfdf7c2118a9c3d78ef1d684f3afa089201352886449a06a6511cfef74a7
C3-EN-SENT-REL-001,GRP-ACT-C3-EN-SENT-REL-001,adaptation_activity,,,,4,8,adaptation,activity,False,False,test,cbe5cfdf7c2118a9c3d78ef1d684f3afa089201352886449a06a6511cfef74a7
C3-EN-SENT-PASS-001,GRP-ACT-C3-EN-SENT-PASS-001,adaptation_activity,,,,4,8,adaptation,activity,False,False,test,cbe5cfdf7c2118a9c3d78ef1d684f3afa089201352886449a06a6511cfef74a7
C3-EN-SENT-AR-001,GRP-ACT-C3-EN-SENT-AR-001,adaptation_activity,,,,4,8,adaptation,activity,False,False,test,cbe5cfdf7c2118a9c3d78ef1d684f3afa089201352886449a06a6511cfef74a7
C3-EN-COMP-PASSAGE-001,GRP-ACT-C3-EN-COMP-PASSAGE-001,adaptation_activity,,,,4,8,adaptation,activity,False,False,test,cbe5cfdf7c2118a9c3d78ef1d684f3afa089201352886449a06a6511cfef74a7
C3-EN-COMP-PASSAGE-002,GRP-ACT-C3-EN-COMP-PASSAGE-002,adaptation_activity,,,,4,8,adaptation,activity,False,False,test,cbe5cfdf7c2118a9c3d78ef1d684f3afa089201352886449a06a6511cfef74a7
C3-EN-COMP-SEQ-001,GRP-ACT-C3-EN-COMP-SEQ-001,adaptation_activity,,,,4,8,adaptation,activity,False,False,test,cbe5cfdf7c2118a9c3d78ef1d684f3afa089201352886449a06a6511cfef74a7
C3-EN-COMP-MAIN-001,GRP-ACT-C3-EN-COMP-MAIN-001,adaptation_activity,,,,4,8,adaptation,activity,False,False,test,cbe5cfdf7c2118a9c3d78ef1d684f3afa089201352886449a06a6511cfef74a7
C3-EN-COMP-YESNO-001,GRP-ACT-C3-EN-COMP-YESNO-001,adaptation_activity,,,,4,8,adaptation,activity,False,False,test,cbe5cfdf7c2118a9c3d78ef1d684f3afa089201352886449a06a6511cfef74a7
C3-EN-COMP-WH-001,GRP-ACT-C3-EN-COMP-WH-001,adaptation_activity,,,,4,8,adaptation,activity,False,False,test,cbe5cfdf7c2118a9c3d78ef1d684f3afa089201352886449a06a6511cfef74a7
C3-EN-TASK-ENG-001,GRP-ACT-C3-EN-TASK-ENG-001,adaptation_activity,,,,4,8,adaptation,activity,False,False,test,cbe5cfdf7c2118a9c3d78ef1d684f3afa089201352886449a06a6511cfef74a7
C3-EN-TASK-ENG-002,GRP-ACT-C3-EN-TASK-ENG-002,adaptation_activity,,,,4,8,adaptation,activity,False,False,test,cbe5cfdf7c2118a9c3d78ef1d684f3afa089201352886449a06a6511cfef74a7
C3-EN-TASK-ENG-003,GRP-ACT-C3-EN-TASK-ENG-003,adaptation_activity,,,,4,8,adaptation,activity,False,False,test,cbe5cfdf7c2118a9c3d78ef1d684f3afa089201352886449a06a6511cfef74a7
C3-EN-TASK-ENG-004,GRP-ACT-C3-EN-TASK-ENG-004,adaptation_activity,,,,4,8,adaptation,activity,False,False,test,cbe5cfdf7c2118a9c3d78ef1d684f3afa089201352886449a06a6511cfef74a7
C3-EN-TASK-ENG-005,GRP-ACT-C3-EN-TASK-ENG-005,adaptation_activity,,,,4,8,adaptation,activity,False,False,test,cbe5cfdf7c2118a9c3d78ef1d684f3afa089201352886449a06a6511cfef74a7
C3-EN-TASK-ENG-006,GRP-ACT-C3-EN-TASK-ENG-006,adaptation_activity,,,,4,8,adaptation,activity,False,False,test,cbe5cfdf7c2118a9c3d78ef1d684f3afa089201352886449a06a6511cfef74a7
C3-EN-TASK-ENG-007,GRP-ACT-C3-EN-TASK-ENG-007,adaptation_activity,,,,4,8,adaptation,activity,False,False,test,cbe5cfdf7c2118a9c3d78ef1d684f3afa089201352886449a06a6511cfef74a7
C3-EN-TASK-ENG-008,GRP-ACT-C3-EN-TASK-ENG-008,adaptation_activity,,,,4,8,adaptation,activity,False,False,test,cbe5cfdf7c2118a9c3d78ef1d684f3afa089201352886449a06a6511cfef74a7
C3-EN-TASK-ENG-009,GRP-ACT-C3-EN-TASK-ENG-009,adaptation_activity,,,,4,8,adaptation,activity,False,False,test,cbe5cfdf7c2118a9c3d78ef1d684f3afa089201352886449a06a6511cfef74a7
C3-EN-TASK-ENG-010,GRP-ACT-C3-EN-TASK-ENG-010,adaptation_activity,,,,4,8,adaptation,activity,False,False,test,cbe5cfdf7c2118a9c3d78ef1d684f3afa089201352886449a06a6511cfef74a7
C3-EN-VOC-0100,GRP-ACT-C3-EN-VOC-0100,adaptation_activity,,,,4,8,adaptation,activity,False,False,test,cbe5cfdf7c2118a9c3d78ef1d684f3afa089201352886449a06a6511cfef74a7
C3-EN-VOC-0101,GRP-ACT-C3-EN-VOC-0101,adaptation_activity,,,,4,8,adaptation,activity,False,False,test,cbe5cfdf7c2118a9c3d78ef1d684f3afa089201352886449a06a6511cfef74a7
C3-EN-VOC-0102,GRP-ACT-C3-EN-VOC-0102,adaptation_activity,,,,4,8,adaptation,activity,False,False,test,cbe5cfdf7c2118a9c3d78ef1d684f3afa089201352886449a06a6511cfef74a7
C3-EN-VOC-0103,GRP-ACT-C3-EN-VOC-0103,adaptation_activity,,,,4,8,adaptation,activity,False,False,test,cbe5cfdf7c2118a9c3d78ef1d684f3afa089201352886449a06a6511cfef74a7
C3-EN-VOC-0104,GRP-ACT-C3-EN-VOC-0104,adaptation_activity,,,,4,8,adaptation,activity,False,False,test,cbe5cfdf7c2118a9c3d78ef1d684f3afa089201352886449a06a6511cfef74a7
C3-EN-VOC-0105,GRP-ACT-C3-EN-VOC-0105,adaptation_activity,,,,4,8,adaptation,activity,False,False,test,cbe5cfdf7c2118a9c3d78ef1d684f3afa089201352886449a06a6511cfef74a7
C3-EN-VOC-0106,GRP-ACT-C3-EN-VOC-0106,adaptation_activity,,,,4,8,adaptation,activity,False,False,test,cbe5cfdf7c2118a9c3d78ef1d684f3afa089201352886449a06a6511cfef74a7
C3-EN-VOC-0107,GRP-ACT-C3-EN-VOC-0107,adaptation_activity,,,,4,8,adaptation,activity,False,False,test,cbe5cfdf7c2118a9c3d78ef1d684f3afa089201352886449a06a6511cfef74a7
C3-EN-VOC-0108,GRP-ACT-C3-EN-VOC-0108,adaptation_activity,,,,4,8,adaptation,activity,False,False,test,cbe5cfdf7c2118a9c3d78ef1d684f3afa089201352886449a06a6511cfef74a7
C3-EN-VOC-0109,GRP-ACT-C3-EN-VOC-0109,adaptation_activity,,,,4,8,adaptation,activity,False,False,test,cbe5cfdf7c2118a9c3d78ef1d684f3afa089201352886449a06a6511cfef74a7
C3-EN-GRA-0138,GRP-ACT-C3-EN-GRA-0138,adaptation_activity,,,,4,8,adaptation,activity,False,False,test,cbe5cfdf7c2118a9c3d78ef1d684f3afa089201352886449a06a6511cfef74a7
C3-EN-GRA-0139,GRP-ACT-C3-EN-GRA-0139,adaptation_activity,,,,4,8,adaptation,activity,False,False,test,cbe5cfdf7c2118a9c3d78ef1d684f3afa089201352886449a06a6511cfef74a7
C3-EN-GRA-0140,GRP-ACT-C3-EN-GRA-0140,adaptation_activity,,,,4,8,adaptation,activity,False,False,test,cbe5cfdf7c2118a9c3d78ef1d684f3afa089201352886449a06a6511cfef74a7
C3-EN-GRA-0141,GRP-ACT-C3-EN-GRA-0141,adaptation_activity,,,,4,8,adaptation,activity,False,False,test,cbe5cfdf7c2118a9c3d78ef1d684f3afa089201352886449a06a6511cfef74a7
C3-EN-GRA-0142,GRP-ACT-C3-EN-GRA-0142,adaptation_activity,,,,4,8,adaptation,activity,False,False,test,cbe5cfdf7c2118a9c3d78ef1d684f3afa089201352886449a06a6511cfef74a7
C3-EN-GRA-0143,GRP-ACT-C3-EN-GRA-0143,adaptation_activity,,,,4,8,adaptation,activity,False,False,test,cbe5cfdf7c2118a9c3d78ef1d684f3afa089201352886449a06a6511cfef74a7
C3-EN-GRA-0144,GRP-ACT-C3-EN-GRA-0144,adaptation_activity,,,,4,8,adaptation,activity,False,False,test,cbe5cfdf7c2118a9c3d78ef1d684f3afa089201352886449a06a6511cfef74a7
C3-EN-GRA-0145,GRP-ACT-C3-EN-GRA-0145,adaptation_activity,,,,4,8,adaptation,activity,False,False,test,cbe5cfdf7c2118a9c3d78ef1d684f3afa089201352886449a06a6511cfef74a7
C3-EN-GRA-0146,GRP-ACT-C3-EN-GRA-0146,adaptation_activity,,,,4,8,adaptation,activity,False,False,test,cbe5cfdf7c2118a9c3d78ef1d684f3afa089201352886449a06a6511cfef74a7
C3-EN-GRA-0147,GRP-ACT-C3-EN-GRA-0147,adaptation_activity,,,,4,8,adaptation,activity,False,False,test,cbe5cfdf7c2118a9c3d78ef1d684f3afa089201352886449a06a6511cfef74a7
C3-EN-COM-0176,GRP-ACT-C3-EN-COM-0176,adaptation_activity,,,,4,8,adaptation,activity,False,False,test,cbe5cfdf7c2118a9c3d78ef1d684f3afa089201352886449a06a6511cfef74a7
C3-EN-COM-0177,GRP-ACT-C3-EN-COM-0177,adaptation_activity,,,,4,8,adaptation,activity,False,False,test,cbe5cfdf7c2118a9c3d78ef1d684f3afa089201352886449a06a6511cfef74a7
C3-EN-COM-0178,GRP-ACT-C3-EN-COM-0178,adaptation_activity,,,,4,8,adaptation,activity,False,False,test,cbe5cfdf7c2118a9c3d78ef1d684f3afa089201352886449a06a6511cfef74a7
C3-EN-COM-0179,GRP-ACT-C3-EN-COM-0179,adaptation_activity,,,,4,8,adaptation,activity,False,False,test,cbe5cfdf7c2118a9c3d78ef1d684f3afa089201352886449a06a6511cfef74a7
C3-EN-COM-0180,GRP-ACT-C3-EN-COM-0180,adaptation_activity,,,,4,8,adaptation,activity,False,False,test,cbe5cfdf7c2118a9c3d78ef1d684f3afa089201352886449a06a6511cfef74a7
C3-EN-COM-0181,GRP-ACT-C3-EN-COM-0181,adaptation_activity,,,,4,8,adaptation,activity,False,False,test,cbe5cfdf7c2118a9c3d78ef1d684f3afa089201352886449a06a6511cfef74a7
C3-EN-COM-0182,GRP-ACT-C3-EN-COM-0182,adaptation_activity,,,,4,8,adaptation,activity,False,False,test,cbe5cfdf7c2118a9c3d78ef1d684f3afa089201352886449a06a6511cfef74a7
C3-EN-COM-0183,GRP-ACT-C3-EN-COM-0183,adaptation_activity,,,,4,8,adaptation,activity,False,False,test,cbe5cfdf7c2118a9c3d78ef1d684f3afa089201352886449a06a6511cfef74a7
C3-EN-COM-0184,GRP-ACT-C3-EN-COM-0184,adaptation_activity,,,,4,8,adaptation,activity,False,False,test,cbe5cfdf7c2118a9c3d78ef1d684f3afa089201352886449a06a6511cfef74a7
C3-EN-COM-0185,GRP-ACT-C3-EN-COM-0185,adaptation_activity,,,,4,8,adaptation,activity,False,False,test,cbe5cfdf7c2118a9c3d78ef1d684f3afa089201352886449a06a6511cfef74a7
C3-EN-INS-0214,GRP-ACT-C3-EN-INS-0214,adaptation_activity,,,,4,8,adaptation,activity,False,False,test,cbe5cfdf7c2118a9c3d78ef1d684f3afa089201352886449a06a6511cfef74a7
C3-EN-INS-0215,GRP-ACT-C3-EN-INS-0215,adaptation_activity,,,,4,8,adaptation,activity,False,False,test,cbe5cfdf7c2118a9c3d78ef1d684f3afa089201352886449a06a6511cfef74a7
C3-EN-INS-0216,GRP-ACT-C3-EN-INS-0216,adaptation_activity,,,,4,8,adaptation,activity,False,False,test,cbe5cfdf7c2118a9c3d78ef1d684f3afa089201352886449a06a6511cfef74a7
C3-EN-INS-0217,GRP-ACT-C3-EN-INS-0217,adaptation_activity,,,,4,8,adaptation,activity,False,False,test,cbe5cfdf7c2118a9c3d78ef1d684f3afa089201352886449a06a6511cfef74a7
C3-EN-INS-0218,GRP-ACT-C3-EN-INS-0218,adaptation_activity,,,,4,8,adaptation,activity,False,False,test,cbe5cfdf7c2118a9c3d78ef1d684f3afa089201352886449a06a6511cfef74a7
C3-EN-INS-0219,GRP-ACT-C3-EN-INS-0219,adaptation_activity,,,,4,8,adaptation,activity,False,False,test,cbe5cfdf7c2118a9c3d78ef1d684f3afa089201352886449a06a6511cfef74a7
C3-EN-INS-0220,GRP-ACT-C3-EN-INS-0220,adaptation_activity,,,,4,8,adaptation,activity,False,False,test,cbe5cfdf7c2118a9c3d78ef1d684f3afa089201352886449a06a6511cfef74a7
C3-EN-INS-0221,GRP-ACT-C3-EN-INS-0221,adaptation_activity,,,,4,8,adaptation,activity,False,False,test,cbe5cfdf7c2118a9c3d78ef1d684f3afa089201352886449a06a6511cfef74a7
C3-EN-INS-0222,GRP-ACT-C3-EN-INS-0222,adaptation_activity,,,,4,8,adaptation,activity,False,False,test,cbe5cfdf7c2118a9c3d78ef1d684f3afa089201352886449a06a6511cfef74a7
C3-EN-INS-0223,GRP-ACT-C3-EN-INS-0223,adaptation_activity,,,,4,8,adaptation,activity,False,False,test,cbe5cfdf7c2118a9c3d78ef1d684f3afa089201352886449a06a6511cfef74a7
C3-EN-VOC-0110,GRP-ACT-C3-EN-VOC-0110,adaptation_activity,,,,4,8,adaptation,activity,False,False,test,cbe5cfdf7c2118a9c3d78ef1d684f3afa089201352886449a06a6511cfef74a7
C3-EN-VOC-0111,GRP-ACT-C3-EN-VOC-0111,adaptation_activity,,,,4,8,adaptation,activity,False,False,test,cbe5cfdf7c2118a9c3d78ef1d684f3afa089201352886449a06a6511cfef74a7
C3-EN-VOC-0112,GRP-ACT-C3-EN-VOC-0112,adaptation_activity,,,,4,8,adaptation,activity,False,False,test,cbe5cfdf7c2118a9c3d78ef1d684f3afa089201352886449a06a6511cfef74a7
C3-EN-VOC-0113,GRP-ACT-C3-EN-VOC-0113,adaptation_activity,,,,4,8,adaptation,activity,False,False,test,cbe5cfdf7c2118a9c3d78ef1d684f3afa089201352886449a06a6511cfef74a7
C3-EN-VOC-0114,GRP-ACT-C3-EN-VOC-0114,adaptation_activity,,,,4,8,adaptation,activity,False,False,test,cbe5cfdf7c2118a9c3d78ef1d684f3afa089201352886449a06a6511cfef74a7
C3-EN-VOC-0115,GRP-ACT-C3-EN-VOC-0115,adaptation_activity,,,,4,8,adaptation,activity,False,False,test,cbe5cfdf7c2118a9c3d78ef1d684f3afa089201352886449a06a6511cfef74a7
C3-EN-VOC-0116,GRP-ACT-C3-EN-VOC-0116,adaptation_activity,,,,4,8,adaptation,activity,False,False,test,cbe5cfdf7c2118a9c3d78ef1d684f3afa089201352886449a06a6511cfef74a7
C3-EN-VOC-0117,GRP-ACT-C3-EN-VOC-0117,adaptation_activity,,,,4,8,adaptation,activity,False,False,test,cbe5cfdf7c2118a9c3d78ef1d684f3afa089201352886449a06a6511cfef74a7
C3-EN-GRA-0148,GRP-ACT-C3-EN-GRA-0148,adaptation_activity,,,,4,8,adaptation,activity,False,False,test,cbe5cfdf7c2118a9c3d78ef1d684f3afa089201352886449a06a6511cfef74a7
C3-EN-GRA-0149,GRP-ACT-C3-EN-GRA-0149,adaptation_activity,,,,4,8,adaptation,activity,False,False,test,cbe5cfdf7c2118a9c3d78ef1d684f3afa089201352886449a06a6511cfef74a7
C3-EN-GRA-0150,GRP-ACT-C3-EN-GRA-0150,adaptation_activity,,,,4,8,adaptation,activity,False,False,test,cbe5cfdf7c2118a9c3d78ef1d684f3afa089201352886449a06a6511cfef74a7
C3-EN-GRA-0151,GRP-ACT-C3-EN-GRA-0151,adaptation_activity,,,,4,8,adaptation,activity,False,False,test,cbe5cfdf7c2118a9c3d78ef1d684f3afa089201352886449a06a6511cfef74a7
C3-EN-GRA-0152,GRP-ACT-C3-EN-GRA-0152,adaptation_activity,,,,4,8,adaptation,activity,False,False,test,cbe5cfdf7c2118a9c3d78ef1d684f3afa089201352886449a06a6511cfef74a7
C3-EN-GRA-0153,GRP-ACT-C3-EN-GRA-0153,adaptation_activity,,,,4,8,adaptation,activity,False,False,test,cbe5cfdf7c2118a9c3d78ef1d684f3afa089201352886449a06a6511cfef74a7
C3-EN-GRA-0154,GRP-ACT-C3-EN-GRA-0154,adaptation_activity,,,,4,8,adaptation,activity,False,False,test,cbe5cfdf7c2118a9c3d78ef1d684f3afa089201352886449a06a6511cfef74a7
C3-EN-GRA-0155,GRP-ACT-C3-EN-GRA-0155,adaptation_activity,,,,4,8,adaptation,activity,False,False,test,cbe5cfdf7c2118a9c3d78ef1d684f3afa089201352886449a06a6511cfef74a7
C3-EN-COM-0186,GRP-ACT-C3-EN-COM-0186,adaptation_activity,,,,4,8,adaptation,activity,False,False,test,cbe5cfdf7c2118a9c3d78ef1d684f3afa089201352886449a06a6511cfef74a7
C3-EN-COM-0187,GRP-ACT-C3-EN-COM-0187,adaptation_activity,,,,4,8,adaptation,activity,False,False,test,cbe5cfdf7c2118a9c3d78ef1d684f3afa089201352886449a06a6511cfef74a7
C3-EN-COM-0188,GRP-ACT-C3-EN-COM-0188,adaptation_activity,,,,4,8,adaptation,activity,False,False,test,cbe5cfdf7c2118a9c3d78ef1d684f3afa089201352886449a06a6511cfef74a7
C3-EN-COM-0189,GRP-ACT-C3-EN-COM-0189,adaptation_activity,,,,4,8,adaptation,activity,False,False,test,cbe5cfdf7c2118a9c3d78ef1d684f3afa089201352886449a06a6511cfef74a7
C3-EN-COM-0190,GRP-ACT-C3-EN-COM-0190,adaptation_activity,,,,4,8,adaptation,activity,False,False,test,cbe5cfdf7c2118a9c3d78ef1d684f3afa089201352886449a06a6511cfef74a7
C3-EN-INS-0224,GRP-ACT-C3-EN-INS-0224,adaptation_activity,,,,4,8,adaptation,activity,False,False,test,cbe5cfdf7c2118a9c3d78ef1d684f3afa089201352886449a06a6511cfef74a7
C3-EN-INS-0225,GRP-ACT-C3-EN-INS-0225,adaptation_activity,,,,4,8,adaptation,activity,False,False,test,cbe5cfdf7c2118a9c3d78ef1d684f3afa089201352886449a06a6511cfef74a7
C3-EN-INS-0226,GRP-ACT-C3-EN-INS-0226,adaptation_activity,,,,4,8,adaptation,activity,False,False,test,cbe5cfdf7c2118a9c3d78ef1d684f3afa089201352886449a06a6511cfef74a7
C3-EN-INS-0227,GRP-ACT-C3-EN-INS-0227,adaptation_activity,,,,4,8,adaptation,activity,False,False,test,cbe5cfdf7c2118a9c3d78ef1d684f3afa089201352886449a06a6511cfef74a7
C3-EN-INS-0228,GRP-ACT-C3-EN-INS-0228,adaptation_activity,,,,4,8,adaptation,activity,False,False,test,cbe5cfdf7c2118a9c3d78ef1d684f3afa089201352886449a06a6511cfef74a7
C3-EN-VOC-0118,GRP-ACT-C3-EN-VOC-0118,adaptation_activity,,,,4,8,adaptation,activity,False,False,test,cbe5cfdf7c2118a9c3d78ef1d684f3afa089201352886449a06a6511cfef74a7
C3-EN-VOC-0119,GRP-ACT-C3-EN-VOC-0119,adaptation_activity,,,,4,8,adaptation,activity,False,False,test,cbe5cfdf7c2118a9c3d78ef1d684f3afa089201352886449a06a6511cfef74a7
C3-EN-VOC-0120,GRP-ACT-C3-EN-VOC-0120,adaptation_activity,,,,4,8,adaptation,activity,False,False,test,cbe5cfdf7c2118a9c3d78ef1d684f3afa089201352886449a06a6511cfef74a7
C3-EN-VOC-0121,GRP-ACT-C3-EN-VOC-0121,adaptation_activity,,,,4,8,adaptation,activity,False,False,test,cbe5cfdf7c2118a9c3d78ef1d684f3afa089201352886449a06a6511cfef74a7
C3-EN-VOC-0122,GRP-ACT-C3-EN-VOC-0122,adaptation_activity,,,,4,8,adaptation,activity,False,False,test,cbe5cfdf7c2118a9c3d78ef1d684f3afa089201352886449a06a6511cfef74a7
C3-EN-GRA-0156,GRP-ACT-C3-EN-GRA-0156,adaptation_activity,,,,4,8,adaptation,activity,False,False,test,cbe5cfdf7c2118a9c3d78ef1d684f3afa089201352886449a06a6511cfef74a7
C3-EN-GRA-0157,GRP-ACT-C3-EN-GRA-0157,adaptation_activity,,,,4,8,adaptation,activity,False,False,test,cbe5cfdf7c2118a9c3d78ef1d684f3afa089201352886449a06a6511cfef74a7
C3-EN-GRA-0158,GRP-ACT-C3-EN-GRA-0158,adaptation_activity,,,,4,8,adaptation,activity,False,False,test,cbe5cfdf7c2118a9c3d78ef1d684f3afa089201352886449a06a6511cfef74a7
C3-EN-GRA-0159,GRP-ACT-C3-EN-GRA-0159,adaptation_activity,,,,4,8,adaptation,activity,False,False,test,cbe5cfdf7c2118a9c3d78ef1d684f3afa089201352886449a06a6511cfef74a7
C3-EN-GRA-0160,GRP-ACT-C3-EN-GRA-0160,adaptation_activity,,,,4,8,adaptation,activity,False,False,test,cbe5cfdf7c2118a9c3d78ef1d684f3afa089201352886449a06a6511cfef74a7
C3-EN-GRA-0161,GRP-ACT-C3-EN-GRA-0161,adaptation_activity,,,,4,8,adaptation,activity,False,False,test,cbe5cfdf7c2118a9c3d78ef1d684f3afa089201352886449a06a6511cfef74a7
C3-EN-GRA-0162,GRP-ACT-C3-EN-GRA-0162,adaptation_activity,,,,4,8,adaptation,activity,False,False,test,cbe5cfdf7c2118a9c3d78ef1d684f3afa089201352886449a06a6511cfef74a7
C3-EN-COM-0191,GRP-ACT-C3-EN-COM-0191,adaptation_activity,,,,4,8,adaptation,activity,False,False,test,cbe5cfdf7c2118a9c3d78ef1d684f3afa089201352886449a06a6511cfef74a7
C3-EN-COM-0192,GRP-ACT-C3-EN-COM-0192,adaptation_activity,,,,4,8,adaptation,activity,False,False,test,cbe5cfdf7c2118a9c3d78ef1d684f3afa089201352886449a06a6511cfef74a7
C3-EN-COM-0193,GRP-ACT-C3-EN-COM-0193,adaptation_activity,,,,4,8,adaptation,activity,False,False,test,cbe5cfdf7c2118a9c3d78ef1d684f3afa089201352886449a06a6511cfef74a7
C3-EN-COM-0194,GRP-ACT-C3-EN-COM-0194,adaptation_activity,,,,4,8,adaptation,activity,False,False,test,cbe5cfdf7c2118a9c3d78ef1d684f3afa089201352886449a06a6511cfef74a7
C3-EN-COM-0195,GRP-ACT-C3-EN-COM-0195,adaptation_activity,,,,4,8,adaptation,activity,False,False,test,cbe5cfdf7c2118a9c3d78ef1d684f3afa089201352886449a06a6511cfef74a7
C3-EN-INS-0229,GRP-ACT-C3-EN-INS-0229,adaptation_activity,,,,4,8,adaptation,activity,False,False,test,cbe5cfdf7c2118a9c3d78ef1d684f3afa089201352886449a06a6511cfef74a7
C3-EN-INS-0230,GRP-ACT-C3-EN-INS-0230,adaptation_activity,,,,4,8,adaptation,activity,False,False,test,cbe5cfdf7c2118a9c3d78ef1d684f3afa089201352886449a06a6511cfef74a7
C3-EN-INS-0231,GRP-ACT-C3-EN-INS-0231,adaptation_activity,,,,4,8,adaptation,activity,False,False,test,cbe5cfdf7c2118a9c3d78ef1d684f3afa089201352886449a06a6511cfef74a7
C3-EN-INS-0232,GRP-ACT-C3-EN-INS-0232,adaptation_activity,,,,4,8,adaptation,activity,False,False,test,cbe5cfdf7c2118a9c3d78ef1d684f3afa089201352886449a06a6511cfef74a7
C3-EN-INS-0233,GRP-ACT-C3-EN-INS-0233,adaptation_activity,,,,4,8,adaptation,activity,False,False,test,cbe5cfdf7c2118a9c3d78ef1d684f3afa089201352886449a06a6511cfef74a7
C3-EN-INS-0234,GRP-ACT-C3-EN-INS-0234,adaptation_activity,,,,4,8,adaptation,activity,False,False,test,cbe5cfdf7c2118a9c3d78ef1d684f3afa089201352886449a06a6511cfef74a7
C3-EN-INS-0235,GRP-ACT-C3-EN-INS-0235,adaptation_activity,,,,4,8,adaptation,activity,False,False,test,cbe5cfdf7c2118a9c3d78ef1d684f3afa089201352886449a06a6511cfef74a7
C3-EN-INS-0236,GRP-ACT-C3-EN-INS-0236,adaptation_activity,,,,4,8,adaptation,activity,False,False,test,cbe5cfdf7c2118a9c3d78ef1d684f3afa089201352886449a06a6511cfef74a7
C3-EN-VOC-0123,GRP-ACT-C3-EN-VOC-0123,adaptation_activity,,,,4,8,adaptation,activity,False,False,test,cbe5cfdf7c2118a9c3d78ef1d684f3afa089201352886449a06a6511cfef74a7
C3-EN-VOC-0124,GRP-ACT-C3-EN-VOC-0124,adaptation_activity,,,,4,8,adaptation,activity,False,False,test,cbe5cfdf7c2118a9c3d78ef1d684f3afa089201352886449a06a6511cfef74a7
C3-EN-VOC-0125,GRP-ACT-C3-EN-VOC-0125,adaptation_activity,,,,4,8,adaptation,activity,False,False,test,cbe5cfdf7c2118a9c3d78ef1d684f3afa089201352886449a06a6511cfef74a7
C3-EN-VOC-0126,GRP-ACT-C3-EN-VOC-0126,adaptation_activity,,,,4,8,adaptation,activity,False,False,test,cbe5cfdf7c2118a9c3d78ef1d684f3afa089201352886449a06a6511cfef74a7
C3-EN-VOC-0127,GRP-ACT-C3-EN-VOC-0127,adaptation_activity,,,,4,8,adaptation,activity,False,False,test,cbe5cfdf7c2118a9c3d78ef1d684f3afa089201352886449a06a6511cfef74a7
C3-EN-GRA-0163,GRP-ACT-C3-EN-GRA-0163,adaptation_activity,,,,4,8,adaptation,activity,False,False,test,cbe5cfdf7c2118a9c3d78ef1d684f3afa089201352886449a06a6511cfef74a7
C3-EN-GRA-0164,GRP-ACT-C3-EN-GRA-0164,adaptation_activity,,,,4,8,adaptation,activity,False,False,test,cbe5cfdf7c2118a9c3d78ef1d684f3afa089201352886449a06a6511cfef74a7
C3-EN-GRA-0165,GRP-ACT-C3-EN-GRA-0165,adaptation_activity,,,,4,8,adaptation,activity,False,False,test,cbe5cfdf7c2118a9c3d78ef1d684f3afa089201352886449a06a6511cfef74a7
C3-EN-GRA-0166,GRP-ACT-C3-EN-GRA-0166,adaptation_activity,,,,4,8,adaptation,activity,False,False,test,cbe5cfdf7c2118a9c3d78ef1d684f3afa089201352886449a06a6511cfef74a7
C3-EN-GRA-0167,GRP-ACT-C3-EN-GRA-0167,adaptation_activity,,,,4,8,adaptation,activity,False,False,test,cbe5cfdf7c2118a9c3d78ef1d684f3afa089201352886449a06a6511cfef74a7
C3-EN-COM-0196,GRP-ACT-C3-EN-COM-0196,adaptation_activity,,,,4,8,adaptation,activity,False,False,test,cbe5cfdf7c2118a9c3d78ef1d684f3afa089201352886449a06a6511cfef74a7
C3-EN-COM-0197,GRP-ACT-C3-EN-COM-0197,adaptation_activity,,,,4,8,adaptation,activity,False,False,test,cbe5cfdf7c2118a9c3d78ef1d684f3afa089201352886449a06a6511cfef74a7
C3-EN-COM-0198,GRP-ACT-C3-EN-COM-0198,adaptation_activity,,,,4,8,adaptation,activity,False,False,test,cbe5cfdf7c2118a9c3d78ef1d684f3afa089201352886449a06a6511cfef74a7
C3-EN-COM-0199,GRP-ACT-C3-EN-COM-0199,adaptation_activity,,,,4,8,adaptation,activity,False,False,test,cbe5cfdf7c2118a9c3d78ef1d684f3afa089201352886449a06a6511cfef74a7
C3-EN-COM-0200,GRP-ACT-C3-EN-COM-0200,adaptation_activity,,,,4,8,adaptation,activity,False,False,test,cbe5cfdf7c2118a9c3d78ef1d684f3afa089201352886449a06a6511cfef74a7
C3-EN-COM-0201,GRP-ACT-C3-EN-COM-0201,adaptation_activity,,,,4,8,adaptation,activity,False,False,test,cbe5cfdf7c2118a9c3d78ef1d684f3afa089201352886449a06a6511cfef74a7
C3-EN-COM-0202,GRP-ACT-C3-EN-COM-0202,adaptation_activity,,,,4,8,adaptation,activity,False,False,test,cbe5cfdf7c2118a9c3d78ef1d684f3afa089201352886449a06a6511cfef74a7
C3-EN-COM-0203,GRP-ACT-C3-EN-COM-0203,adaptation_activity,,,,4,8,adaptation,activity,False,False,test,cbe5cfdf7c2118a9c3d78ef1d684f3afa089201352886449a06a6511cfef74a7
C3-EN-INS-0237,GRP-ACT-C3-EN-INS-0237,adaptation_activity,,,,4,8,adaptation,activity,False,False,test,cbe5cfdf7c2118a9c3d78ef1d684f3afa089201352886449a06a6511cfef74a7
C3-EN-INS-0238,GRP-ACT-C3-EN-INS-0238,adaptation_activity,,,,4,8,adaptation,activity,False,False,test,cbe5cfdf7c2118a9c3d78ef1d684f3afa089201352886449a06a6511cfef74a7
C3-EN-INS-0239,GRP-ACT-C3-EN-INS-0239,adaptation_activity,,,,4,8,adaptation,activity,False,False,test,cbe5cfdf7c2118a9c3d78ef1d684f3afa089201352886449a06a6511cfef74a7
C3-EN-INS-0240,GRP-ACT-C3-EN-INS-0240,adaptation_activity,,,,4,8,adaptation,activity,False,False,test,cbe5cfdf7c2118a9c3d78ef1d684f3afa089201352886449a06a6511cfef74a7
C3-EN-INS-0241,GRP-ACT-C3-EN-INS-0241,adaptation_activity,,,,4,8,adaptation,activity,False,False,test,cbe5cfdf7c2118a9c3d78ef1d684f3afa089201352886449a06a6511cfef74a7
C3-EN-INS-0242,GRP-ACT-C3-EN-INS-0242,adaptation_activity,,,,4,8,adaptation,activity,False,False,test,cbe5cfdf7c2118a9c3d78ef1d684f3afa089201352886449a06a6511cfef74a7
C3-EN-INS-0243,GRP-ACT-C3-EN-INS-0243,adaptation_activity,,,,4,8,adaptation,activity,False,False,test,cbe5cfdf7c2118a9c3d78ef1d684f3afa089201352886449a06a6511cfef74a7
C3-EN-VOC-0128,GRP-ACT-C3-EN-VOC-0128,adaptation_activity,,,,4,8,adaptation,activity,False,False,test,cbe5cfdf7c2118a9c3d78ef1d684f3afa089201352886449a06a6511cfef74a7
C3-EN-VOC-0129,GRP-ACT-C3-EN-VOC-0129,adaptation_activity,,,,4,8,adaptation,activity,False,False,test,cbe5cfdf7c2118a9c3d78ef1d684f3afa089201352886449a06a6511cfef74a7
C3-EN-VOC-0130,GRP-ACT-C3-EN-VOC-0130,adaptation_activity,,,,4,8,adaptation,activity,False,False,test,cbe5cfdf7c2118a9c3d78ef1d684f3afa089201352886449a06a6511cfef74a7
C3-EN-VOC-0131,GRP-ACT-C3-EN-VOC-0131,adaptation_activity,,,,4,8,adaptation,activity,False,False,test,cbe5cfdf7c2118a9c3d78ef1d684f3afa089201352886449a06a6511cfef74a7
C3-EN-VOC-0132,GRP-ACT-C3-EN-VOC-0132,adaptation_activity,,,,4,8,adaptation,activity,False,False,test,cbe5cfdf7c2118a9c3d78ef1d684f3afa089201352886449a06a6511cfef74a7
C3-EN-VOC-0133,GRP-ACT-C3-EN-VOC-0133,adaptation_activity,,,,4,8,adaptation,activity,False,False,test,cbe5cfdf7c2118a9c3d78ef1d684f3afa089201352886449a06a6511cfef74a7
C3-EN-VOC-0134,GRP-ACT-C3-EN-VOC-0134,adaptation_activity,,,,4,8,adaptation,activity,False,False,test,cbe5cfdf7c2118a9c3d78ef1d684f3afa089201352886449a06a6511cfef74a7
C3-EN-VOC-0135,GRP-ACT-C3-EN-VOC-0135,adaptation_activity,,,,4,8,adaptation,activity,False,False,test,cbe5cfdf7c2118a9c3d78ef1d684f3afa089201352886449a06a6511cfef74a7
C3-EN-VOC-0136,GRP-ACT-C3-EN-VOC-0136,adaptation_activity,,,,4,8,adaptation,activity,False,False,test,cbe5cfdf7c2118a9c3d78ef1d684f3afa089201352886449a06a6511cfef74a7
C3-EN-VOC-0137,GRP-ACT-C3-EN-VOC-0137,adaptation_activity,,,,4,8,adaptation,activity,False,False,test,cbe5cfdf7c2118a9c3d78ef1d684f3afa089201352886449a06a6511cfef74a7
C3-EN-GRA-0168,GRP-ACT-C3-EN-GRA-0168,adaptation_activity,,,,4,8,adaptation,activity,False,False,test,cbe5cfdf7c2118a9c3d78ef1d684f3afa089201352886449a06a6511cfef74a7
C3-EN-GRA-0169,GRP-ACT-C3-EN-GRA-0169,adaptation_activity,,,,4,8,adaptation,activity,False,False,test,cbe5cfdf7c2118a9c3d78ef1d684f3afa089201352886449a06a6511cfef74a7
C3-EN-GRA-0170,GRP-ACT-C3-EN-GRA-0170,adaptation_activity,,,,4,8,adaptation,activity,False,False,test,cbe5cfdf7c2118a9c3d78ef1d684f3afa089201352886449a06a6511cfef74a7
C3-EN-GRA-0171,GRP-ACT-C3-EN-GRA-0171,adaptation_activity,,,,4,8,adaptation,activity,False,False,test,cbe5cfdf7c2118a9c3d78ef1d684f3afa089201352886449a06a6511cfef74a7
C3-EN-GRA-0172,GRP-ACT-C3-EN-GRA-0172,adaptation_activity,,,,4,8,adaptation,activity,False,False,test,cbe5cfdf7c2118a9c3d78ef1d684f3afa089201352886449a06a6511cfef74a7
C3-EN-GRA-0173,GRP-ACT-C3-EN-GRA-0173,adaptation_activity,,,,4,8,adaptation,activity,False,False,test,cbe5cfdf7c2118a9c3d78ef1d684f3afa089201352886449a06a6511cfef74a7
C3-EN-GRA-0174,GRP-ACT-C3-EN-GRA-0174,adaptation_activity,,,,4,8,adaptation,activity,False,False,test,cbe5cfdf7c2118a9c3d78ef1d684f3afa089201352886449a06a6511cfef74a7
C3-EN-GRA-0175,GRP-ACT-C3-EN-GRA-0175,adaptation_activity,,,,4,8,adaptation,activity,False,False,test,cbe5cfdf7c2118a9c3d78ef1d684f3afa089201352886449a06a6511cfef74a7
C3-EN-COM-0204,GRP-ACT-C3-EN-COM-0204,adaptation_activity,,,,4,8,adaptation,activity,False,False,test,cbe5cfdf7c2118a9c3d78ef1d684f3afa089201352886449a06a6511cfef74a7
C3-EN-COM-0205,GRP-ACT-C3-EN-COM-0205,adaptation_activity,,,,4,8,adaptation,activity,False,False,test,cbe5cfdf7c2118a9c3d78ef1d684f3afa089201352886449a06a6511cfef74a7
C3-EN-COM-0206,GRP-ACT-C3-EN-COM-0206,adaptation_activity,,,,4,8,adaptation,activity,False,False,test,cbe5cfdf7c2118a9c3d78ef1d684f3afa089201352886449a06a6511cfef74a7
C3-EN-COM-0207,GRP-ACT-C3-EN-COM-0207,adaptation_activity,,,,4,8,adaptation,activity,False,False,test,cbe5cfdf7c2118a9c3d78ef1d684f3afa089201352886449a06a6511cfef74a7
C3-EN-COM-0208,GRP-ACT-C3-EN-COM-0208,adaptation_activity,,,,4,8,adaptation,activity,False,False,test,cbe5cfdf7c2118a9c3d78ef1d684f3afa089201352886449a06a6511cfef74a7
C3-EN-COM-0209,GRP-ACT-C3-EN-COM-0209,adaptation_activity,,,,4,8,adaptation,activity,False,False,test,cbe5cfdf7c2118a9c3d78ef1d684f3afa089201352886449a06a6511cfef74a7
C3-EN-COM-0210,GRP-ACT-C3-EN-COM-0210,adaptation_activity,,,,4,8,adaptation,activity,False,False,test,cbe5cfdf7c2118a9c3d78ef1d684f3afa089201352886449a06a6511cfef74a7
C3-EN-COM-0211,GRP-ACT-C3-EN-COM-0211,adaptation_activity,,,,4,8,adaptation,activity,False,False,test,cbe5cfdf7c2118a9c3d78ef1d684f3afa089201352886449a06a6511cfef74a7
C3-EN-COM-0212,GRP-ACT-C3-EN-COM-0212,adaptation_activity,,,,4,8,adaptation,activity,False,False,test,cbe5cfdf7c2118a9c3d78ef1d684f3afa089201352886449a06a6511cfef74a7
C3-EN-COM-0213,GRP-ACT-C3-EN-COM-0213,adaptation_activity,,,,4,8,adaptation,activity,False,False,test,cbe5cfdf7c2118a9c3d78ef1d684f3afa089201352886449a06a6511cfef74a7
C3-EN-INS-0244,GRP-ACT-C3-EN-INS-0244,adaptation_activity,,,,4,8,adaptation,activity,False,False,test,cbe5cfdf7c2118a9c3d78ef1d684f3afa089201352886449a06a6511cfef74a7
C3-EN-INS-0245,GRP-ACT-C3-EN-INS-0245,adaptation_activity,,,,4,8,adaptation,activity,False,False,test,cbe5cfdf7c2118a9c3d78ef1d684f3afa089201352886449a06a6511cfef74a7
C3-EN-INS-0246,GRP-ACT-C3-EN-INS-0246,adaptation_activity,,,,4,8,adaptation,activity,False,False,test,cbe5cfdf7c2118a9c3d78ef1d684f3afa089201352886449a06a6511cfef74a7
C3-EN-INS-0247,GRP-ACT-C3-EN-INS-0247,adaptation_activity,,,,4,8,adaptation,activity,False,False,test,cbe5cfdf7c2118a9c3d78ef1d684f3afa089201352886449a06a6511cfef74a7
C3-EN-INS-0248,GRP-ACT-C3-EN-INS-0248,adaptation_activity,,,,4,8,adaptation,activity,False,False,test,cbe5cfdf7c2118a9c3d78ef1d684f3afa089201352886449a06a6511cfef74a7
C3-EN-INS-0249,GRP-ACT-C3-EN-INS-0249,adaptation_activity,,,,4,8,adaptation,activity,False,False,test,cbe5cfdf7c2118a9c3d78ef1d684f3afa089201352886449a06a6511cfef74a7
C3-EN-INS-0250,GRP-ACT-C3-EN-INS-0250,adaptation_activity,,,,4,8,adaptation,activity,False,False,test,cbe5cfdf7c2118a9c3d78ef1d684f3afa089201352886449a06a6511cfef74a7
C3-EN-INS-0251,GRP-ACT-C3-EN-INS-0251,adaptation_activity,,,,4,8,adaptation,activity,False,False,test,cbe5cfdf7c2118a9c3d78ef1d684f3afa089201352886449a06a6511cfef74a7
