text_instance_id,parent_record_id,parent_record_type,text_role,source_group_id,dataset_split,preprocessing_status,label_status,primary_disposition,eligible_for_primary_training,eligible_for_secondary_experiment,exclusion_reasons
SRC-EN-VOC-0100__SRC,SRC-EN-VOC-0100,source_item,source_text,SRC-EN-VOC-0100,development_candidate_train,success,reviewer_consensus,primary_train_eligible,True,True,[]
SRC-EN-VOC-0101__SRC,SRC-EN-VOC-0101,source_item,source_text,SRC-EN-VOC-0101,development_candidate_train,success,reviewer_consensus,primary_train_eligible,True,True,[]
SRC-EN-VOC-0102__SRC,SRC-EN-VOC-0102,source_item,source_text,SRC-EN-VOC-0102,development_candidate_train,success,reviewer_consensus,primary_train_eligible,True,True,[]
SRC-EN-VOC-0103__SRC,SRC-EN-VOC-0103,source_item,source_text,SRC-EN-VOC-0103,development_candidate_test,skipped_locked_test,reviewer_consensus,locked_test,False,False,['Locked candidate test split quarantined']
SRC-EN-VOC-0104__SRC,SRC-EN-VOC-0104,source_item,source_text,SRC-EN-VOC-0104,development_candidate_train,success,reviewer_consensus,primary_train_eligible,True,True,[]
SRC-EN-VOC-0105__SRC,SRC-EN-VOC-0105,source_item,source_text,SRC-EN-VOC-0105,development_candidate_train,success,reviewer_consensus,primary_train_eligible,True,True,[]
SRC-EN-VOC-0106__SRC,SRC-EN-VOC-0106,source_item,source_text,SRC-EN-VOC-0106,development_candidate_train,success,reviewer_consensus,primary_train_eligible,True,True,[]
SRC-EN-VOC-0107__SRC,SRC-EN-VOC-0107,source_item,source_text,SRC-EN-VOC-0107,development_candidate_train,success,reviewer_consensus,primary_train_eligible,True,True,[]
SRC-EN-VOC-0108__SRC,SRC-EN-VOC-0108,source_item,source_text,SRC-EN-VOC-0108,development_candidate_train,success,reviewer_consensus,primary_train_eligible,True,True,[]
SRC-EN-VOC-0109__SRC,SRC-EN-VOC-0109,source_item,source_text,SRC-EN-VOC-0109,development_candidate_train,success,reviewer_consensus,primary_train_eligible,True,True,[]
SRC-EN-VOC-0110__SRC,SRC-EN-VOC-0110,source_item,source_text,SRC-EN-VOC-0110,development_candidate_train,success,reviewer_consensus,primary_train_eligible,True,True,[]
SRC-EN-VOC-0111__SRC,SRC-EN-VOC-0111,source_item,source_text,SRC-EN-VOC-0111,development_candidate_train,success,reviewer_consensus,primary_train_eligible,True,True,[]
SRC-EN-VOC-0112__SRC,SRC-EN-VOC-0112,source_item,source_text,SRC-EN-VOC-0112,development_candidate_test,skipped_locked_test,reviewer_consensus,locked_test,False,False,['Locked candidate test split quarantined']
SRC-EN-VOC-0113__SRC,SRC-EN-VOC-0113,source_item,source_text,SRC-EN-VOC-0113,development_candidate_test,skipped_locked_test,reviewer_consensus,locked_test,False,False,['Locked candidate test split quarantined']
SRC-EN-VOC-0114__SRC,SRC-EN-VOC-0114,source_item,source_text,SRC-EN-VOC-0114,development_candidate_train,success,reviewer_consensus,primary_train_eligible,True,True,[]
SRC-EN-VOC-0115__SRC,SRC-EN-VOC-0115,source_item,source_text,SRC-EN-VOC-0115,development_candidate_test,skipped_locked_test,reviewer_consensus,locked_test,False,False,['Locked candidate test split quarantined']
SRC-EN-VOC-0116__SRC,SRC-EN-VOC-0116,source_item,source_text,SRC-EN-VOC-0116,development_candidate_test,skipped_locked_test,reviewer_consensus,locked_test,False,False,['Locked candidate test split quarantined']
SRC-EN-VOC-0117__SRC,SRC-EN-VOC-0117,source_item,source_text,SRC-EN-VOC-0117,development_candidate_train,success,reviewer_consensus,primary_train_eligible,True,True,[]
SRC-EN-VOC-0118__SRC,SRC-EN-VOC-0118,source_item,source_text,SRC-EN-VOC-0118,development_candidate_train,success,reviewer_consensus,primary_train_eligible,True,True,[]
SRC-EN-VOC-0119__SRC,SRC-EN-VOC-0119,source_item,source_text,SRC-EN-VOC-0119,development_candidate_train,success,reviewer_consensus,primary_train_eligible,True,True,[]
SRC-EN-GRA-0175__SRC,SRC-EN-GRA-0175,source_item,source_text,SRC-EN-GRA-0175,development_candidate_train,success,reviewer_consensus,primary_train_eligible,True,True,[]
SRC-EN-GRA-0176__SRC,SRC-EN-GRA-0176,source_item,source_text,SRC-EN-GRA-0176,development_candidate_train,success,reviewer_consensus,primary_train_eligible,True,True,[]
SRC-EN-GRA-0177__SRC,SRC-EN-GRA-0177,source_item,source_text,SRC-EN-GRA-0177,development_candidate_test,skipped_locked_test,reviewer_consensus,locked_test,False,False,['Locked candidate test split quarantined']
SRC-EN-GRA-0178__SRC,SRC-EN-GRA-0178,source_item,source_text,SRC-EN-GRA-0178,development_candidate_train,success,reviewer_consensus,primary_train_eligible,True,True,[]
SRC-EN-GRA-0179__SRC,SRC-EN-GRA-0179,source_item,source_text,SRC-EN-GRA-0179,development_candidate_train,success,reviewer_consensus,primary_train_eligible,True,True,[]
SRC-EN-GRA-0180__SRC,SRC-EN-GRA-0180,source_item,source_text,SRC-EN-GRA-0180,development_candidate_train,success,reviewer_consensus,primary_train_eligible,True,True,[]
SRC-EN-GRA-0181__SRC,SRC-EN-GRA-0181,source_item,source_text,SRC-EN-GRA-0181,development_candidate_train,success,reviewer_consensus,primary_train_eligible,True,True,[]
SRC-EN-GRA-0182__SRC,SRC-EN-GRA-0182,source_item,source_text,SRC-EN-GRA-0182,development_candidate_train,success,reviewer_consensus,primary_train_eligible,True,True,[]
SRC-EN-GRA-0183__SRC,SRC-EN-GRA-0183,source_item,source_text,SRC-EN-GRA-0183,development_candidate_train,success,reviewer_consensus,primary_train_eligible,True,True,[]
SRC-EN-GRA-0184__SRC,SRC-EN-GRA-0184,source_item,source_text,SRC-EN-GRA-0184,development_candidate_train,success,reviewer_consensus,primary_train_eligible,True,True,[]
SRC-EN-GRA-0185__SRC,SRC-EN-GRA-0185,source_item,source_text,SRC-EN-GRA-0185,development_candidate_train,success,reviewer_consensus,primary_train_eligible,True,True,[]
SRC-EN-GRA-0186__SRC,SRC-EN-GRA-0186,source_item,source_text,SRC-EN-GRA-0186,development_candidate_train,success,reviewer_consensus,primary_train_eligible,True,True,[]
SRC-EN-GRA-0187__SRC,SRC-EN-GRA-0187,source_item,source_text,SRC-EN-GRA-0187,development_candidate_train,success,reviewer_consensus,primary_train_eligible,True,True,[]
SRC-EN-GRA-0188__SRC,SRC-EN-GRA-0188,source_item,source_text,SRC-EN-GRA-0188,development_candidate_train,success,reviewer_consensus,primary_train_eligible,True,True,[]
SRC-EN-GRA-0189__SRC,SRC-EN-GRA-0189,source_item,source_text,SRC-EN-GRA-0189,development_candidate_train,success,reviewer_consensus,primary_train_eligible,True,True,[]
SRC-EN-GRA-0190__SRC,SRC-EN-GRA-0190,source_item,source_text,SRC-EN-GRA-0190,development_candidate_train,success,reviewer_consensus,primary_train_eligible,True,True,[]
SRC-EN-GRA-0191__SRC,SRC-EN-GRA-0191,source_item,source_text,SRC-EN-GRA-0191,development_candidate_train,success,reviewer_consensus,primary_train_eligible,True,True,[]
SRC-EN-GRA-0192__SRC,SRC-EN-GRA-0192,source_item,source_text,SRC-EN-GRA-0192,development_candidate_train,success,reviewer_consensus,primary_train_eligible,True,True,[]
SRC-EN-GRA-0193__SRC,SRC-EN-GRA-0193,source_item,source_text,SRC-EN-GRA-0193,development_candidate_train,success,reviewer_consensus,primary_train_eligible,True,True,[]
SRC-EN-GRA-0194__SRC,SRC-EN-GRA-0194,source_item,source_text,SRC-EN-GRA-0194,development_candidate_train,success,reviewer_consensus,primary_train_eligible,True,True,[]
SRC-EN-COM-0250__SRC,SRC-EN-COM-0250,source_item,source_text,SRC-EN-COM-0250,development_candidate_test,skipped_locked_test,reviewer_consensus,locked_test,False,False,['Locked candidate test split quarantined']
SRC-EN-COM-0251__SRC,SRC-EN-COM-0251,source_item,source_text,SRC-EN-COM-0251,development_candidate_train,success,reviewer_consensus,primary_train_eligible,True,True,[]
SRC-EN-COM-0252__SRC,SRC-EN-COM-0252,source_item,source_text,SRC-EN-COM-0252,development_candidate_train,success,reviewer_consensus,primary_train_eligible,True,True,[]
SRC-EN-COM-0253__SRC,SRC-EN-COM-0253,source_item,source_text,SRC-EN-COM-0253,development_candidate_train,success,reviewer_consensus,primary_train_eligible,True,True,[]
SRC-EN-COM-0254__SRC,SRC-EN-COM-0254,source_item,source_text,SRC-EN-COM-0254,development_candidate_test,skipped_locked_test,reviewer_consensus,locked_test,False,False,['Locked candidate test split quarantined']
SRC-EN-COM-0255__SRC,SRC-EN-COM-0255,source_item,source_text,SRC-EN-COM-0255,development_candidate_train,success,reviewer_consensus,primary_train_eligible,True,True,[]
SRC-EN-COM-0256__SRC,SRC-EN-COM-0256,source_item,source_text,SRC-EN-COM-0256,development_candidate_train,success,reviewer_consensus,primary_train_eligible,True,True,[]
SRC-EN-COM-0257__SRC,SRC-EN-COM-0257,source_item,source_text,SRC-EN-COM-0257,development_candidate_test,skipped_locked_test,reviewer_consensus,locked_test,False,False,['Locked candidate test split quarantined']
SRC-EN-COM-0258__SRC,SRC-EN-COM-0258,source_item,source_text,SRC-EN-COM-0258,development_candidate_train,success,reviewer_consensus,primary_train_eligible,True,True,[]
SRC-EN-COM-0259__SRC,SRC-EN-COM-0259,source_item,source_text,SRC-EN-COM-0259,development_candidate_test,skipped_locked_test,reviewer_consensus,locked_test,False,False,['Locked candidate test split quarantined']
SRC-EN-COM-0260__SRC,SRC-EN-COM-0260,source_item,source_text,SRC-EN-COM-0260,development_candidate_train,success,reviewer_consensus,primary_train_eligible,True,True,[]
SRC-EN-COM-0261__SRC,SRC-EN-COM-0261,source_item,source_text,SRC-EN-COM-0261,development_candidate_train,success,reviewer_consensus,primary_train_eligible,True,True,[]
SRC-EN-COM-0262__SRC,SRC-EN-COM-0262,source_item,source_text,SRC-EN-COM-0262,development_candidate_test,skipped_locked_test,reviewer_consensus,locked_test,False,False,['Locked candidate test split quarantined']
SRC-EN-COM-0263__SRC,SRC-EN-COM-0263,source_item,source_text,SRC-EN-COM-0263,development_candidate_train,success,reviewer_consensus,primary_train_eligible,True,True,[]
SRC-EN-COM-0264__SRC,SRC-EN-COM-0264,source_item,source_text,SRC-EN-COM-0264,development_candidate_train,success,reviewer_consensus,primary_train_eligible,True,True,[]
SRC-EN-COM-0265__SRC,SRC-EN-COM-0265,source_item,source_text,SRC-EN-COM-0265,development_candidate_train,success,reviewer_consensus,primary_train_eligible,True,True,[]
SRC-EN-COM-0266__SRC,SRC-EN-COM-0266,source_item,source_text,SRC-EN-COM-0266,development_candidate_train,success,reviewer_consensus,primary_train_eligible,True,True,[]
SRC-EN-COM-0267__SRC,SRC-EN-COM-0267,source_item,source_text,SRC-EN-COM-0267,development_candidate_test,skipped_locked_test,reviewer_consensus,locked_test,False,False,['Locked candidate test split quarantined']
SRC-EN-COM-0268__SRC,SRC-EN-COM-0268,source_item,source_text,SRC-EN-COM-0268,development_candidate_train,success,reviewer_consensus,primary_train_eligible,True,True,[]
SRC-EN-COM-0269__SRC,SRC-EN-COM-0269,source_item,source_text,SRC-EN-COM-0269,development_candidate_train,success,reviewer_consensus,primary_train_eligible,True,True,[]
SRC-EN-INS-0325__SRC,SRC-EN-INS-0325,source_item,source_text,SRC-EN-INS-0325,development_candidate_train,success,reviewer_consensus,primary_train_eligible,True,True,[]
SRC-EN-INS-0326__SRC,SRC-EN-INS-0326,source_item,source_text,SRC-EN-INS-0326,development_candidate_train,success,reviewer_consensus,primary_train_eligible,True,True,[]
SRC-EN-INS-0327__SRC,SRC-EN-INS-0327,source_item,source_text,SRC-EN-INS-0327,development_candidate_train,success,reviewer_consensus,primary_train_eligible,True,True,[]
SRC-EN-INS-0328__SRC,SRC-EN-INS-0328,source_item,source_text,SRC-EN-INS-0328,development_candidate_test,skipped_locked_test,reviewer_consensus,locked_test,False,False,['Locked candidate test split quarantined']
SRC-EN-INS-0329__SRC,SRC-EN-INS-0329,source_item,source_text,SRC-EN-INS-0329,development_candidate_train,success,reviewer_consensus,primary_train_eligible,True,True,[]
SRC-EN-INS-0330__SRC,SRC-EN-INS-0330,source_item,source_text,SRC-EN-INS-0330,development_candidate_train,success,reviewer_consensus,primary_train_eligible,True,True,[]
SRC-EN-INS-0331__SRC,SRC-EN-INS-0331,source_item,source_text,SRC-EN-INS-0331,development_candidate_train,success,reviewer_consensus,primary_train_eligible,True,True,[]
SRC-EN-INS-0332__SRC,SRC-EN-INS-0332,source_item,source_text,SRC-EN-INS-0332,development_candidate_train,success,reviewer_consensus,primary_train_eligible,True,True,[]
SRC-EN-INS-0333__SRC,SRC-EN-INS-0333,source_item,source_text,SRC-EN-INS-0333,development_candidate_train,success,reviewer_consensus,primary_train_eligible,True,True,[]
SRC-EN-INS-0334__SRC,SRC-EN-INS-0334,source_item,source_text,SRC-EN-INS-0334,development_candidate_train,success,reviewer_consensus,primary_train_eligible,True,True,[]
SRC-EN-INS-0335__SRC,SRC-EN-INS-0335,source_item,source_text,SRC-EN-INS-0335,development_candidate_train,success,reviewer_consensus,primary_train_eligible,True,True,[]
SRC-EN-INS-0336__SRC,SRC-EN-INS-0336,source_item,source_text,SRC-EN-INS-0336,development_candidate_test,skipped_locked_test,reviewer_consensus,locked_test,False,False,['Locked candidate test split quarantined']
SRC-EN-INS-0337__SRC,SRC-EN-INS-0337,source_item,source_text,SRC-EN-INS-0337,development_candidate_train,success,reviewer_consensus,primary_train_eligible,True,True,[]
SRC-EN-INS-0338__SRC,SRC-EN-INS-0338,source_item,source_text,SRC-EN-INS-0338,development_candidate_train,success,reviewer_consensus,primary_train_eligible,True,True,[]
SRC-EN-INS-0339__SRC,SRC-EN-INS-0339,source_item,source_text,SRC-EN-INS-0339,development_candidate_train,success,reviewer_consensus,primary_train_eligible,True,True,[]
SRC-EN-INS-0340__SRC,SRC-EN-INS-0340,source_item,source_text,SRC-EN-INS-0340,development_candidate_train,success,reviewer_consensus,primary_train_eligible,True,True,[]
SRC-EN-INS-0341__SRC,SRC-EN-INS-0341,source_item,source_text,SRC-EN-INS-0341,development_candidate_train,success,reviewer_consensus,primary_train_eligible,True,True,[]
SRC-EN-INS-0342__SRC,SRC-EN-INS-0342,source_item,source_text,SRC-EN-INS-0342,development_candidate_train,success,reviewer_consensus,primary_train_eligible,True,True,[]
SRC-EN-INS-0343__SRC,SRC-EN-INS-0343,source_item,source_text,SRC-EN-INS-0343,development_candidate_train,success,reviewer_consensus,primary_train_eligible,True,True,[]
SRC-EN-INS-0344__SRC,SRC-EN-INS-0344,source_item,source_text,SRC-EN-INS-0344,development_candidate_test,skipped_locked_test,reviewer_consensus,locked_test,False,False,['Locked candidate test split quarantined']
SRC-EN-VOC-0120__SRC,SRC-EN-VOC-0120,source_item,source_text,SRC-EN-VOC-0120,development_candidate_train,success,reviewer_consensus,primary_train_eligible,True,True,[]
SRC-EN-VOC-0121__SRC,SRC-EN-VOC-0121,source_item,source_text,SRC-EN-VOC-0121,development_candidate_test,skipped_locked_test,reviewer_consensus,locked_test,False,False,['Locked candidate test split quarantined']
SRC-EN-VOC-0122__SRC,SRC-EN-VOC-0122,source_item,source_text,SRC-EN-VOC-0122,development_candidate_train,success,reviewer_consensus,primary_train_eligible,True,True,[]
SRC-EN-VOC-0123__SRC,SRC-EN-VOC-0123,source_item,source_text,SRC-EN-VOC-0123,development_candidate_train,success,reviewer_consensus,primary_train_eligible,True,True,[]
SRC-EN-VOC-0124__SRC,SRC-EN-VOC-0124,source_item,source_text,SRC-EN-VOC-0124,development_candidate_train,success,reviewer_consensus,primary_train_eligible,True,True,[]
SRC-EN-VOC-0125__SRC,SRC-EN-VOC-0125,source_item,source_text,SRC-EN-VOC-0125,development_candidate_train,success,reviewer_consensus,primary_train_eligible,True,True,[]
SRC-EN-VOC-0126__SRC,SRC-EN-VOC-0126,source_item,source_text,SRC-EN-VOC-0126,development_candidate_train,success,reviewer_consensus,primary_train_eligible,True,True,[]
SRC-EN-VOC-0127__SRC,SRC-EN-VOC-0127,source_item,source_text,SRC-EN-VOC-0127,development_candidate_train,success,reviewer_consensus,primary_train_eligible,True,True,[]
SRC-EN-VOC-0128__SRC,SRC-EN-VOC-0128,source_item,source_text,SRC-EN-VOC-0128,development_candidate_train,success,reviewer_consensus,primary_train_eligible,True,True,[]
SRC-EN-VOC-0129__SRC,SRC-EN-VOC-0129,source_item,source_text,SRC-EN-VOC-0129,development_candidate_train,success,reviewer_consensus,primary_train_eligible,True,True,[]
SRC-EN-VOC-0130__SRC,SRC-EN-VOC-0130,source_item,source_text,SRC-EN-VOC-0130,development_candidate_train,success,reviewer_consensus,primary_train_eligible,True,True,[]
SRC-EN-VOC-0131__SRC,SRC-EN-VOC-0131,source_item,source_text,SRC-EN-VOC-0131,development_candidate_train,success,reviewer_consensus,primary_train_eligible,True,True,[]
SRC-EN-VOC-0132__SRC,SRC-EN-VOC-0132,source_item,source_text,SRC-EN-VOC-0132,development_candidate_train,success,reviewer_consensus,primary_train_eligible,True,True,[]
SRC-EN-VOC-0133__SRC,SRC-EN-VOC-0133,source_item,source_text,SRC-EN-VOC-0133,development_candidate_train,success,reviewer_consensus,primary_train_eligible,True,True,[]
SRC-EN-VOC-0134__SRC,SRC-EN-VOC-0134,source_item,source_text,SRC-EN-VOC-0134,development_candidate_train,success,reviewer_consensus,primary_train_eligible,True,True,[]
SRC-EN-GRA-0195__SRC,SRC-EN-GRA-0195,source_item,source_text,SRC-EN-GRA-0195,development_candidate_train,success,reviewer_consensus,primary_train_eligible,True,True,[]
SRC-EN-GRA-0196__SRC,SRC-EN-GRA-0196,source_item,source_text,SRC-EN-GRA-0196,development_candidate_train,success,reviewer_consensus,primary_train_eligible,True,True,[]
SRC-EN-GRA-0197__SRC,SRC-EN-GRA-0197,source_item,source_text,SRC-EN-GRA-0197,development_candidate_train,success,reviewer_consensus,primary_train_eligible,True,True,[]
SRC-EN-GRA-0198__SRC,SRC-EN-GRA-0198,source_item,source_text,SRC-EN-GRA-0198,development_candidate_train,success,reviewer_consensus,primary_train_eligible,True,True,[]
SRC-EN-GRA-0199__SRC,SRC-EN-GRA-0199,source_item,source_text,SRC-EN-GRA-0199,development_candidate_train,success,reviewer_consensus,primary_train_eligible,True,True,[]
SRC-EN-GRA-0200__SRC,SRC-EN-GRA-0200,source_item,source_text,SRC-EN-GRA-0200,development_candidate_train,success,reviewer_consensus,primary_train_eligible,True,True,[]
SRC-EN-GRA-0201__SRC,SRC-EN-GRA-0201,source_item,source_text,SRC-EN-GRA-0201,development_candidate_test,skipped_locked_test,reviewer_consensus,locked_test,False,False,['Locked candidate test split quarantined']
SRC-EN-GRA-0202__SRC,SRC-EN-GRA-0202,source_item,source_text,SRC-EN-GRA-0202,development_candidate_train,success,reviewer_consensus,primary_train_eligible,True,True,[]
SRC-EN-GRA-0203__SRC,SRC-EN-GRA-0203,source_item,source_text,SRC-EN-GRA-0203,development_candidate_train,success,reviewer_consensus,primary_train_eligible,True,True,[]
SRC-EN-GRA-0204__SRC,SRC-EN-GRA-0204,source_item,source_text,SRC-EN-GRA-0204,development_candidate_train,success,reviewer_consensus,primary_train_eligible,True,True,[]
SRC-EN-GRA-0205__SRC,SRC-EN-GRA-0205,source_item,source_text,SRC-EN-GRA-0205,development_candidate_train,success,reviewer_consensus,primary_train_eligible,True,True,[]
SRC-EN-GRA-0206__SRC,SRC-EN-GRA-0206,source_item,source_text,SRC-EN-GRA-0206,development_candidate_train,success,reviewer_consensus,primary_train_eligible,True,True,[]
SRC-EN-GRA-0207__SRC,SRC-EN-GRA-0207,source_item,source_text,SRC-EN-GRA-0207,development_candidate_train,success,reviewer_consensus,primary_train_eligible,True,True,[]
SRC-EN-GRA-0208__SRC,SRC-EN-GRA-0208,source_item,source_text,SRC-EN-GRA-0208,development_candidate_train,success,reviewer_consensus,primary_train_eligible,True,True,[]
SRC-EN-GRA-0209__SRC,SRC-EN-GRA-0209,source_item,source_text,SRC-EN-GRA-0209,development_candidate_train,success,reviewer_consensus,primary_train_eligible,True,True,[]
SRC-EN-COM-0270__SRC,SRC-EN-COM-0270,source_item,source_text,SRC-EN-COM-0270,development_candidate_test,skipped_locked_test,reviewer_consensus,locked_test,False,False,['Locked candidate test split quarantined']
SRC-EN-COM-0271__SRC,SRC-EN-COM-0271,source_item,source_text,SRC-EN-COM-0271,development_candidate_test,skipped_locked_test,reviewer_consensus,locked_test,False,False,['Locked candidate test split quarantined']
SRC-EN-COM-0272__SRC,SRC-EN-COM-0272,source_item,source_text,SRC-EN-COM-0272,development_candidate_test,skipped_locked_test,reviewer_consensus,locked_test,False,False,['Locked candidate test split quarantined']
SRC-EN-COM-0273__SRC,SRC-EN-COM-0273,source_item,source_text,SRC-EN-COM-0273,development_candidate_train,success,reviewer_consensus,primary_train_eligible,True,True,[]
SRC-EN-COM-0274__SRC,SRC-EN-COM-0274,source_item,source_text,SRC-EN-COM-0274,development_candidate_test,skipped_locked_test,reviewer_consensus,locked_test,False,False,['Locked candidate test split quarantined']
SRC-EN-COM-0275__SRC,SRC-EN-COM-0275,source_item,source_text,SRC-EN-COM-0275,development_candidate_train,success,reviewer_consensus,primary_train_eligible,True,True,[]
SRC-EN-COM-0276__SRC,SRC-EN-COM-0276,source_item,source_text,SRC-EN-COM-0276,development_candidate_train,success,reviewer_consensus,primary_train_eligible,True,True,[]
SRC-EN-COM-0277__SRC,SRC-EN-COM-0277,source_item,source_text,SRC-EN-COM-0277,development_candidate_train,success,reviewer_consensus,primary_train_eligible,True,True,[]
SRC-EN-COM-0278__SRC,SRC-EN-COM-0278,source_item,source_text,SRC-EN-COM-0278,development_candidate_train,success,reviewer_consensus,primary_train_eligible,True,True,[]
SRC-EN-COM-0279__SRC,SRC-EN-COM-0279,source_item,source_text,SRC-EN-COM-0279,development_candidate_test,skipped_locked_test,reviewer_consensus,locked_test,False,False,['Locked candidate test split quarantined']
SRC-EN-INS-0345__SRC,SRC-EN-INS-0345,source_item,source_text,SRC-EN-INS-0345,development_candidate_train,success,reviewer_consensus,primary_train_eligible,True,True,[]
SRC-EN-INS-0346__SRC,SRC-EN-INS-0346,source_item,source_text,SRC-EN-INS-0346,development_candidate_train,success,reviewer_consensus,primary_train_eligible,True,True,[]
SRC-EN-INS-0347__SRC,SRC-EN-INS-0347,source_item,source_text,SRC-EN-INS-0347,development_candidate_train,success,reviewer_consensus,primary_train_eligible,True,True,[]
SRC-EN-INS-0348__SRC,SRC-EN-INS-0348,source_item,source_text,SRC-EN-INS-0348,development_candidate_train,success,reviewer_consensus,primary_train_eligible,True,True,[]
SRC-EN-INS-0349__SRC,SRC-EN-INS-0349,source_item,source_text,SRC-EN-INS-0349,development_candidate_train,success,reviewer_consensus,primary_train_eligible,True,True,[]
SRC-EN-INS-0350__SRC,SRC-EN-INS-0350,source_item,source_text,SRC-EN-INS-0350,development_candidate_test,skipped_locked_test,reviewer_consensus,locked_test,False,False,['Locked candidate test split quarantined']
SRC-EN-INS-0351__SRC,SRC-EN-INS-0351,source_item,source_text,SRC-EN-INS-0351,development_candidate_train,success,reviewer_consensus,primary_train_eligible,True,True,[]
SRC-EN-INS-0352__SRC,SRC-EN-INS-0352,source_item,source_text,SRC-EN-INS-0352,development_candidate_train,success,reviewer_consensus,primary_train_eligible,True,True,[]
SRC-EN-INS-0353__SRC,SRC-EN-INS-0353,source_item,source_text,SRC-EN-INS-0353,development_candidate_train,success,reviewer_consensus,primary_train_eligible,True,True,[]
SRC-EN-INS-0354__SRC,SRC-EN-INS-0354,source_item,source_text,SRC-EN-INS-0354,development_candidate_train,success,reviewer_consensus,primary_train_eligible,True,True,[]
SRC-EN-VOC-0135__SRC,SRC-EN-VOC-0135,source_item,source_text,SRC-EN-VOC-0135,development_candidate_train,success,reviewer_consensus,primary_train_eligible,True,True,[]
SRC-EN-VOC-0136__SRC,SRC-EN-VOC-0136,source_item,source_text,SRC-EN-VOC-0136,development_candidate_train,success,reviewer_consensus,primary_train_eligible,True,True,[]
SRC-EN-VOC-0137__SRC,SRC-EN-VOC-0137,source_item,source_text,SRC-EN-VOC-0137,development_candidate_train,success,reviewer_consensus,primary_train_eligible,True,True,[]
SRC-EN-VOC-0138__SRC,SRC-EN-VOC-0138,source_item,source_text,SRC-EN-VOC-0138,development_candidate_train,success,reviewer_consensus,primary_train_eligible,True,True,[]
SRC-EN-VOC-0139__SRC,SRC-EN-VOC-0139,source_item,source_text,SRC-EN-VOC-0139,development_candidate_train,success,reviewer_consensus,primary_train_eligible,True,True,[]
SRC-EN-VOC-0140__SRC,SRC-EN-VOC-0140,source_item,source_text,SRC-EN-VOC-0140,development_candidate_test,skipped_locked_test,reviewer_consensus,locked_test,False,False,['Locked candidate test split quarantined']
SRC-EN-VOC-0141__SRC,SRC-EN-VOC-0141,source_item,source_text,SRC-EN-VOC-0141,development_candidate_train,success,reviewer_consensus,primary_train_eligible,True,True,[]
SRC-EN-VOC-0142__SRC,SRC-EN-VOC-0142,source_item,source_text,SRC-EN-VOC-0142,development_candidate_train,success,reviewer_consensus,primary_train_eligible,True,True,[]
SRC-EN-VOC-0143__SRC,SRC-EN-VOC-0143,source_item,source_text,SRC-EN-VOC-0143,development_candidate_train,success,reviewer_consensus,primary_train_eligible,True,True,[]
SRC-EN-VOC-0144__SRC,SRC-EN-VOC-0144,source_item,source_text,SRC-EN-VOC-0144,development_candidate_train,success,reviewer_consensus,primary_train_eligible,True,True,[]
SRC-EN-GRA-0210__SRC,SRC-EN-GRA-0210,source_item,source_text,SRC-EN-GRA-0210,development_candidate_test,skipped_locked_test,reviewer_consensus,locked_test,False,False,['Locked candidate test split quarantined']
SRC-EN-GRA-0211__SRC,SRC-EN-GRA-0211,source_item,source_text,SRC-EN-GRA-0211,development_candidate_train,success,reviewer_consensus,primary_train_eligible,True,True,[]
SRC-EN-GRA-0212__SRC,SRC-EN-GRA-0212,source_item,source_text,SRC-EN-GRA-0212,development_candidate_test,skipped_locked_test,reviewer_consensus,locked_test,False,False,['Locked candidate test split quarantined']
SRC-EN-GRA-0213__SRC,SRC-EN-GRA-0213,source_item,source_text,SRC-EN-GRA-0213,development_candidate_train,success,reviewer_consensus,primary_train_eligible,True,True,[]
SRC-EN-GRA-0214__SRC,SRC-EN-GRA-0214,source_item,source_text,SRC-EN-GRA-0214,development_candidate_train,success,reviewer_consensus,primary_train_eligible,True,True,[]
SRC-EN-GRA-0215__SRC,SRC-EN-GRA-0215,source_item,source_text,SRC-EN-GRA-0215,development_candidate_train,success,reviewer_consensus,primary_train_eligible,True,True,[]
SRC-EN-GRA-0216__SRC,SRC-EN-GRA-0216,source_item,source_text,SRC-EN-GRA-0216,development_candidate_train,success,reviewer_consensus,primary_train_eligible,True,True,[]
SRC-EN-GRA-0217__SRC,SRC-EN-GRA-0217,source_item,source_text,SRC-EN-GRA-0217,development_candidate_train,success,reviewer_consensus,primary_train_eligible,True,True,[]
SRC-EN-GRA-0218__SRC,SRC-EN-GRA-0218,source_item,source_text,SRC-EN-GRA-0218,development_candidate_train,success,reviewer_consensus,primary_train_eligible,True,True,[]
SRC-EN-GRA-0219__SRC,SRC-EN-GRA-0219,source_item,source_text,SRC-EN-GRA-0219,development_candidate_train,success,reviewer_consensus,primary_train_eligible,True,True,[]
SRC-EN-GRA-0220__SRC,SRC-EN-GRA-0220,source_item,source_text,SRC-EN-GRA-0220,development_candidate_test,skipped_locked_test,reviewer_consensus,locked_test,False,False,['Locked candidate test split quarantined']
SRC-EN-GRA-0221__SRC,SRC-EN-GRA-0221,source_item,source_text,SRC-EN-GRA-0221,development_candidate_train,success,reviewer_consensus,primary_train_eligible,True,True,[]
SRC-EN-GRA-0222__SRC,SRC-EN-GRA-0222,source_item,source_text,SRC-EN-GRA-0222,development_candidate_train,success,reviewer_consensus,primary_train_eligible,True,True,[]
SRC-EN-GRA-0223__SRC,SRC-EN-GRA-0223,source_item,source_text,SRC-EN-GRA-0223,development_candidate_train,success,reviewer_consensus,primary_train_eligible,True,True,[]
SRC-EN-GRA-0224__SRC,SRC-EN-GRA-0224,source_item,source_text,SRC-EN-GRA-0224,development_candidate_train,success,reviewer_consensus,primary_train_eligible,True,True,[]
SRC-EN-COM-0280__SRC,SRC-EN-COM-0280,source_item,source_text,SRC-EN-COM-0280,development_candidate_train,success,reviewer_consensus,primary_train_eligible,True,True,[]
SRC-EN-COM-0281__SRC,SRC-EN-COM-0281,source_item,source_text,SRC-EN-COM-0281,development_candidate_train,success,reviewer_consensus,primary_train_eligible,True,True,[]
SRC-EN-COM-0282__SRC,SRC-EN-COM-0282,source_item,source_text,SRC-EN-COM-0282,development_candidate_train,success,reviewer_consensus,primary_train_eligible,True,True,[]
SRC-EN-COM-0283__SRC,SRC-EN-COM-0283,source_item,source_text,SRC-EN-COM-0283,development_candidate_train,success,reviewer_consensus,primary_train_eligible,True,True,[]
SRC-EN-COM-0284__SRC,SRC-EN-COM-0284,source_item,source_text,SRC-EN-COM-0284,development_candidate_train,success,reviewer_consensus,primary_train_eligible,True,True,[]
SRC-EN-COM-0285__SRC,SRC-EN-COM-0285,source_item,source_text,SRC-EN-COM-0285,development_candidate_train,success,reviewer_consensus,primary_train_eligible,True,True,[]
SRC-EN-COM-0286__SRC,SRC-EN-COM-0286,source_item,source_text,SRC-EN-COM-0286,development_candidate_train,success,reviewer_consensus,primary_train_eligible,True,True,[]
SRC-EN-COM-0287__SRC,SRC-EN-COM-0287,source_item,source_text,SRC-EN-COM-0287,development_candidate_train,success,reviewer_consensus,primary_train_eligible,True,True,[]
SRC-EN-COM-0288__SRC,SRC-EN-COM-0288,source_item,source_text,SRC-EN-COM-0288,development_candidate_train,success,reviewer_consensus,primary_train_eligible,True,True,[]
SRC-EN-COM-0289__SRC,SRC-EN-COM-0289,source_item,source_text,SRC-EN-COM-0289,development_candidate_train,success,reviewer_consensus,primary_train_eligible,True,True,[]
SRC-EN-INS-0355__SRC,SRC-EN-INS-0355,source_item,source_text,SRC-EN-INS-0355,development_candidate_train,success,reviewer_consensus,primary_train_eligible,True,True,[]
SRC-EN-INS-0356__SRC,SRC-EN-INS-0356,source_item,source_text,SRC-EN-INS-0356,development_candidate_train,success,reviewer_consensus,primary_train_eligible,True,True,[]
SRC-EN-INS-0357__SRC,SRC-EN-INS-0357,source_item,source_text,SRC-EN-INS-0357,development_candidate_train,success,reviewer_consensus,primary_train_eligible,True,True,[]
SRC-EN-INS-0358__SRC,SRC-EN-INS-0358,source_item,source_text,SRC-EN-INS-0358,development_candidate_train,success,reviewer_consensus,primary_train_eligible,True,True,[]
SRC-EN-INS-0359__SRC,SRC-EN-INS-0359,source_item,source_text,SRC-EN-INS-0359,development_candidate_train,success,reviewer_consensus,primary_train_eligible,True,True,[]
SRC-EN-INS-0360__SRC,SRC-EN-INS-0360,source_item,source_text,SRC-EN-INS-0360,development_candidate_train,success,reviewer_consensus,primary_train_eligible,True,True,[]
SRC-EN-INS-0361__SRC,SRC-EN-INS-0361,source_item,source_text,SRC-EN-INS-0361,development_candidate_train,success,reviewer_consensus,primary_train_eligible,True,True,[]
SRC-EN-INS-0362__SRC,SRC-EN-INS-0362,source_item,source_text,SRC-EN-INS-0362,development_candidate_test,skipped_locked_test,reviewer_consensus,locked_test,False,False,['Locked candidate test split quarantined']
SRC-EN-INS-0363__SRC,SRC-EN-INS-0363,source_item,source_text,SRC-EN-INS-0363,development_candidate_train,success,reviewer_consensus,primary_train_eligible,True,True,[]
SRC-EN-INS-0364__SRC,SRC-EN-INS-0364,source_item,source_text,SRC-EN-INS-0364,development_candidate_test,skipped_locked_test,reviewer_consensus,locked_test,False,False,['Locked candidate test split quarantined']
SRC-EN-INS-0365__SRC,SRC-EN-INS-0365,source_item,source_text,SRC-EN-INS-0365,development_candidate_train,success,reviewer_consensus,primary_train_eligible,True,True,[]
SRC-EN-INS-0366__SRC,SRC-EN-INS-0366,source_item,source_text,SRC-EN-INS-0366,development_candidate_test,skipped_locked_test,reviewer_consensus,locked_test,False,False,['Locked candidate test split quarantined']
SRC-EN-INS-0367__SRC,SRC-EN-INS-0367,source_item,source_text,SRC-EN-INS-0367,development_candidate_train,success,reviewer_consensus,primary_train_eligible,True,True,[]
SRC-EN-INS-0368__SRC,SRC-EN-INS-0368,source_item,source_text,SRC-EN-INS-0368,development_candidate_train,success,reviewer_consensus,primary_train_eligible,True,True,[]
SRC-EN-INS-0369__SRC,SRC-EN-INS-0369,source_item,source_text,SRC-EN-INS-0369,development_candidate_train,success,reviewer_consensus,primary_train_eligible,True,True,[]
SRC-EN-VOC-0145__SRC,SRC-EN-VOC-0145,source_item,source_text,SRC-EN-VOC-0145,development_candidate_train,success,reviewer_consensus,primary_train_eligible,True,True,[]
SRC-EN-VOC-0146__SRC,SRC-EN-VOC-0146,source_item,source_text,SRC-EN-VOC-0146,development_candidate_train,success,reviewer_consensus,primary_train_eligible,True,True,[]
SRC-EN-VOC-0147__SRC,SRC-EN-VOC-0147,source_item,source_text,SRC-EN-VOC-0147,development_candidate_train,success,reviewer_consensus,primary_train_eligible,True,True,[]
SRC-EN-VOC-0148__SRC,SRC-EN-VOC-0148,source_item,source_text,SRC-EN-VOC-0148,development_candidate_test,skipped_locked_test,reviewer_consensus,locked_test,False,False,['Locked candidate test split quarantined']
SRC-EN-VOC-0149__SRC,SRC-EN-VOC-0149,source_item,source_text,SRC-EN-VOC-0149,development_candidate_train,success,reviewer_consensus,primary_train_eligible,True,True,[]
SRC-EN-VOC-0150__SRC,SRC-EN-VOC-0150,source_item,source_text,SRC-EN-VOC-0150,development_candidate_test,skipped_locked_test,reviewer_consensus,locked_test,False,False,['Locked candidate test split quarantined']
SRC-EN-VOC-0151__SRC,SRC-EN-VOC-0151,source_item,source_text,SRC-EN-VOC-0151,development_candidate_train,success,reviewer_consensus,primary_train_eligible,True,True,[]
SRC-EN-VOC-0152__SRC,SRC-EN-VOC-0152,source_item,source_text,SRC-EN-VOC-0152,development_candidate_train,success,reviewer_consensus,primary_train_eligible,True,True,[]
SRC-EN-VOC-0153__SRC,SRC-EN-VOC-0153,source_item,source_text,SRC-EN-VOC-0153,development_candidate_train,success,reviewer_consensus,primary_train_eligible,True,True,[]
SRC-EN-VOC-0154__SRC,SRC-EN-VOC-0154,source_item,source_text,SRC-EN-VOC-0154,development_candidate_train,success,reviewer_consensus,primary_train_eligible,True,True,[]
SRC-EN-GRA-0225__SRC,SRC-EN-GRA-0225,source_item,source_text,SRC-EN-GRA-0225,development_candidate_train,success,reviewer_consensus,primary_train_eligible,True,True,[]
SRC-EN-GRA-0226__SRC,SRC-EN-GRA-0226,source_item,source_text,SRC-EN-GRA-0226,development_candidate_train,success,reviewer_consensus,primary_train_eligible,True,True,[]
SRC-EN-GRA-0227__SRC,SRC-EN-GRA-0227,source_item,source_text,SRC-EN-GRA-0227,development_candidate_train,success,reviewer_consensus,primary_train_eligible,True,True,[]
SRC-EN-GRA-0228__SRC,SRC-EN-GRA-0228,source_item,source_text,SRC-EN-GRA-0228,development_candidate_test,skipped_locked_test,reviewer_consensus,locked_test,False,False,['Locked candidate test split quarantined']
SRC-EN-GRA-0229__SRC,SRC-EN-GRA-0229,source_item,source_text,SRC-EN-GRA-0229,development_candidate_test,skipped_locked_test,reviewer_consensus,locked_test,False,False,['Locked candidate test split quarantined']
SRC-EN-GRA-0230__SRC,SRC-EN-GRA-0230,source_item,source_text,SRC-EN-GRA-0230,development_candidate_train,success,reviewer_consensus,primary_train_eligible,True,True,[]
SRC-EN-GRA-0231__SRC,SRC-EN-GRA-0231,source_item,source_text,SRC-EN-GRA-0231,development_candidate_train,success,reviewer_consensus,primary_train_eligible,True,True,[]
SRC-EN-GRA-0232__SRC,SRC-EN-GRA-0232,source_item,source_text,SRC-EN-GRA-0232,development_candidate_train,success,reviewer_consensus,primary_train_eligible,True,True,[]
SRC-EN-GRA-0233__SRC,SRC-EN-GRA-0233,source_item,source_text,SRC-EN-GRA-0233,development_candidate_train,success,reviewer_consensus,primary_train_eligible,True,True,[]
SRC-EN-GRA-0234__SRC,SRC-EN-GRA-0234,source_item,source_text,SRC-EN-GRA-0234,development_candidate_train,success,reviewer_consensus,primary_train_eligible,True,True,[]
SRC-EN-COM-0290__SRC,SRC-EN-COM-0290,source_item,source_text,SRC-EN-COM-0290,development_candidate_train,success,reviewer_consensus,primary_train_eligible,True,True,[]
SRC-EN-COM-0291__SRC,SRC-EN-COM-0291,source_item,source_text,SRC-EN-COM-0291,development_candidate_train,success,reviewer_consensus,primary_train_eligible,True,True,[]
SRC-EN-COM-0292__SRC,SRC-EN-COM-0292,source_item,source_text,SRC-EN-COM-0292,development_candidate_train,success,reviewer_consensus,primary_train_eligible,True,True,[]
SRC-EN-COM-0293__SRC,SRC-EN-COM-0293,source_item,source_text,SRC-EN-COM-0293,development_candidate_train,success,reviewer_consensus,primary_train_eligible,True,True,[]
SRC-EN-COM-0294__SRC,SRC-EN-COM-0294,source_item,source_text,SRC-EN-COM-0294,development_candidate_train,success,reviewer_consensus,primary_train_eligible,True,True,[]
SRC-EN-COM-0295__SRC,SRC-EN-COM-0295,source_item,source_text,SRC-EN-COM-0295,development_candidate_train,success,reviewer_consensus,primary_train_eligible,True,True,[]
SRC-EN-COM-0296__SRC,SRC-EN-COM-0296,source_item,source_text,SRC-EN-COM-0296,development_candidate_train,success,reviewer_consensus,primary_train_eligible,True,True,[]
SRC-EN-COM-0297__SRC,SRC-EN-COM-0297,source_item,source_text,SRC-EN-COM-0297,development_candidate_train,success,reviewer_consensus,primary_train_eligible,True,True,[]
SRC-EN-COM-0298__SRC,SRC-EN-COM-0298,source_item,source_text,SRC-EN-COM-0298,development_candidate_train,success,reviewer_consensus,primary_train_eligible,True,True,[]
SRC-EN-COM-0299__SRC,SRC-EN-COM-0299,source_item,source_text,SRC-EN-COM-0299,development_candidate_train,success,reviewer_consensus,primary_train_eligible,True,True,[]
SRC-EN-COM-0300__SRC,SRC-EN-COM-0300,source_item,source_text,SRC-EN-COM-0300,development_candidate_train,success,reviewer_consensus,primary_train_eligible,True,True,[]
SRC-EN-COM-0301__SRC,SRC-EN-COM-0301,source_item,source_text,SRC-EN-COM-0301,development_candidate_train,success,reviewer_consensus,primary_train_eligible,True,True,[]
SRC-EN-COM-0302__SRC,SRC-EN-COM-0302,source_item,source_text,SRC-EN-COM-0302,development_candidate_train,success,reviewer_consensus,primary_train_eligible,True,True,[]
SRC-EN-COM-0303__SRC,SRC-EN-COM-0303,source_item,source_text,SRC-EN-COM-0303,development_candidate_train,success,reviewer_consensus,primary_train_eligible,True,True,[]
SRC-EN-COM-0304__SRC,SRC-EN-COM-0304,source_item,source_text,SRC-EN-COM-0304,development_candidate_test,skipped_locked_test,reviewer_consensus,locked_test,False,False,['Locked candidate test split quarantined']
SRC-EN-INS-0370__SRC,SRC-EN-INS-0370,source_item,source_text,SRC-EN-INS-0370,development_candidate_train,success,reviewer_consensus,primary_train_eligible,True,True,[]
SRC-EN-INS-0371__SRC,SRC-EN-INS-0371,source_item,source_text,SRC-EN-INS-0371,development_candidate_test,skipped_locked_test,reviewer_consensus,locked_test,False,False,['Locked candidate test split quarantined']
SRC-EN-INS-0372__SRC,SRC-EN-INS-0372,source_item,source_text,SRC-EN-INS-0372,development_candidate_train,success,reviewer_consensus,primary_train_eligible,True,True,[]
SRC-EN-INS-0373__SRC,SRC-EN-INS-0373,source_item,source_text,SRC-EN-INS-0373,development_candidate_train,success,reviewer_consensus,primary_train_eligible,True,True,[]
SRC-EN-INS-0374__SRC,SRC-EN-INS-0374,source_item,source_text,SRC-EN-INS-0374,development_candidate_train,success,reviewer_consensus,primary_train_eligible,True,True,[]
SRC-EN-INS-0375__SRC,SRC-EN-INS-0375,source_item,source_text,SRC-EN-INS-0375,development_candidate_train,success,reviewer_consensus,primary_train_eligible,True,True,[]
SRC-EN-INS-0376__SRC,SRC-EN-INS-0376,source_item,source_text,SRC-EN-INS-0376,development_candidate_train,success,reviewer_consensus,primary_train_eligible,True,True,[]
SRC-EN-INS-0377__SRC,SRC-EN-INS-0377,source_item,source_text,SRC-EN-INS-0377,development_candidate_train,success,reviewer_consensus,primary_train_eligible,True,True,[]
SRC-EN-INS-0378__SRC,SRC-EN-INS-0378,source_item,source_text,SRC-EN-INS-0378,development_candidate_train,success,reviewer_consensus,primary_train_eligible,True,True,[]
SRC-EN-INS-0379__SRC,SRC-EN-INS-0379,source_item,source_text,SRC-EN-INS-0379,development_candidate_train,success,reviewer_consensus,primary_train_eligible,True,True,[]
SRC-EN-INS-0380__SRC,SRC-EN-INS-0380,source_item,source_text,SRC-EN-INS-0380,development_candidate_train,success,reviewer_consensus,primary_train_eligible,True,True,[]
SRC-EN-INS-0381__SRC,SRC-EN-INS-0381,source_item,source_text,SRC-EN-INS-0381,development_candidate_train,success,reviewer_consensus,primary_train_eligible,True,True,[]
SRC-EN-INS-0382__SRC,SRC-EN-INS-0382,source_item,source_text,SRC-EN-INS-0382,development_candidate_train,success,reviewer_consensus,primary_train_eligible,True,True,[]
SRC-EN-INS-0383__SRC,SRC-EN-INS-0383,source_item,source_text,SRC-EN-INS-0383,development_candidate_train,success,reviewer_consensus,primary_train_eligible,True,True,[]
SRC-EN-INS-0384__SRC,SRC-EN-INS-0384,source_item,source_text,SRC-EN-INS-0384,development_candidate_test,skipped_locked_test,reviewer_consensus,locked_test,False,False,['Locked candidate test split quarantined']
SRC-EN-VOC-0155__SRC,SRC-EN-VOC-0155,source_item,source_text,SRC-EN-VOC-0155,development_candidate_train,success,reviewer_consensus,primary_train_eligible,True,True,[]
SRC-EN-VOC-0156__SRC,SRC-EN-VOC-0156,source_item,source_text,SRC-EN-VOC-0156,development_candidate_train,success,reviewer_consensus,primary_train_eligible,True,True,[]
SRC-EN-VOC-0157__SRC,SRC-EN-VOC-0157,source_item,source_text,SRC-EN-VOC-0157,development_candidate_train,success,reviewer_consensus,primary_train_eligible,True,True,[]
SRC-EN-VOC-0158__SRC,SRC-EN-VOC-0158,source_item,source_text,SRC-EN-VOC-0158,development_candidate_train,success,reviewer_consensus,primary_train_eligible,True,True,[]
SRC-EN-VOC-0159__SRC,SRC-EN-VOC-0159,source_item,source_text,SRC-EN-VOC-0159,development_candidate_train,success,reviewer_consensus,primary_train_eligible,True,True,[]
SRC-EN-VOC-0160__SRC,SRC-EN-VOC-0160,source_item,source_text,SRC-EN-VOC-0160,development_candidate_test,skipped_locked_test,reviewer_consensus,locked_test,False,False,['Locked candidate test split quarantined']
SRC-EN-VOC-0161__SRC,SRC-EN-VOC-0161,source_item,source_text,SRC-EN-VOC-0161,development_candidate_train,success,reviewer_consensus,primary_train_eligible,True,True,[]
SRC-EN-VOC-0162__SRC,SRC-EN-VOC-0162,source_item,source_text,SRC-EN-VOC-0162,development_candidate_train,success,reviewer_consensus,primary_train_eligible,True,True,[]
SRC-EN-VOC-0163__SRC,SRC-EN-VOC-0163,source_item,source_text,SRC-EN-VOC-0163,development_candidate_train,success,reviewer_consensus,primary_train_eligible,True,True,[]
SRC-EN-VOC-0164__SRC,SRC-EN-VOC-0164,source_item,source_text,SRC-EN-VOC-0164,development_candidate_train,success,reviewer_consensus,primary_train_eligible,True,True,[]
SRC-EN-VOC-0165__SRC,SRC-EN-VOC-0165,source_item,source_text,SRC-EN-VOC-0165,development_candidate_train,success,reviewer_consensus,primary_train_eligible,True,True,[]
SRC-EN-VOC-0166__SRC,SRC-EN-VOC-0166,source_item,source_text,SRC-EN-VOC-0166,development_candidate_train,success,reviewer_consensus,primary_train_eligible,True,True,[]
SRC-EN-VOC-0167__SRC,SRC-EN-VOC-0167,source_item,source_text,SRC-EN-VOC-0167,development_candidate_train,success,reviewer_consensus,primary_train_eligible,True,True,[]
SRC-EN-VOC-0168__SRC,SRC-EN-VOC-0168,source_item,source_text,SRC-EN-VOC-0168,development_candidate_train,success,reviewer_consensus,primary_train_eligible,True,True,[]
SRC-EN-VOC-0169__SRC,SRC-EN-VOC-0169,source_item,source_text,SRC-EN-VOC-0169,development_candidate_train,success,reviewer_consensus,primary_train_eligible,True,True,[]
SRC-EN-VOC-0170__SRC,SRC-EN-VOC-0170,source_item,source_text,SRC-EN-VOC-0170,development_candidate_train,success,reviewer_consensus,primary_train_eligible,True,True,[]
SRC-EN-VOC-0171__SRC,SRC-EN-VOC-0171,source_item,source_text,SRC-EN-VOC-0171,development_candidate_train,success,reviewer_consensus,primary_train_eligible,True,True,[]
SRC-EN-VOC-0172__SRC,SRC-EN-VOC-0172,source_item,source_text,SRC-EN-VOC-0172,development_candidate_train,success,reviewer_consensus,primary_train_eligible,True,True,[]
SRC-EN-VOC-0173__SRC,SRC-EN-VOC-0173,source_item,source_text,SRC-EN-VOC-0173,development_candidate_train,success,reviewer_consensus,primary_train_eligible,True,True,[]
SRC-EN-VOC-0174__SRC,SRC-EN-VOC-0174,source_item,source_text,SRC-EN-VOC-0174,development_candidate_train,success,reviewer_consensus,primary_train_eligible,True,True,[]
SRC-EN-GRA-0235__SRC,SRC-EN-GRA-0235,source_item,source_text,SRC-EN-GRA-0235,development_candidate_train,success,reviewer_consensus,primary_train_eligible,True,True,[]
SRC-EN-GRA-0236__SRC,SRC-EN-GRA-0236,source_item,source_text,SRC-EN-GRA-0236,development_candidate_train,success,reviewer_consensus,primary_train_eligible,True,True,[]
SRC-EN-GRA-0237__SRC,SRC-EN-GRA-0237,source_item,source_text,SRC-EN-GRA-0237,development_candidate_train,success,reviewer_consensus,primary_train_eligible,True,True,[]
SRC-EN-GRA-0238__SRC,SRC-EN-GRA-0238,source_item,source_text,SRC-EN-GRA-0238,development_candidate_train,success,reviewer_consensus,primary_train_eligible,True,True,[]
SRC-EN-GRA-0239__SRC,SRC-EN-GRA-0239,source_item,source_text,SRC-EN-GRA-0239,development_candidate_train,success,reviewer_consensus,primary_train_eligible,True,True,[]
SRC-EN-GRA-0240__SRC,SRC-EN-GRA-0240,source_item,source_text,SRC-EN-GRA-0240,development_candidate_train,success,reviewer_consensus,primary_train_eligible,True,True,[]
SRC-EN-GRA-0241__SRC,SRC-EN-GRA-0241,source_item,source_text,SRC-EN-GRA-0241,development_candidate_train,success,reviewer_consensus,primary_train_eligible,True,True,[]
SRC-EN-GRA-0242__SRC,SRC-EN-GRA-0242,source_item,source_text,SRC-EN-GRA-0242,development_candidate_train,success,reviewer_consensus,primary_train_eligible,True,True,[]
SRC-EN-GRA-0243__SRC,SRC-EN-GRA-0243,source_item,source_text,SRC-EN-GRA-0243,development_candidate_test,skipped_locked_test,reviewer_consensus,locked_test,False,False,['Locked candidate test split quarantined']
SRC-EN-GRA-0244__SRC,SRC-EN-GRA-0244,source_item,source_text,SRC-EN-GRA-0244,development_candidate_train,success,reviewer_consensus,primary_train_eligible,True,True,[]
SRC-EN-GRA-0245__SRC,SRC-EN-GRA-0245,source_item,source_text,SRC-EN-GRA-0245,development_candidate_train,success,reviewer_consensus,primary_train_eligible,True,True,[]
SRC-EN-GRA-0246__SRC,SRC-EN-GRA-0246,source_item,source_text,SRC-EN-GRA-0246,development_candidate_train,success,reviewer_consensus,primary_train_eligible,True,True,[]
SRC-EN-GRA-0247__SRC,SRC-EN-GRA-0247,source_item,source_text,SRC-EN-GRA-0247,development_candidate_train,success,reviewer_consensus,primary_train_eligible,True,True,[]
SRC-EN-GRA-0248__SRC,SRC-EN-GRA-0248,source_item,source_text,SRC-EN-GRA-0248,development_candidate_train,success,reviewer_consensus,primary_train_eligible,True,True,[]
SRC-EN-GRA-0249__SRC,SRC-EN-GRA-0249,source_item,source_text,SRC-EN-GRA-0249,development_candidate_train,success,reviewer_consensus,primary_train_eligible,True,True,[]
SRC-EN-COM-0305__SRC,SRC-EN-COM-0305,source_item,source_text,SRC-EN-COM-0305,development_candidate_train,success,reviewer_consensus,primary_train_eligible,True,True,[]
SRC-EN-COM-0306__SRC,SRC-EN-COM-0306,source_item,source_text,SRC-EN-COM-0306,development_candidate_train,success,reviewer_consensus,primary_train_eligible,True,True,[]
SRC-EN-COM-0307__SRC,SRC-EN-COM-0307,source_item,source_text,SRC-EN-COM-0307,development_candidate_train,success,reviewer_consensus,primary_train_eligible,True,True,[]
SRC-EN-COM-0308__SRC,SRC-EN-COM-0308,source_item,source_text,SRC-EN-COM-0308,development_candidate_train,success,reviewer_consensus,primary_train_eligible,True,True,[]
SRC-EN-COM-0309__SRC,SRC-EN-COM-0309,source_item,source_text,SRC-EN-COM-0309,development_candidate_train,success,reviewer_consensus,primary_train_eligible,True,True,[]
SRC-EN-COM-0310__SRC,SRC-EN-COM-0310,source_item,source_text,SRC-EN-COM-0310,development_candidate_train,success,reviewer_consensus,primary_train_eligible,True,True,[]
SRC-EN-COM-0311__SRC,SRC-EN-COM-0311,source_item,source_text,SRC-EN-COM-0311,development_candidate_train,success,reviewer_consensus,primary_train_eligible,True,True,[]
SRC-EN-COM-0312__SRC,SRC-EN-COM-0312,source_item,source_text,SRC-EN-COM-0312,development_candidate_train,success,reviewer_consensus,primary_train_eligible,True,True,[]
SRC-EN-COM-0313__SRC,SRC-EN-COM-0313,source_item,source_text,SRC-EN-COM-0313,development_candidate_train,success,reviewer_consensus,primary_train_eligible,True,True,[]
SRC-EN-COM-0314__SRC,SRC-EN-COM-0314,source_item,source_text,SRC-EN-COM-0314,development_candidate_train,success,reviewer_consensus,primary_train_eligible,True,True,[]
SRC-EN-COM-0315__SRC,SRC-EN-COM-0315,source_item,source_text,SRC-EN-COM-0315,development_candidate_train,success,reviewer_consensus,primary_train_eligible,True,True,[]
SRC-EN-COM-0316__SRC,SRC-EN-COM-0316,source_item,source_text,SRC-EN-COM-0316,development_candidate_train,success,reviewer_consensus,primary_train_eligible,True,True,[]
SRC-EN-COM-0317__SRC,SRC-EN-COM-0317,source_item,source_text,SRC-EN-COM-0317,development_candidate_test,skipped_locked_test,reviewer_consensus,locked_test,False,False,['Locked candidate test split quarantined']
SRC-EN-COM-0318__SRC,SRC-EN-COM-0318,source_item,source_text,SRC-EN-COM-0318,development_candidate_train,success,reviewer_consensus,primary_train_eligible,True,True,[]
SRC-EN-COM-0319__SRC,SRC-EN-COM-0319,source_item,source_text,SRC-EN-COM-0319,development_candidate_test,skipped_locked_test,reviewer_consensus,locked_test,False,False,['Locked candidate test split quarantined']
SRC-EN-COM-0320__SRC,SRC-EN-COM-0320,source_item,source_text,SRC-EN-COM-0320,development_candidate_train,success,reviewer_consensus,primary_train_eligible,True,True,[]
SRC-EN-COM-0321__SRC,SRC-EN-COM-0321,source_item,source_text,SRC-EN-COM-0321,development_candidate_train,success,reviewer_consensus,primary_train_eligible,True,True,[]
SRC-EN-COM-0322__SRC,SRC-EN-COM-0322,source_item,source_text,SRC-EN-COM-0322,development_candidate_train,success,reviewer_consensus,primary_train_eligible,True,True,[]
SRC-EN-COM-0323__SRC,SRC-EN-COM-0323,source_item,source_text,SRC-EN-COM-0323,development_candidate_train,success,reviewer_consensus,primary_train_eligible,True,True,[]
SRC-EN-COM-0324__SRC,SRC-EN-COM-0324,source_item,source_text,SRC-EN-COM-0324,development_candidate_train,success,reviewer_consensus,primary_train_eligible,True,True,[]
SRC-EN-INS-0385__SRC,SRC-EN-INS-0385,source_item,source_text,SRC-EN-INS-0385,development_candidate_train,success,reviewer_consensus,primary_train_eligible,True,True,[]
SRC-EN-INS-0386__SRC,SRC-EN-INS-0386,source_item,source_text,SRC-EN-INS-0386,development_candidate_train,success,reviewer_consensus,primary_train_eligible,True,True,[]
SRC-EN-INS-0387__SRC,SRC-EN-INS-0387,source_item,source_text,SRC-EN-INS-0387,development_candidate_test,skipped_locked_test,reviewer_consensus,locked_test,False,False,['Locked candidate test split quarantined']
SRC-EN-INS-0388__SRC,SRC-EN-INS-0388,source_item,source_text,SRC-EN-INS-0388,development_candidate_train,success,reviewer_consensus,primary_train_eligible,True,True,[]
SRC-EN-INS-0389__SRC,SRC-EN-INS-0389,source_item,source_text,SRC-EN-INS-0389,development_candidate_train,success,reviewer_consensus,primary_train_eligible,True,True,[]
SRC-EN-INS-0390__SRC,SRC-EN-INS-0390,source_item,source_text,SRC-EN-INS-0390,development_candidate_test,skipped_locked_test,reviewer_consensus,locked_test,False,False,['Locked candidate test split quarantined']
SRC-EN-INS-0391__SRC,SRC-EN-INS-0391,source_item,source_text,SRC-EN-INS-0391,development_candidate_train,success,reviewer_consensus,primary_train_eligible,True,True,[]
SRC-EN-INS-0392__SRC,SRC-EN-INS-0392,source_item,source_text,SRC-EN-INS-0392,development_candidate_test,skipped_locked_test,reviewer_consensus,locked_test,False,False,['Locked candidate test split quarantined']
SRC-EN-INS-0393__SRC,SRC-EN-INS-0393,source_item,source_text,SRC-EN-INS-0393,development_candidate_test,skipped_locked_test,reviewer_consensus,locked_test,False,False,['Locked candidate test split quarantined']
SRC-EN-INS-0394__SRC,SRC-EN-INS-0394,source_item,source_text,SRC-EN-INS-0394,development_candidate_train,success,reviewer_consensus,primary_train_eligible,True,True,[]
SRC-EN-INS-0395__SRC,SRC-EN-INS-0395,source_item,source_text,SRC-EN-INS-0395,development_candidate_train,success,reviewer_consensus,primary_train_eligible,True,True,[]
SRC-EN-INS-0396__SRC,SRC-EN-INS-0396,source_item,source_text,SRC-EN-INS-0396,development_candidate_train,success,reviewer_consensus,primary_train_eligible,True,True,[]
SRC-EN-INS-0397__SRC,SRC-EN-INS-0397,source_item,source_text,SRC-EN-INS-0397,development_candidate_train,success,reviewer_consensus,primary_train_eligible,True,True,[]
SRC-EN-INS-0398__SRC,SRC-EN-INS-0398,source_item,source_text,SRC-EN-INS-0398,development_candidate_train,success,reviewer_consensus,primary_train_eligible,True,True,[]
SRC-EN-INS-0399__SRC,SRC-EN-INS-0399,source_item,source_text,SRC-EN-INS-0399,development_candidate_train,success,reviewer_consensus,primary_train_eligible,True,True,[]
SIMP-EN-0001__ORIG,SIMP-EN-0001,simplification_pair,source_text,SIMP-EN-0001,development_candidate_train,success,expert_verified,primary_train_eligible,True,True,[]
SIMP-EN-0001__SIMP,SIMP-EN-0001,simplification_pair,simplified_text,SIMP-EN-0001,development_candidate_train,success,expert_verified,primary_train_eligible,True,True,[]
SIMP-EN-0002__ORIG,SIMP-EN-0002,simplification_pair,source_text,SIMP-EN-0002,development_candidate_train,success,expert_verified,primary_train_eligible,True,True,[]
SIMP-EN-0002__SIMP,SIMP-EN-0002,simplification_pair,simplified_text,SIMP-EN-0002,development_candidate_train,success,expert_verified,primary_train_eligible,True,True,[]
SIMP-EN-0003__ORIG,SIMP-EN-0003,simplification_pair,source_text,SIMP-EN-0003,development_candidate_train,success,expert_verified,primary_train_eligible,True,True,[]
SIMP-EN-0003__SIMP,SIMP-EN-0003,simplification_pair,simplified_text,SIMP-EN-0003,development_candidate_train,success,expert_verified,primary_train_eligible,True,True,[]
SIMP-EN-0004__ORIG,SIMP-EN-0004,simplification_pair,source_text,SIMP-EN-0004,development_candidate_train,success,expert_verified,primary_train_eligible,True,True,[]
SIMP-EN-0004__SIMP,SIMP-EN-0004,simplification_pair,simplified_text,SIMP-EN-0004,development_candidate_train,success,expert_verified,primary_train_eligible,True,True,[]
SIMP-EN-0005__ORIG,SIMP-EN-0005,simplification_pair,source_text,SIMP-EN-0005,development_candidate_train,success,expert_verified,primary_train_eligible,True,True,[]
SIMP-EN-0005__SIMP,SIMP-EN-0005,simplification_pair,simplified_text,SIMP-EN-0005,development_candidate_train,success,expert_verified,primary_train_eligible,True,True,[]
SIMP-EN-0006__ORIG,SIMP-EN-0006,simplification_pair,source_text,SIMP-EN-0006,development_candidate_train,success,expert_verified,primary_train_eligible,True,True,[]
SIMP-EN-0006__SIMP,SIMP-EN-0006,simplification_pair,simplified_text,SIMP-EN-0006,development_candidate_train,success,expert_verified,primary_train_eligible,True,True,[]
SIMP-EN-0007__ORIG,SIMP-EN-0007,simplification_pair,source_text,SIMP-EN-0007,development_candidate_train,success,expert_verified,primary_train_eligible,True,True,[]
SIMP-EN-0007__SIMP,SIMP-EN-0007,simplification_pair,simplified_text,SIMP-EN-0007,development_candidate_train,success,expert_verified,primary_train_eligible,True,True,[]
SIMP-EN-0008__ORIG,SIMP-EN-0008,simplification_pair,source_text,SIMP-EN-0008,development_candidate_train,success,expert_verified,primary_train_eligible,True,True,[]
SIMP-EN-0008__SIMP,SIMP-EN-0008,simplification_pair,simplified_text,SIMP-EN-0008,development_candidate_train,success,expert_verified,primary_train_eligible,True,True,[]
SIMP-EN-0009__ORIG,SIMP-EN-0009,simplification_pair,source_text,SIMP-EN-0009,development_candidate_train,success,expert_verified,primary_train_eligible,True,True,[]
SIMP-EN-0009__SIMP,SIMP-EN-0009,simplification_pair,simplified_text,SIMP-EN-0009,development_candidate_train,success,expert_verified,primary_train_eligible,True,True,[]
SIMP-EN-0010__ORIG,SIMP-EN-0010,simplification_pair,source_text,SIMP-EN-0010,development_candidate_train,success,expert_verified,primary_train_eligible,True,True,[]
SIMP-EN-0010__SIMP,SIMP-EN-0010,simplification_pair,simplified_text,SIMP-EN-0010,development_candidate_train,success,expert_verified,primary_train_eligible,True,True,[]
SIMP-EN-0011__ORIG,SIMP-EN-0011,simplification_pair,source_text,SIMP-EN-0011,development_candidate_train,success,expert_verified,primary_train_eligible,True,True,[]
SIMP-EN-0011__SIMP,SIMP-EN-0011,simplification_pair,simplified_text,SIMP-EN-0011,development_candidate_train,success,expert_verified,primary_train_eligible,True,True,[]
SIMP-EN-0012__ORIG,SIMP-EN-0012,simplification_pair,source_text,SIMP-EN-0012,development_candidate_train,success,expert_verified,primary_train_eligible,True,True,[]
SIMP-EN-0012__SIMP,SIMP-EN-0012,simplification_pair,simplified_text,SIMP-EN-0012,development_candidate_train,success,expert_verified,primary_train_eligible,True,True,[]
SIMP-EN-0013__ORIG,SIMP-EN-0013,simplification_pair,source_text,SIMP-EN-0013,development_candidate_train,success,expert_verified,primary_train_eligible,True,True,[]
SIMP-EN-0013__SIMP,SIMP-EN-0013,simplification_pair,simplified_text,SIMP-EN-0013,development_candidate_train,success,expert_verified,primary_train_eligible,True,True,[]
SIMP-EN-0014__ORIG,SIMP-EN-0014,simplification_pair,source_text,SIMP-EN-0014,development_candidate_train,success,expert_verified,primary_train_eligible,True,True,[]
SIMP-EN-0014__SIMP,SIMP-EN-0014,simplification_pair,simplified_text,SIMP-EN-0014,development_candidate_train,success,expert_verified,primary_train_eligible,True,True,[]
SIMP-EN-0015__ORIG,SIMP-EN-0015,simplification_pair,source_text,SIMP-EN-0015,development_candidate_train,success,expert_verified,primary_train_eligible,True,True,[]
SIMP-EN-0015__SIMP,SIMP-EN-0015,simplification_pair,simplified_text,SIMP-EN-0015,development_candidate_train,success,expert_verified,primary_train_eligible,True,True,[]
SIMP-EN-0016__ORIG,SIMP-EN-0016,simplification_pair,source_text,SIMP-EN-0016,development_candidate_train,success,expert_verified,primary_train_eligible,True,True,[]
SIMP-EN-0016__SIMP,SIMP-EN-0016,simplification_pair,simplified_text,SIMP-EN-0016,development_candidate_train,success,expert_verified,primary_train_eligible,True,True,[]
SIMP-EN-0017__ORIG,SIMP-EN-0017,simplification_pair,source_text,SIMP-EN-0017,development_candidate_train,success,expert_verified,primary_train_eligible,True,True,[]
SIMP-EN-0017__SIMP,SIMP-EN-0017,simplification_pair,simplified_text,SIMP-EN-0017,development_candidate_train,success,expert_verified,primary_train_eligible,True,True,[]
SIMP-EN-0018__ORIG,SIMP-EN-0018,simplification_pair,source_text,SIMP-EN-0018,development_candidate_train,success,expert_verified,primary_train_eligible,True,True,[]
SIMP-EN-0018__SIMP,SIMP-EN-0018,simplification_pair,simplified_text,SIMP-EN-0018,development_candidate_train,success,expert_verified,primary_train_eligible,True,True,[]
SIMP-EN-0019__ORIG,SIMP-EN-0019,simplification_pair,source_text,SIMP-EN-0019,development_candidate_train,success,expert_verified,primary_train_eligible,True,True,[]
SIMP-EN-0019__SIMP,SIMP-EN-0019,simplification_pair,simplified_text,SIMP-EN-0019,development_candidate_train,success,expert_verified,primary_train_eligible,True,True,[]
SIMP-EN-0020__ORIG,SIMP-EN-0020,simplification_pair,source_text,SIMP-EN-0020,development_candidate_train,success,expert_verified,primary_train_eligible,True,True,[]
SIMP-EN-0020__SIMP,SIMP-EN-0020,simplification_pair,simplified_text,SIMP-EN-0020,development_candidate_train,success,expert_verified,primary_train_eligible,True,True,[]
SIMP-EN-0021__ORIG,SIMP-EN-0021,simplification_pair,source_text,SIMP-EN-0021,development_candidate_train,success,expert_verified,primary_train_eligible,True,True,[]
SIMP-EN-0021__SIMP,SIMP-EN-0021,simplification_pair,simplified_text,SIMP-EN-0021,development_candidate_train,success,expert_verified,primary_train_eligible,True,True,[]
SIMP-EN-0022__ORIG,SIMP-EN-0022,simplification_pair,source_text,SIMP-EN-0022,development_candidate_train,success,expert_verified,primary_train_eligible,True,True,[]
SIMP-EN-0022__SIMP,SIMP-EN-0022,simplification_pair,simplified_text,SIMP-EN-0022,development_candidate_train,success,expert_verified,primary_train_eligible,True,True,[]
SIMP-EN-0023__ORIG,SIMP-EN-0023,simplification_pair,source_text,SIMP-EN-0023,development_candidate_train,success,expert_verified,primary_train_eligible,True,True,[]
SIMP-EN-0023__SIMP,SIMP-EN-0023,simplification_pair,simplified_text,SIMP-EN-0023,development_candidate_train,success,expert_verified,primary_train_eligible,True,True,[]
SIMP-EN-0024__ORIG,SIMP-EN-0024,simplification_pair,source_text,SIMP-EN-0024,development_candidate_train,success,expert_verified,primary_train_eligible,True,True,[]
SIMP-EN-0024__SIMP,SIMP-EN-0024,simplification_pair,simplified_text,SIMP-EN-0024,development_candidate_train,success,expert_verified,primary_train_eligible,True,True,[]
SIMP-EN-0025__ORIG,SIMP-EN-0025,simplification_pair,source_text,SIMP-EN-0025,development_candidate_train,success,expert_verified,primary_train_eligible,True,True,[]
SIMP-EN-0025__SIMP,SIMP-EN-0025,simplification_pair,simplified_text,SIMP-EN-0025,development_candidate_train,success,expert_verified,primary_train_eligible,True,True,[]
SIMP-EN-0026__ORIG,SIMP-EN-0026,simplification_pair,source_text,SIMP-EN-0026,development_candidate_train,success,expert_verified,primary_train_eligible,True,True,[]
SIMP-EN-0026__SIMP,SIMP-EN-0026,simplification_pair,simplified_text,SIMP-EN-0026,development_candidate_train,success,expert_verified,primary_train_eligible,True,True,[]
SIMP-EN-0027__ORIG,SIMP-EN-0027,simplification_pair,source_text,SIMP-EN-0027,development_candidate_train,success,expert_verified,primary_train_eligible,True,True,[]
SIMP-EN-0027__SIMP,SIMP-EN-0027,simplification_pair,simplified_text,SIMP-EN-0027,development_candidate_train,success,expert_verified,primary_train_eligible,True,True,[]
SIMP-EN-0028__ORIG,SIMP-EN-0028,simplification_pair,source_text,SIMP-EN-0028,development_candidate_train,success,expert_verified,primary_train_eligible,True,True,[]
SIMP-EN-0028__SIMP,SIMP-EN-0028,simplification_pair,simplified_text,SIMP-EN-0028,development_candidate_train,success,expert_verified,primary_train_eligible,True,True,[]
SIMP-EN-0029__ORIG,SIMP-EN-0029,simplification_pair,source_text,SIMP-EN-0029,development_candidate_train,success,expert_verified,primary_train_eligible,True,True,[]
SIMP-EN-0029__SIMP,SIMP-EN-0029,simplification_pair,simplified_text,SIMP-EN-0029,development_candidate_train,success,expert_verified,primary_train_eligible,True,True,[]
SIMP-EN-0030__ORIG,SIMP-EN-0030,simplification_pair,source_text,SIMP-EN-0030,development_candidate_train,success,expert_verified,primary_train_eligible,True,True,[]
SIMP-EN-0030__SIMP,SIMP-EN-0030,simplification_pair,simplified_text,SIMP-EN-0030,development_candidate_train,success,expert_verified,primary_train_eligible,True,True,[]
SIMP-EN-0031__ORIG,SIMP-EN-0031,simplification_pair,source_text,SIMP-EN-0031,development_candidate_train,success,expert_verified,primary_train_eligible,True,True,[]
SIMP-EN-0031__SIMP,SIMP-EN-0031,simplification_pair,simplified_text,SIMP-EN-0031,development_candidate_train,success,expert_verified,primary_train_eligible,True,True,[]
SIMP-EN-0032__ORIG,SIMP-EN-0032,simplification_pair,source_text,SIMP-EN-0032,development_candidate_train,success,expert_verified,primary_train_eligible,True,True,[]
SIMP-EN-0032__SIMP,SIMP-EN-0032,simplification_pair,simplified_text,SIMP-EN-0032,development_candidate_train,success,expert_verified,primary_train_eligible,True,True,[]
SIMP-EN-0033__ORIG,SIMP-EN-0033,simplification_pair,source_text,SIMP-EN-0033,development_candidate_train,success,expert_verified,primary_train_eligible,True,True,[]
SIMP-EN-0033__SIMP,SIMP-EN-0033,simplification_pair,simplified_text,SIMP-EN-0033,development_candidate_train,success,expert_verified,primary_train_eligible,True,True,[]
SIMP-EN-0034__ORIG,SIMP-EN-0034,simplification_pair,source_text,SIMP-EN-0034,development_candidate_train,success,expert_verified,primary_train_eligible,True,True,[]
SIMP-EN-0034__SIMP,SIMP-EN-0034,simplification_pair,simplified_text,SIMP-EN-0034,development_candidate_train,success,expert_verified,primary_train_eligible,True,True,[]
SIMP-EN-0035__ORIG,SIMP-EN-0035,simplification_pair,source_text,SIMP-EN-0035,development_candidate_train,success,expert_verified,primary_train_eligible,True,True,[]
SIMP-EN-0035__SIMP,SIMP-EN-0035,simplification_pair,simplified_text,SIMP-EN-0035,development_candidate_train,success,expert_verified,primary_train_eligible,True,True,[]
SIMP-EN-0036__ORIG,SIMP-EN-0036,simplification_pair,source_text,SIMP-EN-0036,development_candidate_train,success,expert_verified,primary_train_eligible,True,True,[]
SIMP-EN-0036__SIMP,SIMP-EN-0036,simplification_pair,simplified_text,SIMP-EN-0036,development_candidate_train,success,expert_verified,primary_train_eligible,True,True,[]
SIMP-EN-0037__ORIG,SIMP-EN-0037,simplification_pair,source_text,SIMP-EN-0037,development_candidate_train,success,expert_verified,primary_train_eligible,True,True,[]
SIMP-EN-0037__SIMP,SIMP-EN-0037,simplification_pair,simplified_text,SIMP-EN-0037,development_candidate_train,success,expert_verified,primary_train_eligible,True,True,[]
SIMP-EN-0038__ORIG,SIMP-EN-0038,simplification_pair,source_text,SIMP-EN-0038,development_candidate_train,success,expert_verified,primary_train_eligible,True,True,[]
SIMP-EN-0038__SIMP,SIMP-EN-0038,simplification_pair,simplified_text,SIMP-EN-0038,development_candidate_train,success,expert_verified,primary_train_eligible,True,True,[]
SIMP-EN-0039__ORIG,SIMP-EN-0039,simplification_pair,source_text,SIMP-EN-0039,development_candidate_train,success,expert_verified,primary_train_eligible,True,True,[]
SIMP-EN-0039__SIMP,SIMP-EN-0039,simplification_pair,simplified_text,SIMP-EN-0039,development_candidate_train,success,expert_verified,primary_train_eligible,True,True,[]
SIMP-EN-0040__ORIG,SIMP-EN-0040,simplification_pair,source_text,SIMP-EN-0040,development_candidate_train,success,expert_verified,primary_train_eligible,True,True,[]
SIMP-EN-0040__SIMP,SIMP-EN-0040,simplification_pair,simplified_text,SIMP-EN-0040,development_candidate_train,success,expert_verified,primary_train_eligible,True,True,[]
SIMP-EN-0041__ORIG,SIMP-EN-0041,simplification_pair,source_text,SIMP-EN-0041,development_candidate_train,success,expert_verified,primary_train_eligible,True,True,[]
SIMP-EN-0041__SIMP,SIMP-EN-0041,simplification_pair,simplified_text,SIMP-EN-0041,development_candidate_train,success,expert_verified,primary_train_eligible,True,True,[]
SIMP-EN-0042__ORIG,SIMP-EN-0042,simplification_pair,source_text,SIMP-EN-0042,development_candidate_train,success,expert_verified,primary_train_eligible,True,True,[]
SIMP-EN-0042__SIMP,SIMP-EN-0042,simplification_pair,simplified_text,SIMP-EN-0042,development_candidate_train,success,expert_verified,primary_train_eligible,True,True,[]
SIMP-EN-0043__ORIG,SIMP-EN-0043,simplification_pair,source_text,SIMP-EN-0043,development_candidate_train,success,expert_verified,primary_train_eligible,True,True,[]
SIMP-EN-0043__SIMP,SIMP-EN-0043,simplification_pair,simplified_text,SIMP-EN-0043,development_candidate_train,success,expert_verified,primary_train_eligible,True,True,[]
SIMP-EN-0044__ORIG,SIMP-EN-0044,simplification_pair,source_text,SIMP-EN-0044,development_candidate_train,success,expert_verified,primary_train_eligible,True,True,[]
SIMP-EN-0044__SIMP,SIMP-EN-0044,simplification_pair,simplified_text,SIMP-EN-0044,development_candidate_train,success,expert_verified,primary_train_eligible,True,True,[]
SIMP-EN-0045__ORIG,SIMP-EN-0045,simplification_pair,source_text,SIMP-EN-0045,development_candidate_train,success,expert_verified,primary_train_eligible,True,True,[]
SIMP-EN-0045__SIMP,SIMP-EN-0045,simplification_pair,simplified_text,SIMP-EN-0045,development_candidate_train,success,expert_verified,primary_train_eligible,True,True,[]
SIMP-EN-0046__ORIG,SIMP-EN-0046,simplification_pair,source_text,SIMP-EN-0046,development_candidate_train,success,expert_verified,primary_train_eligible,True,True,[]
SIMP-EN-0046__SIMP,SIMP-EN-0046,simplification_pair,simplified_text,SIMP-EN-0046,development_candidate_train,success,expert_verified,primary_train_eligible,True,True,[]
SIMP-EN-0047__ORIG,SIMP-EN-0047,simplification_pair,source_text,SIMP-EN-0047,development_candidate_train,success,expert_verified,primary_train_eligible,True,True,[]
SIMP-EN-0047__SIMP,SIMP-EN-0047,simplification_pair,simplified_text,SIMP-EN-0047,development_candidate_train,success,expert_verified,primary_train_eligible,True,True,[]
SIMP-EN-0048__ORIG,SIMP-EN-0048,simplification_pair,source_text,SIMP-EN-0048,development_candidate_train,success,expert_verified,primary_train_eligible,True,True,[]
SIMP-EN-0048__SIMP,SIMP-EN-0048,simplification_pair,simplified_text,SIMP-EN-0048,development_candidate_train,success,expert_verified,primary_train_eligible,True,True,[]
SIMP-EN-0049__ORIG,SIMP-EN-0049,simplification_pair,source_text,SIMP-EN-0049,development_candidate_train,success,expert_verified,primary_train_eligible,True,True,[]
SIMP-EN-0049__SIMP,SIMP-EN-0049,simplification_pair,simplified_text,SIMP-EN-0049,development_candidate_train,success,expert_verified,primary_train_eligible,True,True,[]
SIMP-EN-0050__ORIG,SIMP-EN-0050,simplification_pair,source_text,SIMP-EN-0050,development_candidate_train,success,expert_verified,primary_train_eligible,True,True,[]
SIMP-EN-0050__SIMP,SIMP-EN-0050,simplification_pair,simplified_text,SIMP-EN-0050,development_candidate_train,success,expert_verified,primary_train_eligible,True,True,[]
SIMP-EN-0051__ORIG,SIMP-EN-0051,simplification_pair,source_text,SIMP-EN-0051,development_candidate_train,success,expert_verified,primary_train_eligible,True,True,[]
SIMP-EN-0051__SIMP,SIMP-EN-0051,simplification_pair,simplified_text,SIMP-EN-0051,development_candidate_train,success,expert_verified,primary_train_eligible,True,True,[]
SIMP-EN-0052__ORIG,SIMP-EN-0052,simplification_pair,source_text,SIMP-EN-0052,development_candidate_train,success,expert_verified,primary_train_eligible,True,True,[]
SIMP-EN-0052__SIMP,SIMP-EN-0052,simplification_pair,simplified_text,SIMP-EN-0052,development_candidate_train,success,expert_verified,primary_train_eligible,True,True,[]
SIMP-EN-0053__ORIG,SIMP-EN-0053,simplification_pair,source_text,SIMP-EN-0053,development_candidate_train,success,expert_verified,primary_train_eligible,True,True,[]
SIMP-EN-0053__SIMP,SIMP-EN-0053,simplification_pair,simplified_text,SIMP-EN-0053,development_candidate_train,success,expert_verified,primary_train_eligible,True,True,[]
SIMP-EN-0054__ORIG,SIMP-EN-0054,simplification_pair,source_text,SIMP-EN-0054,development_candidate_train,success,expert_verified,primary_train_eligible,True,True,[]
SIMP-EN-0054__SIMP,SIMP-EN-0054,simplification_pair,simplified_text,SIMP-EN-0054,development_candidate_train,success,expert_verified,primary_train_eligible,True,True,[]
SIMP-EN-0055__ORIG,SIMP-EN-0055,simplification_pair,source_text,SIMP-EN-0055,development_candidate_train,success,expert_verified,primary_train_eligible,True,True,[]
SIMP-EN-0055__SIMP,SIMP-EN-0055,simplification_pair,simplified_text,SIMP-EN-0055,development_candidate_train,success,expert_verified,primary_train_eligible,True,True,[]
SIMP-EN-0056__ORIG,SIMP-EN-0056,simplification_pair,source_text,SIMP-EN-0056,development_candidate_train,success,expert_verified,primary_train_eligible,True,True,[]
SIMP-EN-0056__SIMP,SIMP-EN-0056,simplification_pair,simplified_text,SIMP-EN-0056,development_candidate_train,success,expert_verified,primary_train_eligible,True,True,[]
SIMP-EN-0057__ORIG,SIMP-EN-0057,simplification_pair,source_text,SIMP-EN-0057,development_candidate_train,success,expert_verified,primary_train_eligible,True,True,[]
SIMP-EN-0057__SIMP,SIMP-EN-0057,simplification_pair,simplified_text,SIMP-EN-0057,development_candidate_train,success,expert_verified,primary_train_eligible,True,True,[]
SIMP-EN-0058__ORIG,SIMP-EN-0058,simplification_pair,source_text,SIMP-EN-0058,development_candidate_train,success,expert_verified,primary_train_eligible,True,True,[]
SIMP-EN-0058__SIMP,SIMP-EN-0058,simplification_pair,simplified_text,SIMP-EN-0058,development_candidate_train,success,expert_verified,primary_train_eligible,True,True,[]
SIMP-EN-0059__ORIG,SIMP-EN-0059,simplification_pair,source_text,SIMP-EN-0059,development_candidate_train,success,expert_verified,primary_train_eligible,True,True,[]
SIMP-EN-0059__SIMP,SIMP-EN-0059,simplification_pair,simplified_text,SIMP-EN-0059,development_candidate_train,success,expert_verified,primary_train_eligible,True,True,[]
SIMP-EN-0060__ORIG,SIMP-EN-0060,simplification_pair,source_text,SIMP-EN-0060,development_candidate_train,success,expert_verified,primary_train_eligible,True,True,[]
SIMP-EN-0060__SIMP,SIMP-EN-0060,simplification_pair,simplified_text,SIMP-EN-0060,development_candidate_train,success,expert_verified,primary_train_eligible,True,True,[]
SIMP-EN-0061__ORIG,SIMP-EN-0061,simplification_pair,source_text,SIMP-EN-0061,development_candidate_train,success,expert_verified,primary_train_eligible,True,True,[]
SIMP-EN-0061__SIMP,SIMP-EN-0061,simplification_pair,simplified_text,SIMP-EN-0061,development_candidate_train,success,expert_verified,primary_train_eligible,True,True,[]
SIMP-EN-0062__ORIG,SIMP-EN-0062,simplification_pair,source_text,SIMP-EN-0062,development_candidate_train,success,expert_verified,primary_train_eligible,True,True,[]
SIMP-EN-0062__SIMP,SIMP-EN-0062,simplification_pair,simplified_text,SIMP-EN-0062,development_candidate_train,success,expert_verified,primary_train_eligible,True,True,[]
SIMP-EN-0063__ORIG,SIMP-EN-0063,simplification_pair,source_text,SIMP-EN-0063,development_candidate_train,success,expert_verified,primary_train_eligible,True,True,[]
SIMP-EN-0063__SIMP,SIMP-EN-0063,simplification_pair,simplified_text,SIMP-EN-0063,development_candidate_train,success,expert_verified,primary_train_eligible,True,True,[]
SIMP-EN-0064__ORIG,SIMP-EN-0064,simplification_pair,source_text,SIMP-EN-0064,development_candidate_train,success,expert_verified,primary_train_eligible,True,True,[]
SIMP-EN-0064__SIMP,SIMP-EN-0064,simplification_pair,simplified_text,SIMP-EN-0064,development_candidate_train,success,expert_verified,primary_train_eligible,True,True,[]
SIMP-EN-0065__ORIG,SIMP-EN-0065,simplification_pair,source_text,SIMP-EN-0065,development_candidate_train,success,expert_verified,primary_train_eligible,True,True,[]
SIMP-EN-0065__SIMP,SIMP-EN-0065,simplification_pair,simplified_text,SIMP-EN-0065,development_candidate_train,success,expert_verified,primary_train_eligible,True,True,[]
SIMP-EN-0066__ORIG,SIMP-EN-0066,simplification_pair,source_text,SIMP-EN-0066,development_candidate_train,success,expert_verified,primary_train_eligible,True,True,[]
SIMP-EN-0066__SIMP,SIMP-EN-0066,simplification_pair,simplified_text,SIMP-EN-0066,development_candidate_train,success,expert_verified,primary_train_eligible,True,True,[]
SIMP-EN-0067__ORIG,SIMP-EN-0067,simplification_pair,source_text,SIMP-EN-0067,development_candidate_train,success,expert_verified,primary_train_eligible,True,True,[]
SIMP-EN-0067__SIMP,SIMP-EN-0067,simplification_pair,simplified_text,SIMP-EN-0067,development_candidate_train,success,expert_verified,primary_train_eligible,True,True,[]
SIMP-EN-0068__ORIG,SIMP-EN-0068,simplification_pair,source_text,SIMP-EN-0068,development_candidate_train,success,expert_verified,primary_train_eligible,True,True,[]
SIMP-EN-0068__SIMP,SIMP-EN-0068,simplification_pair,simplified_text,SIMP-EN-0068,development_candidate_train,success,expert_verified,primary_train_eligible,True,True,[]
SIMP-EN-0069__ORIG,SIMP-EN-0069,simplification_pair,source_text,SIMP-EN-0069,development_candidate_train,success,expert_verified,primary_train_eligible,True,True,[]
SIMP-EN-0069__SIMP,SIMP-EN-0069,simplification_pair,simplified_text,SIMP-EN-0069,development_candidate_train,success,expert_verified,primary_train_eligible,True,True,[]
SIMP-EN-0070__ORIG,SIMP-EN-0070,simplification_pair,source_text,SIMP-EN-0070,development_candidate_train,success,expert_verified,primary_train_eligible,True,True,[]
SIMP-EN-0070__SIMP,SIMP-EN-0070,simplification_pair,simplified_text,SIMP-EN-0070,development_candidate_train,success,expert_verified,primary_train_eligible,True,True,[]
SIMP-EN-0071__ORIG,SIMP-EN-0071,simplification_pair,source_text,SIMP-EN-0071,development_candidate_train,success,expert_verified,primary_train_eligible,True,True,[]
SIMP-EN-0071__SIMP,SIMP-EN-0071,simplification_pair,simplified_text,SIMP-EN-0071,development_candidate_train,success,expert_verified,primary_train_eligible,True,True,[]
SIMP-EN-0072__ORIG,SIMP-EN-0072,simplification_pair,source_text,SIMP-EN-0072,development_candidate_train,success,expert_verified,primary_train_eligible,True,True,[]
SIMP-EN-0072__SIMP,SIMP-EN-0072,simplification_pair,simplified_text,SIMP-EN-0072,development_candidate_train,success,expert_verified,primary_train_eligible,True,True,[]
SIMP-EN-0073__ORIG,SIMP-EN-0073,simplification_pair,source_text,SIMP-EN-0073,development_candidate_train,success,expert_verified,primary_train_eligible,True,True,[]
SIMP-EN-0073__SIMP,SIMP-EN-0073,simplification_pair,simplified_text,SIMP-EN-0073,development_candidate_train,success,expert_verified,primary_train_eligible,True,True,[]
SIMP-EN-0074__ORIG,SIMP-EN-0074,simplification_pair,source_text,SIMP-EN-0074,development_candidate_train,success,expert_verified,primary_train_eligible,True,True,[]
SIMP-EN-0074__SIMP,SIMP-EN-0074,simplification_pair,simplified_text,SIMP-EN-0074,development_candidate_train,success,expert_verified,primary_train_eligible,True,True,[]
SIMP-EN-0075__ORIG,SIMP-EN-0075,simplification_pair,source_text,SIMP-EN-0075,development_candidate_train,success,expert_verified,primary_train_eligible,True,True,[]
SIMP-EN-0075__SIMP,SIMP-EN-0075,simplification_pair,simplified_text,SIMP-EN-0075,development_candidate_train,success,expert_verified,primary_train_eligible,True,True,[]
SIMP-EN-0076__ORIG,SIMP-EN-0076,simplification_pair,source_text,SIMP-EN-0076,development_candidate_train,success,expert_verified,primary_train_eligible,True,True,[]
SIMP-EN-0076__SIMP,SIMP-EN-0076,simplification_pair,simplified_text,SIMP-EN-0076,development_candidate_train,success,expert_verified,primary_train_eligible,True,True,[]
SIMP-EN-0077__ORIG,SIMP-EN-0077,simplification_pair,source_text,SIMP-EN-0077,development_candidate_train,success,expert_verified,primary_train_eligible,True,True,[]
SIMP-EN-0077__SIMP,SIMP-EN-0077,simplification_pair,simplified_text,SIMP-EN-0077,development_candidate_train,success,expert_verified,primary_train_eligible,True,True,[]
SIMP-EN-0078__ORIG,SIMP-EN-0078,simplification_pair,source_text,SIMP-EN-0078,development_candidate_train,success,expert_verified,primary_train_eligible,True,True,[]
SIMP-EN-0078__SIMP,SIMP-EN-0078,simplification_pair,simplified_text,SIMP-EN-0078,development_candidate_train,success,expert_verified,primary_train_eligible,True,True,[]
SIMP-EN-0079__ORIG,SIMP-EN-0079,simplification_pair,source_text,SIMP-EN-0079,development_candidate_train,success,expert_verified,primary_train_eligible,True,True,[]
SIMP-EN-0079__SIMP,SIMP-EN-0079,simplification_pair,simplified_text,SIMP-EN-0079,development_candidate_train,success,expert_verified,primary_train_eligible,True,True,[]
SIMP-EN-0080__ORIG,SIMP-EN-0080,simplification_pair,source_text,SIMP-EN-0080,development_candidate_train,success,expert_verified,primary_train_eligible,True,True,[]
SIMP-EN-0080__SIMP,SIMP-EN-0080,simplification_pair,simplified_text,SIMP-EN-0080,development_candidate_train,success,expert_verified,primary_train_eligible,True,True,[]
SIMP-EN-0081__ORIG,SIMP-EN-0081,simplification_pair,source_text,SIMP-EN-0081,development_candidate_train,success,expert_verified,primary_train_eligible,True,True,[]
SIMP-EN-0081__SIMP,SIMP-EN-0081,simplification_pair,simplified_text,SIMP-EN-0081,development_candidate_train,success,expert_verified,primary_train_eligible,True,True,[]
SIMP-EN-0082__ORIG,SIMP-EN-0082,simplification_pair,source_text,SIMP-EN-0082,development_candidate_train,success,expert_verified,primary_train_eligible,True,True,[]
SIMP-EN-0082__SIMP,SIMP-EN-0082,simplification_pair,simplified_text,SIMP-EN-0082,development_candidate_train,success,expert_verified,primary_train_eligible,True,True,[]
SIMP-EN-0083__ORIG,SIMP-EN-0083,simplification_pair,source_text,SIMP-EN-0083,development_candidate_train,success,expert_verified,primary_train_eligible,True,True,[]
SIMP-EN-0083__SIMP,SIMP-EN-0083,simplification_pair,simplified_text,SIMP-EN-0083,development_candidate_train,success,expert_verified,primary_train_eligible,True,True,[]
SIMP-EN-0084__ORIG,SIMP-EN-0084,simplification_pair,source_text,SIMP-EN-0084,development_candidate_train,success,expert_verified,primary_train_eligible,True,True,[]
SIMP-EN-0084__SIMP,SIMP-EN-0084,simplification_pair,simplified_text,SIMP-EN-0084,development_candidate_train,success,expert_verified,primary_train_eligible,True,True,[]
SIMP-EN-0085__ORIG,SIMP-EN-0085,simplification_pair,source_text,SIMP-EN-0085,development_candidate_train,success,expert_verified,primary_train_eligible,True,True,[]
SIMP-EN-0085__SIMP,SIMP-EN-0085,simplification_pair,simplified_text,SIMP-EN-0085,development_candidate_train,success,expert_verified,primary_train_eligible,True,True,[]
SIMP-EN-0086__ORIG,SIMP-EN-0086,simplification_pair,source_text,SIMP-EN-0086,development_candidate_train,success,expert_verified,primary_train_eligible,True,True,[]
SIMP-EN-0086__SIMP,SIMP-EN-0086,simplification_pair,simplified_text,SIMP-EN-0086,development_candidate_train,success,expert_verified,primary_train_eligible,True,True,[]
SIMP-EN-0087__ORIG,SIMP-EN-0087,simplification_pair,source_text,SIMP-EN-0087,development_candidate_train,success,expert_verified,primary_train_eligible,True,True,[]
SIMP-EN-0087__SIMP,SIMP-EN-0087,simplification_pair,simplified_text,SIMP-EN-0087,development_candidate_train,success,expert_verified,primary_train_eligible,True,True,[]
SIMP-EN-0088__ORIG,SIMP-EN-0088,simplification_pair,source_text,SIMP-EN-0088,development_candidate_train,success,expert_verified,primary_train_eligible,True,True,[]
SIMP-EN-0088__SIMP,SIMP-EN-0088,simplification_pair,simplified_text,SIMP-EN-0088,development_candidate_train,success,expert_verified,primary_train_eligible,True,True,[]
SIMP-EN-0089__ORIG,SIMP-EN-0089,simplification_pair,source_text,SIMP-EN-0089,development_candidate_train,success,expert_verified,primary_train_eligible,True,True,[]
SIMP-EN-0089__SIMP,SIMP-EN-0089,simplification_pair,simplified_text,SIMP-EN-0089,development_candidate_train,success,expert_verified,primary_train_eligible,True,True,[]
SIMP-EN-0090__ORIG,SIMP-EN-0090,simplification_pair,source_text,SIMP-EN-0090,development_candidate_train,success,expert_verified,primary_train_eligible,True,True,[]
SIMP-EN-0090__SIMP,SIMP-EN-0090,simplification_pair,simplified_text,SIMP-EN-0090,development_candidate_train,success,expert_verified,primary_train_eligible,True,True,[]
SIMP-EN-0091__ORIG,SIMP-EN-0091,simplification_pair,source_text,SIMP-EN-0091,development_candidate_train,success,expert_verified,primary_train_eligible,True,True,[]
SIMP-EN-0091__SIMP,SIMP-EN-0091,simplification_pair,simplified_text,SIMP-EN-0091,development_candidate_train,success,expert_verified,primary_train_eligible,True,True,[]
SIMP-EN-0092__ORIG,SIMP-EN-0092,simplification_pair,source_text,SIMP-EN-0092,development_candidate_train,success,expert_verified,primary_train_eligible,True,True,[]
SIMP-EN-0092__SIMP,SIMP-EN-0092,simplification_pair,simplified_text,SIMP-EN-0092,development_candidate_train,success,expert_verified,primary_train_eligible,True,True,[]
SIMP-EN-0093__ORIG,SIMP-EN-0093,simplification_pair,source_text,SIMP-EN-0093,development_candidate_train,manual_review_required,expert_verified,primary_train_eligible,True,True,[]
SIMP-EN-0093__SIMP,SIMP-EN-0093,simplification_pair,simplified_text,SIMP-EN-0093,development_candidate_train,success,expert_verified,primary_train_eligible,True,True,[]
SIMP-EN-0094__ORIG,SIMP-EN-0094,simplification_pair,source_text,SIMP-EN-0094,development_candidate_train,manual_review_required,expert_verified,primary_train_eligible,True,True,[]
SIMP-EN-0094__SIMP,SIMP-EN-0094,simplification_pair,simplified_text,SIMP-EN-0094,development_candidate_train,success,expert_verified,primary_train_eligible,True,True,[]
SIMP-EN-0095__ORIG,SIMP-EN-0095,simplification_pair,source_text,SIMP-EN-0095,development_candidate_train,manual_review_required,expert_verified,primary_train_eligible,True,True,[]
SIMP-EN-0095__SIMP,SIMP-EN-0095,simplification_pair,simplified_text,SIMP-EN-0095,development_candidate_train,success,expert_verified,primary_train_eligible,True,True,[]
SIMP-EN-0096__ORIG,SIMP-EN-0096,simplification_pair,source_text,SIMP-EN-0096,development_candidate_train,manual_review_required,expert_verified,primary_train_eligible,True,True,[]
SIMP-EN-0096__SIMP,SIMP-EN-0096,simplification_pair,simplified_text,SIMP-EN-0096,development_candidate_train,success,expert_verified,primary_train_eligible,True,True,[]
SIMP-EN-0097__ORIG,SIMP-EN-0097,simplification_pair,source_text,SIMP-EN-0097,development_candidate_train,success,expert_verified,primary_train_eligible,True,True,[]
SIMP-EN-0097__SIMP,SIMP-EN-0097,simplification_pair,simplified_text,SIMP-EN-0097,development_candidate_train,success,expert_verified,primary_train_eligible,True,True,[]
SIMP-EN-0098__ORIG,SIMP-EN-0098,simplification_pair,source_text,SIMP-EN-0098,development_candidate_train,success,expert_verified,primary_train_eligible,True,True,[]
SIMP-EN-0098__SIMP,SIMP-EN-0098,simplification_pair,simplified_text,SIMP-EN-0098,development_candidate_train,success,expert_verified,primary_train_eligible,True,True,[]
SIMP-EN-0099__ORIG,SIMP-EN-0099,simplification_pair,source_text,SIMP-EN-0099,development_candidate_train,success,expert_verified,primary_train_eligible,True,True,[]
SIMP-EN-0099__SIMP,SIMP-EN-0099,simplification_pair,simplified_text,SIMP-EN-0099,development_candidate_train,success,expert_verified,primary_train_eligible,True,True,[]
SIMP-EN-0100__ORIG,SIMP-EN-0100,simplification_pair,source_text,SIMP-EN-0100,development_candidate_train,success,expert_verified,primary_train_eligible,True,True,[]
SIMP-EN-0100__SIMP,SIMP-EN-0100,simplification_pair,simplified_text,SIMP-EN-0100,development_candidate_train,success,expert_verified,primary_train_eligible,True,True,[]
SIMP-EN-0101__ORIG,SIMP-EN-0101,simplification_pair,source_text,SIMP-EN-0101,development_candidate_train,success,expert_verified,primary_train_eligible,True,True,[]
SIMP-EN-0101__SIMP,SIMP-EN-0101,simplification_pair,simplified_text,SIMP-EN-0101,development_candidate_train,success,expert_verified,primary_train_eligible,True,True,[]
SIMP-EN-0102__ORIG,SIMP-EN-0102,simplification_pair,source_text,SIMP-EN-0102,development_candidate_train,success,expert_verified,primary_train_eligible,True,True,[]
SIMP-EN-0102__SIMP,SIMP-EN-0102,simplification_pair,simplified_text,SIMP-EN-0102,development_candidate_train,success,expert_verified,primary_train_eligible,True,True,[]
SIMP-EN-0103__ORIG,SIMP-EN-0103,simplification_pair,source_text,SIMP-EN-0103,development_candidate_train,success,expert_verified,primary_train_eligible,True,True,[]
SIMP-EN-0103__SIMP,SIMP-EN-0103,simplification_pair,simplified_text,SIMP-EN-0103,development_candidate_train,success,expert_verified,primary_train_eligible,True,True,[]
SIMP-EN-0104__ORIG,SIMP-EN-0104,simplification_pair,source_text,SIMP-EN-0104,development_candidate_train,success,expert_verified,primary_train_eligible,True,True,[]
SIMP-EN-0104__SIMP,SIMP-EN-0104,simplification_pair,simplified_text,SIMP-EN-0104,development_candidate_train,success,expert_verified,primary_train_eligible,True,True,[]
SIMP-EN-0105__ORIG,SIMP-EN-0105,simplification_pair,source_text,SIMP-EN-0105,development_candidate_train,success,expert_verified,primary_train_eligible,True,True,[]
SIMP-EN-0105__SIMP,SIMP-EN-0105,simplification_pair,simplified_text,SIMP-EN-0105,development_candidate_train,success,expert_verified,primary_train_eligible,True,True,[]
SIMP-EN-0106__ORIG,SIMP-EN-0106,simplification_pair,source_text,SIMP-EN-0106,development_candidate_train,success,expert_verified,primary_train_eligible,True,True,[]
SIMP-EN-0106__SIMP,SIMP-EN-0106,simplification_pair,simplified_text,SIMP-EN-0106,development_candidate_train,success,expert_verified,primary_train_eligible,True,True,[]
SIMP-EN-0107__ORIG,SIMP-EN-0107,simplification_pair,source_text,SIMP-EN-0107,development_candidate_train,success,expert_verified,primary_train_eligible,True,True,[]
SIMP-EN-0107__SIMP,SIMP-EN-0107,simplification_pair,simplified_text,SIMP-EN-0107,development_candidate_train,success,expert_verified,primary_train_eligible,True,True,[]
SIMP-EN-0108__ORIG,SIMP-EN-0108,simplification_pair,source_text,SIMP-EN-0108,development_candidate_train,success,expert_verified,primary_train_eligible,True,True,[]
SIMP-EN-0108__SIMP,SIMP-EN-0108,simplification_pair,simplified_text,SIMP-EN-0108,development_candidate_train,success,expert_verified,primary_train_eligible,True,True,[]
SIMP-EN-0109__ORIG,SIMP-EN-0109,simplification_pair,source_text,SIMP-EN-0109,development_candidate_train,success,expert_verified,primary_train_eligible,True,True,[]
SIMP-EN-0109__SIMP,SIMP-EN-0109,simplification_pair,simplified_text,SIMP-EN-0109,development_candidate_train,success,expert_verified,primary_train_eligible,True,True,[]
SIMP-EN-0110__ORIG,SIMP-EN-0110,simplification_pair,source_text,SIMP-EN-0110,development_candidate_train,success,expert_verified,primary_train_eligible,True,True,[]
SIMP-EN-0110__SIMP,SIMP-EN-0110,simplification_pair,simplified_text,SIMP-EN-0110,development_candidate_train,success,expert_verified,primary_train_eligible,True,True,[]
SIMP-EN-0111__ORIG,SIMP-EN-0111,simplification_pair,source_text,SIMP-EN-0111,development_candidate_train,success,expert_verified,primary_train_eligible,True,True,[]
SIMP-EN-0111__SIMP,SIMP-EN-0111,simplification_pair,simplified_text,SIMP-EN-0111,development_candidate_train,success,expert_verified,primary_train_eligible,True,True,[]
SIMP-EN-0112__ORIG,SIMP-EN-0112,simplification_pair,source_text,SIMP-EN-0112,development_candidate_train,success,expert_verified,primary_train_eligible,True,True,[]
SIMP-EN-0112__SIMP,SIMP-EN-0112,simplification_pair,simplified_text,SIMP-EN-0112,development_candidate_train,success,expert_verified,primary_train_eligible,True,True,[]
SIMP-EN-0113__ORIG,SIMP-EN-0113,simplification_pair,source_text,SIMP-EN-0113,development_candidate_train,success,expert_verified,primary_train_eligible,True,True,[]
SIMP-EN-0113__SIMP,SIMP-EN-0113,simplification_pair,simplified_text,SIMP-EN-0113,development_candidate_train,success,expert_verified,primary_train_eligible,True,True,[]
SIMP-EN-0114__ORIG,SIMP-EN-0114,simplification_pair,source_text,SIMP-EN-0114,development_candidate_train,success,expert_verified,primary_train_eligible,True,True,[]
SIMP-EN-0114__SIMP,SIMP-EN-0114,simplification_pair,simplified_text,SIMP-EN-0114,development_candidate_train,success,expert_verified,primary_train_eligible,True,True,[]
SIMP-EN-0115__ORIG,SIMP-EN-0115,simplification_pair,source_text,SIMP-EN-0115,development_candidate_train,success,expert_verified,primary_train_eligible,True,True,[]
SIMP-EN-0115__SIMP,SIMP-EN-0115,simplification_pair,simplified_text,SIMP-EN-0115,development_candidate_train,success,expert_verified,primary_train_eligible,True,True,[]
SIMP-EN-0116__ORIG,SIMP-EN-0116,simplification_pair,source_text,SIMP-EN-0116,development_candidate_train,success,expert_verified,primary_train_eligible,True,True,[]
SIMP-EN-0116__SIMP,SIMP-EN-0116,simplification_pair,simplified_text,SIMP-EN-0116,development_candidate_train,success,expert_verified,primary_train_eligible,True,True,[]
SIMP-EN-0117__ORIG,SIMP-EN-0117,simplification_pair,source_text,SIMP-EN-0117,development_candidate_train,success,expert_verified,primary_train_eligible,True,True,[]
SIMP-EN-0117__SIMP,SIMP-EN-0117,simplification_pair,simplified_text,SIMP-EN-0117,development_candidate_train,success,expert_verified,primary_train_eligible,True,True,[]
SIMP-EN-0118__ORIG,SIMP-EN-0118,simplification_pair,source_text,SIMP-EN-0118,development_candidate_train,success,expert_verified,primary_train_eligible,True,True,[]
SIMP-EN-0118__SIMP,SIMP-EN-0118,simplification_pair,simplified_text,SIMP-EN-0118,development_candidate_train,success,expert_verified,primary_train_eligible,True,True,[]
SIMP-EN-0119__ORIG,SIMP-EN-0119,simplification_pair,source_text,SIMP-EN-0119,development_candidate_train,success,expert_verified,primary_train_eligible,True,True,[]
SIMP-EN-0119__SIMP,SIMP-EN-0119,simplification_pair,simplified_text,SIMP-EN-0119,development_candidate_train,success,expert_verified,primary_train_eligible,True,True,[]
SIMP-EN-0120__ORIG,SIMP-EN-0120,simplification_pair,source_text,SIMP-EN-0120,development_candidate_train,success,expert_verified,primary_train_eligible,True,True,[]
SIMP-EN-0120__SIMP,SIMP-EN-0120,simplification_pair,simplified_text,SIMP-EN-0120,development_candidate_train,success,expert_verified,primary_train_eligible,True,True,[]
SIMP-EN-0121__ORIG,SIMP-EN-0121,simplification_pair,source_text,SIMP-EN-0121,development_candidate_train,success,expert_verified,primary_train_eligible,True,True,[]
SIMP-EN-0121__SIMP,SIMP-EN-0121,simplification_pair,simplified_text,SIMP-EN-0121,development_candidate_train,success,expert_verified,primary_train_eligible,True,True,[]
SIMP-EN-0122__ORIG,SIMP-EN-0122,simplification_pair,source_text,SIMP-EN-0122,development_candidate_train,success,expert_verified,primary_train_eligible,True,True,[]
SIMP-EN-0122__SIMP,SIMP-EN-0122,simplification_pair,simplified_text,SIMP-EN-0122,development_candidate_train,success,expert_verified,primary_train_eligible,True,True,[]
SIMP-EN-0123__ORIG,SIMP-EN-0123,simplification_pair,source_text,SIMP-EN-0123,development_candidate_train,success,expert_verified,primary_train_eligible,True,True,[]
SIMP-EN-0123__SIMP,SIMP-EN-0123,simplification_pair,simplified_text,SIMP-EN-0123,development_candidate_train,success,expert_verified,primary_train_eligible,True,True,[]
SIMP-EN-0124__ORIG,SIMP-EN-0124,simplification_pair,source_text,SIMP-EN-0124,development_candidate_train,success,expert_verified,primary_train_eligible,True,True,[]
SIMP-EN-0124__SIMP,SIMP-EN-0124,simplification_pair,simplified_text,SIMP-EN-0124,development_candidate_train,success,expert_verified,primary_train_eligible,True,True,[]
SIMP-EN-0125__ORIG,SIMP-EN-0125,simplification_pair,source_text,SIMP-EN-0125,development_candidate_train,success,expert_verified,primary_train_eligible,True,True,[]
SIMP-EN-0125__SIMP,SIMP-EN-0125,simplification_pair,simplified_text,SIMP-EN-0125,development_candidate_train,success,expert_verified,primary_train_eligible,True,True,[]
SIMP-EN-0126__ORIG,SIMP-EN-0126,simplification_pair,source_text,SIMP-EN-0126,development_candidate_train,success,expert_verified,primary_train_eligible,True,True,[]
SIMP-EN-0126__SIMP,SIMP-EN-0126,simplification_pair,simplified_text,SIMP-EN-0126,development_candidate_train,success,expert_verified,primary_train_eligible,True,True,[]
SIMP-EN-0127__ORIG,SIMP-EN-0127,simplification_pair,source_text,SIMP-EN-0127,development_candidate_train,success,expert_verified,primary_train_eligible,True,True,[]
SIMP-EN-0127__SIMP,SIMP-EN-0127,simplification_pair,simplified_text,SIMP-EN-0127,development_candidate_train,success,expert_verified,primary_train_eligible,True,True,[]
SIMP-EN-0128__ORIG,SIMP-EN-0128,simplification_pair,source_text,SIMP-EN-0128,development_candidate_train,success,expert_verified,primary_train_eligible,True,True,[]
SIMP-EN-0128__SIMP,SIMP-EN-0128,simplification_pair,simplified_text,SIMP-EN-0128,development_candidate_train,success,expert_verified,primary_train_eligible,True,True,[]
SIMP-EN-0129__ORIG,SIMP-EN-0129,simplification_pair,source_text,SIMP-EN-0129,development_candidate_train,success,expert_verified,primary_train_eligible,True,True,[]
SIMP-EN-0129__SIMP,SIMP-EN-0129,simplification_pair,simplified_text,SIMP-EN-0129,development_candidate_train,success,expert_verified,primary_train_eligible,True,True,[]
SIMP-EN-0130__ORIG,SIMP-EN-0130,simplification_pair,source_text,SIMP-EN-0130,development_candidate_train,success,expert_verified,primary_train_eligible,True,True,[]
SIMP-EN-0130__SIMP,SIMP-EN-0130,simplification_pair,simplified_text,SIMP-EN-0130,development_candidate_train,success,expert_verified,primary_train_eligible,True,True,[]
SIMP-EN-0131__ORIG,SIMP-EN-0131,simplification_pair,source_text,SIMP-EN-0131,development_candidate_train,success,expert_verified,primary_train_eligible,True,True,[]
SIMP-EN-0131__SIMP,SIMP-EN-0131,simplification_pair,simplified_text,SIMP-EN-0131,development_candidate_train,success,expert_verified,primary_train_eligible,True,True,[]
SIMP-EN-0132__ORIG,SIMP-EN-0132,simplification_pair,source_text,SIMP-EN-0132,development_candidate_train,success,expert_verified,primary_train_eligible,True,True,[]
SIMP-EN-0132__SIMP,SIMP-EN-0132,simplification_pair,simplified_text,SIMP-EN-0132,development_candidate_train,success,expert_verified,primary_train_eligible,True,True,[]
SIMP-EN-0133__ORIG,SIMP-EN-0133,simplification_pair,source_text,SIMP-EN-0133,development_candidate_train,success,expert_verified,primary_train_eligible,True,True,[]
SIMP-EN-0133__SIMP,SIMP-EN-0133,simplification_pair,simplified_text,SIMP-EN-0133,development_candidate_train,success,expert_verified,primary_train_eligible,True,True,[]
SIMP-EN-0134__ORIG,SIMP-EN-0134,simplification_pair,source_text,SIMP-EN-0134,development_candidate_train,success,expert_verified,primary_train_eligible,True,True,[]
SIMP-EN-0134__SIMP,SIMP-EN-0134,simplification_pair,simplified_text,SIMP-EN-0134,development_candidate_train,success,expert_verified,primary_train_eligible,True,True,[]
SIMP-EN-0135__ORIG,SIMP-EN-0135,simplification_pair,source_text,SIMP-EN-0135,development_candidate_train,success,expert_verified,primary_train_eligible,True,True,[]
SIMP-EN-0135__SIMP,SIMP-EN-0135,simplification_pair,simplified_text,SIMP-EN-0135,development_candidate_train,success,expert_verified,primary_train_eligible,True,True,[]
SIMP-EN-0136__ORIG,SIMP-EN-0136,simplification_pair,source_text,SIMP-EN-0136,development_candidate_train,success,expert_verified,primary_train_eligible,True,True,[]
SIMP-EN-0136__SIMP,SIMP-EN-0136,simplification_pair,simplified_text,SIMP-EN-0136,development_candidate_train,manual_review_required,expert_verified,primary_train_eligible,True,True,[]
SIMP-EN-0137__ORIG,SIMP-EN-0137,simplification_pair,source_text,SIMP-EN-0137,development_candidate_train,success,expert_verified,primary_train_eligible,True,True,[]
SIMP-EN-0137__SIMP,SIMP-EN-0137,simplification_pair,simplified_text,SIMP-EN-0137,development_candidate_train,success,expert_verified,primary_train_eligible,True,True,[]
SIMP-EN-0138__ORIG,SIMP-EN-0138,simplification_pair,source_text,SIMP-EN-0138,development_candidate_train,success,expert_verified,primary_train_eligible,True,True,[]
SIMP-EN-0138__SIMP,SIMP-EN-0138,simplification_pair,simplified_text,SIMP-EN-0138,development_candidate_train,success,expert_verified,primary_train_eligible,True,True,[]
SIMP-EN-0139__ORIG,SIMP-EN-0139,simplification_pair,source_text,SIMP-EN-0139,development_candidate_train,success,expert_verified,primary_train_eligible,True,True,[]
SIMP-EN-0139__SIMP,SIMP-EN-0139,simplification_pair,simplified_text,SIMP-EN-0139,development_candidate_train,success,expert_verified,primary_train_eligible,True,True,[]
SIMP-EN-0140__ORIG,SIMP-EN-0140,simplification_pair,source_text,SIMP-EN-0140,development_candidate_train,success,expert_verified,primary_train_eligible,True,True,[]
SIMP-EN-0140__SIMP,SIMP-EN-0140,simplification_pair,simplified_text,SIMP-EN-0140,development_candidate_train,success,expert_verified,primary_train_eligible,True,True,[]
SIMP-EN-0141__ORIG,SIMP-EN-0141,simplification_pair,source_text,SIMP-EN-0141,development_candidate_train,success,expert_verified,primary_train_eligible,True,True,[]
SIMP-EN-0141__SIMP,SIMP-EN-0141,simplification_pair,simplified_text,SIMP-EN-0141,development_candidate_train,success,expert_verified,primary_train_eligible,True,True,[]
SIMP-EN-0142__ORIG,SIMP-EN-0142,simplification_pair,source_text,SIMP-EN-0142,development_candidate_train,success,expert_verified,primary_train_eligible,True,True,[]
SIMP-EN-0142__SIMP,SIMP-EN-0142,simplification_pair,simplified_text,SIMP-EN-0142,development_candidate_train,success,expert_verified,primary_train_eligible,True,True,[]
SIMP-EN-0143__ORIG,SIMP-EN-0143,simplification_pair,source_text,SIMP-EN-0143,development_candidate_train,success,expert_verified,primary_train_eligible,True,True,[]
SIMP-EN-0143__SIMP,SIMP-EN-0143,simplification_pair,simplified_text,SIMP-EN-0143,development_candidate_train,success,expert_verified,primary_train_eligible,True,True,[]
SIMP-EN-0144__ORIG,SIMP-EN-0144,simplification_pair,source_text,SIMP-EN-0144,development_candidate_train,success,expert_verified,primary_train_eligible,True,True,[]
SIMP-EN-0144__SIMP,SIMP-EN-0144,simplification_pair,simplified_text,SIMP-EN-0144,development_candidate_train,success,expert_verified,primary_train_eligible,True,True,[]
SIMP-EN-0145__ORIG,SIMP-EN-0145,simplification_pair,source_text,SIMP-EN-0145,development_candidate_train,success,expert_verified,primary_train_eligible,True,True,[]
SIMP-EN-0145__SIMP,SIMP-EN-0145,simplification_pair,simplified_text,SIMP-EN-0145,development_candidate_train,success,expert_verified,primary_train_eligible,True,True,[]
SIMP-EN-0146__ORIG,SIMP-EN-0146,simplification_pair,source_text,SIMP-EN-0146,development_candidate_train,success,expert_verified,primary_train_eligible,True,True,[]
SIMP-EN-0146__SIMP,SIMP-EN-0146,simplification_pair,simplified_text,SIMP-EN-0146,development_candidate_train,success,expert_verified,primary_train_eligible,True,True,[]
SIMP-EN-0147__ORIG,SIMP-EN-0147,simplification_pair,source_text,SIMP-EN-0147,development_candidate_train,success,expert_verified,primary_train_eligible,True,True,[]
SIMP-EN-0147__SIMP,SIMP-EN-0147,simplification_pair,simplified_text,SIMP-EN-0147,development_candidate_train,success,expert_verified,primary_train_eligible,True,True,[]
SIMP-EN-0148__ORIG,SIMP-EN-0148,simplification_pair,source_text,SIMP-EN-0148,development_candidate_train,success,expert_verified,primary_train_eligible,True,True,[]
SIMP-EN-0148__SIMP,SIMP-EN-0148,simplification_pair,simplified_text,SIMP-EN-0148,development_candidate_train,success,expert_verified,primary_train_eligible,True,True,[]
SIMP-EN-0149__ORIG,SIMP-EN-0149,simplification_pair,source_text,SIMP-EN-0149,development_candidate_train,success,expert_verified,primary_train_eligible,True,True,[]
SIMP-EN-0149__SIMP,SIMP-EN-0149,simplification_pair,simplified_text,SIMP-EN-0149,development_candidate_train,success,expert_verified,primary_train_eligible,True,True,[]
SIMP-EN-0150__ORIG,SIMP-EN-0150,simplification_pair,source_text,SIMP-EN-0150,development_candidate_train,success,expert_verified,primary_train_eligible,True,True,[]
SIMP-EN-0150__SIMP,SIMP-EN-0150,simplification_pair,simplified_text,SIMP-EN-0150,development_candidate_train,manual_review_required,expert_verified,primary_train_eligible,True,True,[]
SIMP-EN-0151__ORIG,SIMP-EN-0151,simplification_pair,source_text,SIMP-EN-0151,development_candidate_train,success,expert_verified,primary_train_eligible,True,True,[]
SIMP-EN-0151__SIMP,SIMP-EN-0151,simplification_pair,simplified_text,SIMP-EN-0151,development_candidate_train,success,expert_verified,primary_train_eligible,True,True,[]
SIMP-EN-0152__ORIG,SIMP-EN-0152,simplification_pair,source_text,SIMP-EN-0152,development_candidate_train,success,expert_verified,primary_train_eligible,True,True,[]
SIMP-EN-0152__SIMP,SIMP-EN-0152,simplification_pair,simplified_text,SIMP-EN-0152,development_candidate_train,success,expert_verified,primary_train_eligible,True,True,[]
SIMP-EN-0153__ORIG,SIMP-EN-0153,simplification_pair,source_text,SIMP-EN-0153,development_candidate_train,success,expert_verified,primary_train_eligible,True,True,[]
SIMP-EN-0153__SIMP,SIMP-EN-0153,simplification_pair,simplified_text,SIMP-EN-0153,development_candidate_train,success,expert_verified,primary_train_eligible,True,True,[]
SIMP-EN-0154__ORIG,SIMP-EN-0154,simplification_pair,source_text,SIMP-EN-0154,development_candidate_train,success,expert_verified,primary_train_eligible,True,True,[]
SIMP-EN-0154__SIMP,SIMP-EN-0154,simplification_pair,simplified_text,SIMP-EN-0154,development_candidate_train,success,expert_verified,primary_train_eligible,True,True,[]
SIMP-EN-0155__ORIG,SIMP-EN-0155,simplification_pair,source_text,SIMP-EN-0155,development_candidate_train,success,expert_verified,primary_train_eligible,True,True,[]
SIMP-EN-0155__SIMP,SIMP-EN-0155,simplification_pair,simplified_text,SIMP-EN-0155,development_candidate_train,success,expert_verified,primary_train_eligible,True,True,[]
SIMP-EN-0156__ORIG,SIMP-EN-0156,simplification_pair,source_text,SIMP-EN-0156,development_candidate_train,success,expert_verified,primary_train_eligible,True,True,[]
SIMP-EN-0156__SIMP,SIMP-EN-0156,simplification_pair,simplified_text,SIMP-EN-0156,development_candidate_train,success,expert_verified,primary_train_eligible,True,True,[]
SIMP-EN-0157__ORIG,SIMP-EN-0157,simplification_pair,source_text,SIMP-EN-0157,development_candidate_train,success,expert_verified,primary_train_eligible,True,True,[]
SIMP-EN-0157__SIMP,SIMP-EN-0157,simplification_pair,simplified_text,SIMP-EN-0157,development_candidate_train,success,expert_verified,primary_train_eligible,True,True,[]
SIMP-EN-0158__ORIG,SIMP-EN-0158,simplification_pair,source_text,SIMP-EN-0158,development_candidate_train,success,expert_verified,primary_train_eligible,True,True,[]
SIMP-EN-0158__SIMP,SIMP-EN-0158,simplification_pair,simplified_text,SIMP-EN-0158,development_candidate_train,success,expert_verified,primary_train_eligible,True,True,[]
SIMP-EN-0159__ORIG,SIMP-EN-0159,simplification_pair,source_text,SIMP-EN-0159,development_candidate_train,success,expert_verified,primary_train_eligible,True,True,[]
SIMP-EN-0159__SIMP,SIMP-EN-0159,simplification_pair,simplified_text,SIMP-EN-0159,development_candidate_train,success,expert_verified,primary_train_eligible,True,True,[]
SIMP-EN-0160__ORIG,SIMP-EN-0160,simplification_pair,source_text,SIMP-EN-0160,development_candidate_train,success,expert_verified,primary_train_eligible,True,True,[]
SIMP-EN-0160__SIMP,SIMP-EN-0160,simplification_pair,simplified_text,SIMP-EN-0160,development_candidate_train,success,expert_verified,primary_train_eligible,True,True,[]
SIMP-EN-0161__ORIG,SIMP-EN-0161,simplification_pair,source_text,SIMP-EN-0161,development_candidate_train,success,expert_verified,primary_train_eligible,True,True,[]
SIMP-EN-0161__SIMP,SIMP-EN-0161,simplification_pair,simplified_text,SIMP-EN-0161,development_candidate_train,success,expert_verified,primary_train_eligible,True,True,[]
SIMP-EN-0162__ORIG,SIMP-EN-0162,simplification_pair,source_text,SIMP-EN-0162,development_candidate_train,success,expert_verified,primary_train_eligible,True,True,[]
SIMP-EN-0162__SIMP,SIMP-EN-0162,simplification_pair,simplified_text,SIMP-EN-0162,development_candidate_train,success,expert_verified,primary_train_eligible,True,True,[]
SIMP-EN-0163__ORIG,SIMP-EN-0163,simplification_pair,source_text,SIMP-EN-0163,development_candidate_train,success,expert_verified,primary_train_eligible,True,True,[]
SIMP-EN-0163__SIMP,SIMP-EN-0163,simplification_pair,simplified_text,SIMP-EN-0163,development_candidate_train,success,expert_verified,primary_train_eligible,True,True,[]
SIMP-EN-0164__ORIG,SIMP-EN-0164,simplification_pair,source_text,SIMP-EN-0164,development_candidate_train,success,expert_verified,primary_train_eligible,True,True,[]
SIMP-EN-0164__SIMP,SIMP-EN-0164,simplification_pair,simplified_text,SIMP-EN-0164,development_candidate_train,manual_review_required,expert_verified,primary_train_eligible,True,True,[]
SIMP-EN-0165__ORIG,SIMP-EN-0165,simplification_pair,source_text,SIMP-EN-0165,development_candidate_train,success,expert_verified,primary_train_eligible,True,True,[]
SIMP-EN-0165__SIMP,SIMP-EN-0165,simplification_pair,simplified_text,SIMP-EN-0165,development_candidate_train,success,expert_verified,primary_train_eligible,True,True,[]
SIMP-EN-0166__ORIG,SIMP-EN-0166,simplification_pair,source_text,SIMP-EN-0166,development_candidate_train,success,expert_verified,primary_train_eligible,True,True,[]
SIMP-EN-0166__SIMP,SIMP-EN-0166,simplification_pair,simplified_text,SIMP-EN-0166,development_candidate_train,success,expert_verified,primary_train_eligible,True,True,[]
SIMP-EN-0167__ORIG,SIMP-EN-0167,simplification_pair,source_text,SIMP-EN-0167,development_candidate_train,success,expert_verified,primary_train_eligible,True,True,[]
SIMP-EN-0167__SIMP,SIMP-EN-0167,simplification_pair,simplified_text,SIMP-EN-0167,development_candidate_train,success,expert_verified,primary_train_eligible,True,True,[]
SIMP-EN-0168__ORIG,SIMP-EN-0168,simplification_pair,source_text,SIMP-EN-0168,development_candidate_train,success,expert_verified,primary_train_eligible,True,True,[]
SIMP-EN-0168__SIMP,SIMP-EN-0168,simplification_pair,simplified_text,SIMP-EN-0168,development_candidate_train,success,expert_verified,primary_train_eligible,True,True,[]
SIMP-EN-0169__ORIG,SIMP-EN-0169,simplification_pair,source_text,SIMP-EN-0169,development_candidate_train,success,expert_verified,primary_train_eligible,True,True,[]
SIMP-EN-0169__SIMP,SIMP-EN-0169,simplification_pair,simplified_text,SIMP-EN-0169,development_candidate_train,success,expert_verified,primary_train_eligible,True,True,[]
SIMP-EN-0170__ORIG,SIMP-EN-0170,simplification_pair,source_text,SIMP-EN-0170,development_candidate_train,success,expert_verified,primary_train_eligible,True,True,[]
SIMP-EN-0170__SIMP,SIMP-EN-0170,simplification_pair,simplified_text,SIMP-EN-0170,development_candidate_train,success,expert_verified,primary_train_eligible,True,True,[]
SIMP-EN-0171__ORIG,SIMP-EN-0171,simplification_pair,source_text,SIMP-EN-0171,development_candidate_train,success,expert_verified,primary_train_eligible,True,True,[]
SIMP-EN-0171__SIMP,SIMP-EN-0171,simplification_pair,simplified_text,SIMP-EN-0171,development_candidate_train,success,expert_verified,primary_train_eligible,True,True,[]
SIMP-EN-0172__ORIG,SIMP-EN-0172,simplification_pair,source_text,SIMP-EN-0172,development_candidate_train,success,expert_verified,primary_train_eligible,True,True,[]
SIMP-EN-0172__SIMP,SIMP-EN-0172,simplification_pair,simplified_text,SIMP-EN-0172,development_candidate_train,success,expert_verified,primary_train_eligible,True,True,[]
SIMP-EN-0173__ORIG,SIMP-EN-0173,simplification_pair,source_text,SIMP-EN-0173,development_candidate_train,success,expert_verified,primary_train_eligible,True,True,[]
SIMP-EN-0173__SIMP,SIMP-EN-0173,simplification_pair,simplified_text,SIMP-EN-0173,development_candidate_train,success,expert_verified,primary_train_eligible,True,True,[]
SIMP-EN-0174__ORIG,SIMP-EN-0174,simplification_pair,source_text,SIMP-EN-0174,development_candidate_train,success,expert_verified,primary_train_eligible,True,True,[]
SIMP-EN-0174__SIMP,SIMP-EN-0174,simplification_pair,simplified_text,SIMP-EN-0174,development_candidate_train,success,expert_verified,primary_train_eligible,True,True,[]
SIMP-EN-0175__ORIG,SIMP-EN-0175,simplification_pair,source_text,SIMP-EN-0175,development_candidate_train,success,expert_verified,primary_train_eligible,True,True,[]
SIMP-EN-0175__SIMP,SIMP-EN-0175,simplification_pair,simplified_text,SIMP-EN-0175,development_candidate_train,success,expert_verified,primary_train_eligible,True,True,[]
SIMP-EN-0176__ORIG,SIMP-EN-0176,simplification_pair,source_text,SIMP-EN-0176,development_candidate_train,success,expert_verified,primary_train_eligible,True,True,[]
SIMP-EN-0176__SIMP,SIMP-EN-0176,simplification_pair,simplified_text,SIMP-EN-0176,development_candidate_train,success,expert_verified,primary_train_eligible,True,True,[]
SIMP-EN-0177__ORIG,SIMP-EN-0177,simplification_pair,source_text,SIMP-EN-0177,development_candidate_train,success,expert_verified,primary_train_eligible,True,True,[]
SIMP-EN-0177__SIMP,SIMP-EN-0177,simplification_pair,simplified_text,SIMP-EN-0177,development_candidate_train,success,expert_verified,primary_train_eligible,True,True,[]
SIMP-EN-0178__ORIG,SIMP-EN-0178,simplification_pair,source_text,SIMP-EN-0178,development_candidate_train,success,expert_verified,primary_train_eligible,True,True,[]
SIMP-EN-0178__SIMP,SIMP-EN-0178,simplification_pair,simplified_text,SIMP-EN-0178,development_candidate_train,manual_review_required,expert_verified,primary_train_eligible,True,True,[]
SIMP-EN-0179__ORIG,SIMP-EN-0179,simplification_pair,source_text,SIMP-EN-0179,development_candidate_train,success,expert_verified,primary_train_eligible,True,True,[]
SIMP-EN-0179__SIMP,SIMP-EN-0179,simplification_pair,simplified_text,SIMP-EN-0179,development_candidate_train,success,expert_verified,primary_train_eligible,True,True,[]
SIMP-EN-0180__ORIG,SIMP-EN-0180,simplification_pair,source_text,SIMP-EN-0180,development_candidate_train,success,expert_verified,primary_train_eligible,True,True,[]
SIMP-EN-0180__SIMP,SIMP-EN-0180,simplification_pair,simplified_text,SIMP-EN-0180,development_candidate_train,success,expert_verified,primary_train_eligible,True,True,[]
SIMP-EN-0181__ORIG,SIMP-EN-0181,simplification_pair,source_text,SIMP-EN-0181,development_candidate_train,success,expert_verified,primary_train_eligible,True,True,[]
SIMP-EN-0181__SIMP,SIMP-EN-0181,simplification_pair,simplified_text,SIMP-EN-0181,development_candidate_train,success,expert_verified,primary_train_eligible,True,True,[]
SIMP-EN-0182__ORIG,SIMP-EN-0182,simplification_pair,source_text,SIMP-EN-0182,development_candidate_train,success,expert_verified,primary_train_eligible,True,True,[]
SIMP-EN-0182__SIMP,SIMP-EN-0182,simplification_pair,simplified_text,SIMP-EN-0182,development_candidate_train,success,expert_verified,primary_train_eligible,True,True,[]
SIMP-EN-0183__ORIG,SIMP-EN-0183,simplification_pair,source_text,SIMP-EN-0183,development_candidate_train,success,expert_verified,primary_train_eligible,True,True,[]
SIMP-EN-0183__SIMP,SIMP-EN-0183,simplification_pair,simplified_text,SIMP-EN-0183,development_candidate_train,success,expert_verified,primary_train_eligible,True,True,[]
SIMP-EN-0184__ORIG,SIMP-EN-0184,simplification_pair,source_text,SIMP-EN-0184,development_candidate_train,success,expert_verified,primary_train_eligible,True,True,[]
SIMP-EN-0184__SIMP,SIMP-EN-0184,simplification_pair,simplified_text,SIMP-EN-0184,development_candidate_train,success,expert_verified,primary_train_eligible,True,True,[]
SIMP-EN-0185__ORIG,SIMP-EN-0185,simplification_pair,source_text,SIMP-EN-0185,development_candidate_train,success,expert_verified,primary_train_eligible,True,True,[]
SIMP-EN-0185__SIMP,SIMP-EN-0185,simplification_pair,simplified_text,SIMP-EN-0185,development_candidate_train,success,expert_verified,primary_train_eligible,True,True,[]
SIMP-EN-0186__ORIG,SIMP-EN-0186,simplification_pair,source_text,SIMP-EN-0186,development_candidate_train,success,expert_verified,primary_train_eligible,True,True,[]
SIMP-EN-0186__SIMP,SIMP-EN-0186,simplification_pair,simplified_text,SIMP-EN-0186,development_candidate_train,success,expert_verified,primary_train_eligible,True,True,[]
SIMP-EN-0187__ORIG,SIMP-EN-0187,simplification_pair,source_text,SIMP-EN-0187,development_candidate_train,success,expert_verified,primary_train_eligible,True,True,[]
SIMP-EN-0187__SIMP,SIMP-EN-0187,simplification_pair,simplified_text,SIMP-EN-0187,development_candidate_train,success,expert_verified,primary_train_eligible,True,True,[]
SIMP-EN-0188__ORIG,SIMP-EN-0188,simplification_pair,source_text,SIMP-EN-0188,development_candidate_train,success,expert_verified,primary_train_eligible,True,True,[]
SIMP-EN-0188__SIMP,SIMP-EN-0188,simplification_pair,simplified_text,SIMP-EN-0188,development_candidate_train,success,expert_verified,primary_train_eligible,True,True,[]
SIMP-EN-0189__ORIG,SIMP-EN-0189,simplification_pair,source_text,SIMP-EN-0189,development_candidate_train,success,expert_verified,primary_train_eligible,True,True,[]
SIMP-EN-0189__SIMP,SIMP-EN-0189,simplification_pair,simplified_text,SIMP-EN-0189,development_candidate_train,success,expert_verified,primary_train_eligible,True,True,[]
SIMP-EN-0190__ORIG,SIMP-EN-0190,simplification_pair,source_text,SIMP-EN-0190,development_candidate_train,success,expert_verified,primary_train_eligible,True,True,[]
SIMP-EN-0190__SIMP,SIMP-EN-0190,simplification_pair,simplified_text,SIMP-EN-0190,development_candidate_train,success,expert_verified,primary_train_eligible,True,True,[]
SIMP-EN-0191__ORIG,SIMP-EN-0191,simplification_pair,source_text,SIMP-EN-0191,development_candidate_train,success,expert_verified,primary_train_eligible,True,True,[]
SIMP-EN-0191__SIMP,SIMP-EN-0191,simplification_pair,simplified_text,SIMP-EN-0191,development_candidate_train,success,expert_verified,primary_train_eligible,True,True,[]
SIMP-EN-0192__ORIG,SIMP-EN-0192,simplification_pair,source_text,SIMP-EN-0192,development_candidate_train,success,expert_verified,primary_train_eligible,True,True,[]
SIMP-EN-0192__SIMP,SIMP-EN-0192,simplification_pair,simplified_text,SIMP-EN-0192,development_candidate_train,manual_review_required,expert_verified,primary_train_eligible,True,True,[]
SIMP-EN-0193__ORIG,SIMP-EN-0193,simplification_pair,source_text,SIMP-EN-0193,development_candidate_train,success,expert_verified,primary_train_eligible,True,True,[]
SIMP-EN-0193__SIMP,SIMP-EN-0193,simplification_pair,simplified_text,SIMP-EN-0193,development_candidate_train,success,expert_verified,primary_train_eligible,True,True,[]
SIMP-EN-0194__ORIG,SIMP-EN-0194,simplification_pair,source_text,SIMP-EN-0194,development_candidate_train,success,expert_verified,primary_train_eligible,True,True,[]
SIMP-EN-0194__SIMP,SIMP-EN-0194,simplification_pair,simplified_text,SIMP-EN-0194,development_candidate_train,success,expert_verified,primary_train_eligible,True,True,[]
SIMP-EN-0195__ORIG,SIMP-EN-0195,simplification_pair,source_text,SIMP-EN-0195,development_candidate_train,success,expert_verified,primary_train_eligible,True,True,[]
SIMP-EN-0195__SIMP,SIMP-EN-0195,simplification_pair,simplified_text,SIMP-EN-0195,development_candidate_train,success,expert_verified,primary_train_eligible,True,True,[]
SIMP-EN-0196__ORIG,SIMP-EN-0196,simplification_pair,source_text,SIMP-EN-0196,development_candidate_train,success,expert_verified,primary_train_eligible,True,True,[]
SIMP-EN-0196__SIMP,SIMP-EN-0196,simplification_pair,simplified_text,SIMP-EN-0196,development_candidate_train,success,expert_verified,primary_train_eligible,True,True,[]
SIMP-EN-0197__ORIG,SIMP-EN-0197,simplification_pair,source_text,SIMP-EN-0197,development_candidate_train,success,expert_verified,primary_train_eligible,True,True,[]
SIMP-EN-0197__SIMP,SIMP-EN-0197,simplification_pair,simplified_text,SIMP-EN-0197,development_candidate_train,success,expert_verified,primary_train_eligible,True,True,[]
SIMP-EN-0198__ORIG,SIMP-EN-0198,simplification_pair,source_text,SIMP-EN-0198,development_candidate_train,success,expert_verified,primary_train_eligible,True,True,[]
SIMP-EN-0198__SIMP,SIMP-EN-0198,simplification_pair,simplified_text,SIMP-EN-0198,development_candidate_train,success,expert_verified,primary_train_eligible,True,True,[]
SIMP-EN-0199__ORIG,SIMP-EN-0199,simplification_pair,source_text,SIMP-EN-0199,development_candidate_train,success,expert_verified,primary_train_eligible,True,True,[]
SIMP-EN-0199__SIMP,SIMP-EN-0199,simplification_pair,simplified_text,SIMP-EN-0199,development_candidate_train,success,expert_verified,primary_train_eligible,True,True,[]
SIMP-EN-0200__ORIG,SIMP-EN-0200,simplification_pair,source_text,SIMP-EN-0200,development_candidate_train,success,expert_verified,primary_train_eligible,True,True,[]
SIMP-EN-0200__SIMP,SIMP-EN-0200,simplification_pair,simplified_text,SIMP-EN-0200,development_candidate_train,success,expert_verified,primary_train_eligible,True,True,[]
SIMP-EN-0201__ORIG,SIMP-EN-0201,simplification_pair,source_text,SIMP-EN-0201,development_candidate_train,success,expert_verified,primary_train_eligible,True,True,[]
SIMP-EN-0201__SIMP,SIMP-EN-0201,simplification_pair,simplified_text,SIMP-EN-0201,development_candidate_train,success,expert_verified,primary_train_eligible,True,True,[]
SIMP-EN-0202__ORIG,SIMP-EN-0202,simplification_pair,source_text,SIMP-EN-0202,development_candidate_train,success,expert_verified,primary_train_eligible,True,True,[]
SIMP-EN-0202__SIMP,SIMP-EN-0202,simplification_pair,simplified_text,SIMP-EN-0202,development_candidate_train,success,expert_verified,primary_train_eligible,True,True,[]
SIMP-EN-0203__ORIG,SIMP-EN-0203,simplification_pair,source_text,SIMP-EN-0203,development_candidate_train,success,expert_verified,primary_train_eligible,True,True,[]
SIMP-EN-0203__SIMP,SIMP-EN-0203,simplification_pair,simplified_text,SIMP-EN-0203,development_candidate_train,success,expert_verified,primary_train_eligible,True,True,[]
SIMP-EN-0204__ORIG,SIMP-EN-0204,simplification_pair,source_text,SIMP-EN-0204,development_candidate_train,success,expert_verified,primary_train_eligible,True,True,[]
SIMP-EN-0204__SIMP,SIMP-EN-0204,simplification_pair,simplified_text,SIMP-EN-0204,development_candidate_train,success,expert_verified,primary_train_eligible,True,True,[]
SIMP-EN-0205__ORIG,SIMP-EN-0205,simplification_pair,source_text,SIMP-EN-0205,development_candidate_train,success,expert_verified,primary_train_eligible,True,True,[]
SIMP-EN-0205__SIMP,SIMP-EN-0205,simplification_pair,simplified_text,SIMP-EN-0205,development_candidate_train,success,expert_verified,primary_train_eligible,True,True,[]
SIMP-EN-0206__ORIG,SIMP-EN-0206,simplification_pair,source_text,SIMP-EN-0206,development_candidate_train,success,expert_verified,primary_train_eligible,True,True,[]
SIMP-EN-0206__SIMP,SIMP-EN-0206,simplification_pair,simplified_text,SIMP-EN-0206,development_candidate_train,manual_review_required,expert_verified,primary_train_eligible,True,True,[]
SIMP-EN-0207__ORIG,SIMP-EN-0207,simplification_pair,source_text,SIMP-EN-0207,development_candidate_train,success,expert_verified,primary_train_eligible,True,True,[]
SIMP-EN-0207__SIMP,SIMP-EN-0207,simplification_pair,simplified_text,SIMP-EN-0207,development_candidate_train,success,expert_verified,primary_train_eligible,True,True,[]
SIMP-EN-0208__ORIG,SIMP-EN-0208,simplification_pair,source_text,SIMP-EN-0208,development_candidate_train,success,expert_verified,primary_train_eligible,True,True,[]
SIMP-EN-0208__SIMP,SIMP-EN-0208,simplification_pair,simplified_text,SIMP-EN-0208,development_candidate_train,success,expert_verified,primary_train_eligible,True,True,[]
SIMP-EN-0209__ORIG,SIMP-EN-0209,simplification_pair,source_text,SIMP-EN-0209,development_candidate_train,success,expert_verified,primary_train_eligible,True,True,[]
SIMP-EN-0209__SIMP,SIMP-EN-0209,simplification_pair,simplified_text,SIMP-EN-0209,development_candidate_train,success,expert_verified,primary_train_eligible,True,True,[]
SIMP-EN-0210__ORIG,SIMP-EN-0210,simplification_pair,source_text,SIMP-EN-0210,development_candidate_train,success,expert_verified,primary_train_eligible,True,True,[]
SIMP-EN-0210__SIMP,SIMP-EN-0210,simplification_pair,simplified_text,SIMP-EN-0210,development_candidate_train,success,expert_verified,primary_train_eligible,True,True,[]
SIMP-EN-000300__ORIG,SIMP-EN-000300,simplification_pair,source_text,SIMP-EN-000300,development_candidate_train,success,expert_verified,primary_train_eligible,True,True,[]
SIMP-EN-000300__SIMP,SIMP-EN-000300,simplification_pair,simplified_text,SIMP-EN-000300,development_candidate_train,success,missing,missing_or_conflicting_label,False,False,['Label status is missing']
SIMP-EN-000301__ORIG,SIMP-EN-000301,simplification_pair,source_text,SIMP-EN-000301,development_candidate_train,success,expert_verified,primary_train_eligible,True,True,[]
SIMP-EN-000301__SIMP,SIMP-EN-000301,simplification_pair,simplified_text,SIMP-EN-000301,development_candidate_train,success,missing,missing_or_conflicting_label,False,False,['Label status is missing']
SIMP-EN-000302__ORIG,SIMP-EN-000302,simplification_pair,source_text,SIMP-EN-000302,development_candidate_train,success,expert_verified,primary_train_eligible,True,True,[]
SIMP-EN-000302__SIMP,SIMP-EN-000302,simplification_pair,simplified_text,SIMP-EN-000302,development_candidate_train,success,missing,missing_or_conflicting_label,False,False,['Label status is missing']
SIMP-EN-000303__ORIG,SIMP-EN-000303,simplification_pair,source_text,SIMP-EN-000303,development_candidate_train,success,expert_verified,primary_train_eligible,True,True,[]
SIMP-EN-000303__SIMP,SIMP-EN-000303,simplification_pair,simplified_text,SIMP-EN-000303,development_candidate_train,success,missing,missing_or_conflicting_label,False,False,['Label status is missing']
SIMP-EN-000304__ORIG,SIMP-EN-000304,simplification_pair,source_text,SIMP-EN-000304,development_candidate_train,success,expert_verified,primary_train_eligible,True,True,[]
SIMP-EN-000304__SIMP,SIMP-EN-000304,simplification_pair,simplified_text,SIMP-EN-000304,development_candidate_train,success,missing,missing_or_conflicting_label,False,False,['Label status is missing']
SIMP-EN-000305__ORIG,SIMP-EN-000305,simplification_pair,source_text,SIMP-EN-000305,development_candidate_train,success,expert_verified,primary_train_eligible,True,True,[]
SIMP-EN-000305__SIMP,SIMP-EN-000305,simplification_pair,simplified_text,SIMP-EN-000305,development_candidate_train,success,missing,missing_or_conflicting_label,False,False,['Label status is missing']
SIMP-EN-000306__ORIG,SIMP-EN-000306,simplification_pair,source_text,SIMP-EN-000306,development_candidate_train,success,expert_verified,primary_train_eligible,True,True,[]
SIMP-EN-000306__SIMP,SIMP-EN-000306,simplification_pair,simplified_text,SIMP-EN-000306,development_candidate_train,success,missing,missing_or_conflicting_label,False,False,['Label status is missing']
SIMP-EN-000307__ORIG,SIMP-EN-000307,simplification_pair,source_text,SIMP-EN-000307,development_candidate_train,success,expert_verified,primary_train_eligible,True,True,[]
SIMP-EN-000307__SIMP,SIMP-EN-000307,simplification_pair,simplified_text,SIMP-EN-000307,development_candidate_train,success,missing,missing_or_conflicting_label,False,False,['Label status is missing']
SIMP-EN-000308__ORIG,SIMP-EN-000308,simplification_pair,source_text,SIMP-EN-000308,development_candidate_train,success,expert_verified,primary_train_eligible,True,True,[]
SIMP-EN-000308__SIMP,SIMP-EN-000308,simplification_pair,simplified_text,SIMP-EN-000308,development_candidate_train,success,missing,missing_or_conflicting_label,False,False,['Label status is missing']
SIMP-EN-000309__ORIG,SIMP-EN-000309,simplification_pair,source_text,SIMP-EN-000309,development_candidate_test,skipped_locked_test,expert_verified,locked_test,False,False,['Locked candidate test split quarantined']
SIMP-EN-000309__SIMP,SIMP-EN-000309,simplification_pair,simplified_text,SIMP-EN-000309,development_candidate_test,skipped_locked_test,missing,locked_test,False,False,['Locked candidate test split quarantined']
SIMP-EN-000310__ORIG,SIMP-EN-000310,simplification_pair,source_text,SIMP-EN-000310,development_candidate_test,skipped_locked_test,expert_verified,locked_test,False,False,['Locked candidate test split quarantined']
SIMP-EN-000310__SIMP,SIMP-EN-000310,simplification_pair,simplified_text,SIMP-EN-000310,development_candidate_test,skipped_locked_test,missing,locked_test,False,False,['Locked candidate test split quarantined']
SIMP-EN-000311__ORIG,SIMP-EN-000311,simplification_pair,source_text,SIMP-EN-000311,development_candidate_test,skipped_locked_test,expert_verified,locked_test,False,False,['Locked candidate test split quarantined']
SIMP-EN-000311__SIMP,SIMP-EN-000311,simplification_pair,simplified_text,SIMP-EN-000311,development_candidate_test,skipped_locked_test,missing,locked_test,False,False,['Locked candidate test split quarantined']
SIMP-EN-000312__ORIG,SIMP-EN-000312,simplification_pair,source_text,SIMP-EN-000312,development_candidate_train,success,expert_verified,primary_train_eligible,True,True,[]
SIMP-EN-000312__SIMP,SIMP-EN-000312,simplification_pair,simplified_text,SIMP-EN-000312,development_candidate_train,success,missing,missing_or_conflicting_label,False,False,['Label status is missing']
SIMP-EN-000313__ORIG,SIMP-EN-000313,simplification_pair,source_text,SIMP-EN-000313,development_candidate_train,success,expert_verified,primary_train_eligible,True,True,[]
SIMP-EN-000313__SIMP,SIMP-EN-000313,simplification_pair,simplified_text,SIMP-EN-000313,development_candidate_train,success,missing,missing_or_conflicting_label,False,False,['Label status is missing']
SIMP-EN-000314__ORIG,SIMP-EN-000314,simplification_pair,source_text,SIMP-EN-000314,development_candidate_train,success,expert_verified,primary_train_eligible,True,True,[]
SIMP-EN-000314__SIMP,SIMP-EN-000314,simplification_pair,simplified_text,SIMP-EN-000314,development_candidate_train,success,missing,missing_or_conflicting_label,False,False,['Label status is missing']
SIMP-EN-000315__ORIG,SIMP-EN-000315,simplification_pair,source_text,SIMP-EN-000315,development_candidate_train,success,expert_verified,primary_train_eligible,True,True,[]
SIMP-EN-000315__SIMP,SIMP-EN-000315,simplification_pair,simplified_text,SIMP-EN-000315,development_candidate_train,success,missing,missing_or_conflicting_label,False,False,['Label status is missing']
SIMP-EN-000316__ORIG,SIMP-EN-000316,simplification_pair,source_text,SIMP-EN-000316,development_candidate_train,success,expert_verified,primary_train_eligible,True,True,[]
SIMP-EN-000316__SIMP,SIMP-EN-000316,simplification_pair,simplified_text,SIMP-EN-000316,development_candidate_train,success,missing,missing_or_conflicting_label,False,False,['Label status is missing']
SIMP-EN-000317__ORIG,SIMP-EN-000317,simplification_pair,source_text,SIMP-EN-000317,development_candidate_train,success,expert_verified,primary_train_eligible,True,True,[]
SIMP-EN-000317__SIMP,SIMP-EN-000317,simplification_pair,simplified_text,SIMP-EN-000317,development_candidate_train,success,missing,missing_or_conflicting_label,False,False,['Label status is missing']
SIMP-EN-000318__ORIG,SIMP-EN-000318,simplification_pair,source_text,SIMP-EN-000318,development_candidate_train,success,expert_verified,primary_train_eligible,True,True,[]
SIMP-EN-000318__SIMP,SIMP-EN-000318,simplification_pair,simplified_text,SIMP-EN-000318,development_candidate_train,success,missing,missing_or_conflicting_label,False,False,['Label status is missing']
SIMP-EN-000319__ORIG,SIMP-EN-000319,simplification_pair,source_text,SIMP-EN-000319,development_candidate_train,success,expert_verified,primary_train_eligible,True,True,[]
SIMP-EN-000319__SIMP,SIMP-EN-000319,simplification_pair,simplified_text,SIMP-EN-000319,development_candidate_train,success,missing,missing_or_conflicting_label,False,False,['Label status is missing']
SIMP-EN-000320__ORIG,SIMP-EN-000320,simplification_pair,source_text,SIMP-EN-000320,development_candidate_train,success,expert_verified,primary_train_eligible,True,True,[]
SIMP-EN-000320__SIMP,SIMP-EN-000320,simplification_pair,simplified_text,SIMP-EN-000320,development_candidate_train,success,missing,missing_or_conflicting_label,False,False,['Label status is missing']
SIMP-EN-000321__ORIG,SIMP-EN-000321,simplification_pair,source_text,SIMP-EN-000321,development_candidate_train,success,expert_verified,primary_train_eligible,True,True,[]
SIMP-EN-000321__SIMP,SIMP-EN-000321,simplification_pair,simplified_text,SIMP-EN-000321,development_candidate_train,success,missing,missing_or_conflicting_label,False,False,['Label status is missing']
SIMP-EN-000322__ORIG,SIMP-EN-000322,simplification_pair,source_text,SIMP-EN-000322,development_candidate_train,success,expert_verified,primary_train_eligible,True,True,[]
SIMP-EN-000322__SIMP,SIMP-EN-000322,simplification_pair,simplified_text,SIMP-EN-000322,development_candidate_train,success,missing,missing_or_conflicting_label,False,False,['Label status is missing']
SIMP-EN-000323__ORIG,SIMP-EN-000323,simplification_pair,source_text,SIMP-EN-000323,development_candidate_train,success,expert_verified,primary_train_eligible,True,True,[]
SIMP-EN-000323__SIMP,SIMP-EN-000323,simplification_pair,simplified_text,SIMP-EN-000323,development_candidate_train,success,missing,missing_or_conflicting_label,False,False,['Label status is missing']
SIMP-EN-000324__ORIG,SIMP-EN-000324,simplification_pair,source_text,SIMP-EN-000324,development_candidate_train,success,expert_verified,primary_train_eligible,True,True,[]
SIMP-EN-000324__SIMP,SIMP-EN-000324,simplification_pair,simplified_text,SIMP-EN-000324,development_candidate_train,success,missing,missing_or_conflicting_label,False,False,['Label status is missing']
SIMP-EN-000325__ORIG,SIMP-EN-000325,simplification_pair,source_text,SIMP-EN-000325,development_candidate_train,success,expert_verified,primary_train_eligible,True,True,[]
SIMP-EN-000325__SIMP,SIMP-EN-000325,simplification_pair,simplified_text,SIMP-EN-000325,development_candidate_train,success,missing,missing_or_conflicting_label,False,False,['Label status is missing']
SIMP-EN-000326__ORIG,SIMP-EN-000326,simplification_pair,source_text,SIMP-EN-000326,development_candidate_train,success,expert_verified,primary_train_eligible,True,True,[]
SIMP-EN-000326__SIMP,SIMP-EN-000326,simplification_pair,simplified_text,SIMP-EN-000326,development_candidate_train,success,missing,missing_or_conflicting_label,False,False,['Label status is missing']
SIMP-EN-000327__ORIG,SIMP-EN-000327,simplification_pair,source_text,SIMP-EN-000327,development_candidate_train,success,expert_verified,primary_train_eligible,True,True,[]
SIMP-EN-000327__SIMP,SIMP-EN-000327,simplification_pair,simplified_text,SIMP-EN-000327,development_candidate_train,success,missing,missing_or_conflicting_label,False,False,['Label status is missing']
SIMP-EN-000328__ORIG,SIMP-EN-000328,simplification_pair,source_text,SIMP-EN-000328,development_candidate_train,success,expert_verified,primary_train_eligible,True,True,[]
SIMP-EN-000328__SIMP,SIMP-EN-000328,simplification_pair,simplified_text,SIMP-EN-000328,development_candidate_train,success,missing,missing_or_conflicting_label,False,False,['Label status is missing']
SIMP-EN-000329__ORIG,SIMP-EN-000329,simplification_pair,source_text,SIMP-EN-000329,development_candidate_train,success,expert_verified,primary_train_eligible,True,True,[]
SIMP-EN-000329__SIMP,SIMP-EN-000329,simplification_pair,simplified_text,SIMP-EN-000329,development_candidate_train,success,missing,missing_or_conflicting_label,False,False,['Label status is missing']
SIMP-EN-000330__ORIG,SIMP-EN-000330,simplification_pair,source_text,SIMP-EN-000330,development_candidate_train,success,expert_verified,primary_train_eligible,True,True,[]
SIMP-EN-000330__SIMP,SIMP-EN-000330,simplification_pair,simplified_text,SIMP-EN-000330,development_candidate_train,success,missing,missing_or_conflicting_label,False,False,['Label status is missing']
SIMP-EN-000331__ORIG,SIMP-EN-000331,simplification_pair,source_text,SIMP-EN-000331,development_candidate_train,success,expert_verified,primary_train_eligible,True,True,[]
SIMP-EN-000331__SIMP,SIMP-EN-000331,simplification_pair,simplified_text,SIMP-EN-000331,development_candidate_train,success,missing,missing_or_conflicting_label,False,False,['Label status is missing']
SIMP-EN-000332__ORIG,SIMP-EN-000332,simplification_pair,source_text,SIMP-EN-000332,development_candidate_train,success,expert_verified,primary_train_eligible,True,True,[]
SIMP-EN-000332__SIMP,SIMP-EN-000332,simplification_pair,simplified_text,SIMP-EN-000332,development_candidate_train,success,missing,missing_or_conflicting_label,False,False,['Label status is missing']
SIMP-EN-000333__ORIG,SIMP-EN-000333,simplification_pair,source_text,SIMP-EN-000333,development_candidate_validation,success,expert_verified,primary_validation_eligible,False,False,[]
SIMP-EN-000333__SIMP,SIMP-EN-000333,simplification_pair,simplified_text,SIMP-EN-000333,development_candidate_validation,success,missing,missing_or_conflicting_label,False,False,['Label status is missing']
SIMP-EN-000334__ORIG,SIMP-EN-000334,simplification_pair,source_text,SIMP-EN-000334,development_candidate_validation,success,expert_verified,primary_validation_eligible,False,False,[]
SIMP-EN-000334__SIMP,SIMP-EN-000334,simplification_pair,simplified_text,SIMP-EN-000334,development_candidate_validation,success,missing,missing_or_conflicting_label,False,False,['Label status is missing']
SIMP-EN-000335__ORIG,SIMP-EN-000335,simplification_pair,source_text,SIMP-EN-000335,development_candidate_validation,success,expert_verified,primary_validation_eligible,False,False,[]
SIMP-EN-000335__SIMP,SIMP-EN-000335,simplification_pair,simplified_text,SIMP-EN-000335,development_candidate_validation,success,missing,missing_or_conflicting_label,False,False,['Label status is missing']
SIMP-EN-000336__ORIG,SIMP-EN-000336,simplification_pair,source_text,SIMP-EN-000336,development_candidate_test,skipped_locked_test,expert_verified,locked_test,False,False,['Locked candidate test split quarantined']
SIMP-EN-000336__SIMP,SIMP-EN-000336,simplification_pair,simplified_text,SIMP-EN-000336,development_candidate_test,skipped_locked_test,missing,locked_test,False,False,['Locked candidate test split quarantined']
SIMP-EN-000337__ORIG,SIMP-EN-000337,simplification_pair,source_text,SIMP-EN-000337,development_candidate_test,skipped_locked_test,expert_verified,locked_test,False,False,['Locked candidate test split quarantined']
SIMP-EN-000337__SIMP,SIMP-EN-000337,simplification_pair,simplified_text,SIMP-EN-000337,development_candidate_test,skipped_locked_test,missing,locked_test,False,False,['Locked candidate test split quarantined']
SIMP-EN-000338__ORIG,SIMP-EN-000338,simplification_pair,source_text,SIMP-EN-000338,development_candidate_test,skipped_locked_test,expert_verified,locked_test,False,False,['Locked candidate test split quarantined']
SIMP-EN-000338__SIMP,SIMP-EN-000338,simplification_pair,simplified_text,SIMP-EN-000338,development_candidate_test,skipped_locked_test,missing,locked_test,False,False,['Locked candidate test split quarantined']
SIMP-EN-000339__ORIG,SIMP-EN-000339,simplification_pair,source_text,SIMP-EN-000339,development_candidate_test,skipped_locked_test,expert_verified,locked_test,False,False,['Locked candidate test split quarantined']
SIMP-EN-000339__SIMP,SIMP-EN-000339,simplification_pair,simplified_text,SIMP-EN-000339,development_candidate_test,skipped_locked_test,missing,locked_test,False,False,['Locked candidate test split quarantined']
SIMP-EN-000340__ORIG,SIMP-EN-000340,simplification_pair,source_text,SIMP-EN-000340,development_candidate_test,skipped_locked_test,expert_verified,locked_test,False,False,['Locked candidate test split quarantined']
SIMP-EN-000340__SIMP,SIMP-EN-000340,simplification_pair,simplified_text,SIMP-EN-000340,development_candidate_test,skipped_locked_test,missing,locked_test,False,False,['Locked candidate test split quarantined']
SIMP-EN-000341__ORIG,SIMP-EN-000341,simplification_pair,source_text,SIMP-EN-000341,development_candidate_test,skipped_locked_test,expert_verified,locked_test,False,False,['Locked candidate test split quarantined']
SIMP-EN-000341__SIMP,SIMP-EN-000341,simplification_pair,simplified_text,SIMP-EN-000341,development_candidate_test,skipped_locked_test,missing,locked_test,False,False,['Locked candidate test split quarantined']
SIMP-EN-000342__ORIG,SIMP-EN-000342,simplification_pair,source_text,SIMP-EN-000342,development_candidate_train,success,expert_verified,primary_train_eligible,True,True,[]
SIMP-EN-000342__SIMP,SIMP-EN-000342,simplification_pair,simplified_text,SIMP-EN-000342,development_candidate_train,success,missing,missing_or_conflicting_label,False,False,['Label status is missing']
SIMP-EN-000343__ORIG,SIMP-EN-000343,simplification_pair,source_text,SIMP-EN-000343,development_candidate_train,success,expert_verified,primary_train_eligible,True,True,[]
SIMP-EN-000343__SIMP,SIMP-EN-000343,simplification_pair,simplified_text,SIMP-EN-000343,development_candidate_train,success,missing,missing_or_conflicting_label,False,False,['Label status is missing']
SIMP-EN-000344__ORIG,SIMP-EN-000344,simplification_pair,source_text,SIMP-EN-000344,development_candidate_train,success,expert_verified,primary_train_eligible,True,True,[]
SIMP-EN-000344__SIMP,SIMP-EN-000344,simplification_pair,simplified_text,SIMP-EN-000344,development_candidate_train,success,missing,missing_or_conflicting_label,False,False,['Label status is missing']
SIMP-EN-000345__ORIG,SIMP-EN-000345,simplification_pair,source_text,SIMP-EN-000345,development_candidate_test,skipped_locked_test,expert_verified,locked_test,False,False,['Locked candidate test split quarantined']
SIMP-EN-000345__SIMP,SIMP-EN-000345,simplification_pair,simplified_text,SIMP-EN-000345,development_candidate_test,skipped_locked_test,missing,locked_test,False,False,['Locked candidate test split quarantined']
SIMP-EN-000346__ORIG,SIMP-EN-000346,simplification_pair,source_text,SIMP-EN-000346,development_candidate_test,skipped_locked_test,expert_verified,locked_test,False,False,['Locked candidate test split quarantined']
SIMP-EN-000346__SIMP,SIMP-EN-000346,simplification_pair,simplified_text,SIMP-EN-000346,development_candidate_test,skipped_locked_test,missing,locked_test,False,False,['Locked candidate test split quarantined']
SIMP-EN-000347__ORIG,SIMP-EN-000347,simplification_pair,source_text,SIMP-EN-000347,development_candidate_test,skipped_locked_test,expert_verified,locked_test,False,False,['Locked candidate test split quarantined']
SIMP-EN-000347__SIMP,SIMP-EN-000347,simplification_pair,simplified_text,SIMP-EN-000347,development_candidate_test,skipped_locked_test,missing,locked_test,False,False,['Locked candidate test split quarantined']
SIMP-EN-000348__ORIG,SIMP-EN-000348,simplification_pair,source_text,SIMP-EN-000348,development_candidate_test,skipped_locked_test,expert_verified,locked_test,False,False,['Locked candidate test split quarantined']
SIMP-EN-000348__SIMP,SIMP-EN-000348,simplification_pair,simplified_text,SIMP-EN-000348,development_candidate_test,skipped_locked_test,missing,locked_test,False,False,['Locked candidate test split quarantined']
SIMP-EN-000349__ORIG,SIMP-EN-000349,simplification_pair,source_text,SIMP-EN-000349,development_candidate_test,skipped_locked_test,expert_verified,locked_test,False,False,['Locked candidate test split quarantined']
SIMP-EN-000349__SIMP,SIMP-EN-000349,simplification_pair,simplified_text,SIMP-EN-000349,development_candidate_test,skipped_locked_test,missing,locked_test,False,False,['Locked candidate test split quarantined']
SIMP-EN-000350__ORIG,SIMP-EN-000350,simplification_pair,source_text,SIMP-EN-000350,development_candidate_test,skipped_locked_test,expert_verified,locked_test,False,False,['Locked candidate test split quarantined']
SIMP-EN-000350__SIMP,SIMP-EN-000350,simplification_pair,simplified_text,SIMP-EN-000350,development_candidate_test,skipped_locked_test,missing,locked_test,False,False,['Locked candidate test split quarantined']
SIMP-EN-000351__ORIG,SIMP-EN-000351,simplification_pair,source_text,SIMP-EN-000351,development_candidate_validation,success,expert_verified,primary_validation_eligible,False,False,[]
SIMP-EN-000351__SIMP,SIMP-EN-000351,simplification_pair,simplified_text,SIMP-EN-000351,development_candidate_validation,success,missing,missing_or_conflicting_label,False,False,['Label status is missing']
SIMP-EN-000352__ORIG,SIMP-EN-000352,simplification_pair,source_text,SIMP-EN-000352,development_candidate_validation,success,expert_verified,primary_validation_eligible,False,False,[]
SIMP-EN-000352__SIMP,SIMP-EN-000352,simplification_pair,simplified_text,SIMP-EN-000352,development_candidate_validation,success,missing,missing_or_conflicting_label,False,False,['Label status is missing']
SIMP-EN-000353__ORIG,SIMP-EN-000353,simplification_pair,source_text,SIMP-EN-000353,development_candidate_validation,success,expert_verified,primary_validation_eligible,False,False,[]
SIMP-EN-000353__SIMP,SIMP-EN-000353,simplification_pair,simplified_text,SIMP-EN-000353,development_candidate_validation,success,missing,missing_or_conflicting_label,False,False,['Label status is missing']
SIMP-EN-000354__ORIG,SIMP-EN-000354,simplification_pair,source_text,SIMP-EN-000354,development_candidate_validation,success,expert_verified,primary_validation_eligible,False,False,[]
SIMP-EN-000354__SIMP,SIMP-EN-000354,simplification_pair,simplified_text,SIMP-EN-000354,development_candidate_validation,success,missing,missing_or_conflicting_label,False,False,['Label status is missing']
SIMP-EN-000355__ORIG,SIMP-EN-000355,simplification_pair,source_text,SIMP-EN-000355,development_candidate_validation,success,expert_verified,primary_validation_eligible,False,False,[]
SIMP-EN-000355__SIMP,SIMP-EN-000355,simplification_pair,simplified_text,SIMP-EN-000355,development_candidate_validation,success,missing,missing_or_conflicting_label,False,False,['Label status is missing']
SIMP-EN-000356__ORIG,SIMP-EN-000356,simplification_pair,source_text,SIMP-EN-000356,development_candidate_validation,success,expert_verified,primary_validation_eligible,False,False,[]
SIMP-EN-000356__SIMP,SIMP-EN-000356,simplification_pair,simplified_text,SIMP-EN-000356,development_candidate_validation,success,missing,missing_or_conflicting_label,False,False,['Label status is missing']
SIMP-EN-000357__ORIG,SIMP-EN-000357,simplification_pair,source_text,SIMP-EN-000357,development_candidate_train,success,expert_verified,primary_train_eligible,True,True,[]
SIMP-EN-000357__SIMP,SIMP-EN-000357,simplification_pair,simplified_text,SIMP-EN-000357,development_candidate_train,success,missing,missing_or_conflicting_label,False,False,['Label status is missing']
SIMP-EN-000358__ORIG,SIMP-EN-000358,simplification_pair,source_text,SIMP-EN-000358,development_candidate_train,success,expert_verified,primary_train_eligible,True,True,[]
SIMP-EN-000358__SIMP,SIMP-EN-000358,simplification_pair,simplified_text,SIMP-EN-000358,development_candidate_train,success,missing,missing_or_conflicting_label,False,False,['Label status is missing']
SIMP-EN-000359__ORIG,SIMP-EN-000359,simplification_pair,source_text,SIMP-EN-000359,development_candidate_train,success,expert_verified,primary_train_eligible,True,True,[]
SIMP-EN-000359__SIMP,SIMP-EN-000359,simplification_pair,simplified_text,SIMP-EN-000359,development_candidate_train,success,missing,missing_or_conflicting_label,False,False,['Label status is missing']
SIMP-EN-000525__ORIG,SIMP-EN-000525,simplification_pair,source_text,SIMP-EN-000525,development_candidate_validation,success,expert_verified,primary_validation_eligible,False,False,[]
SIMP-EN-000525__SIMP,SIMP-EN-000525,simplification_pair,simplified_text,SIMP-EN-000525,development_candidate_validation,success,missing,missing_or_conflicting_label,False,False,['Label status is missing']
SIMP-EN-000526__ORIG,SIMP-EN-000526,simplification_pair,source_text,SIMP-EN-000526,development_candidate_validation,success,expert_verified,primary_validation_eligible,False,False,[]
SIMP-EN-000526__SIMP,SIMP-EN-000526,simplification_pair,simplified_text,SIMP-EN-000526,development_candidate_validation,success,missing,missing_or_conflicting_label,False,False,['Label status is missing']
SIMP-EN-000527__ORIG,SIMP-EN-000527,simplification_pair,source_text,SIMP-EN-000527,development_candidate_validation,success,expert_verified,primary_validation_eligible,False,False,[]
SIMP-EN-000527__SIMP,SIMP-EN-000527,simplification_pair,simplified_text,SIMP-EN-000527,development_candidate_validation,success,missing,missing_or_conflicting_label,False,False,['Label status is missing']
SIMP-EN-000528__ORIG,SIMP-EN-000528,simplification_pair,source_text,SIMP-EN-000528,development_candidate_train,success,expert_verified,primary_train_eligible,True,True,[]
SIMP-EN-000528__SIMP,SIMP-EN-000528,simplification_pair,simplified_text,SIMP-EN-000528,development_candidate_train,success,missing,missing_or_conflicting_label,False,False,['Label status is missing']
SIMP-EN-000529__ORIG,SIMP-EN-000529,simplification_pair,source_text,SIMP-EN-000529,development_candidate_train,success,expert_verified,primary_train_eligible,True,True,[]
SIMP-EN-000529__SIMP,SIMP-EN-000529,simplification_pair,simplified_text,SIMP-EN-000529,development_candidate_train,success,missing,missing_or_conflicting_label,False,False,['Label status is missing']
SIMP-EN-000530__ORIG,SIMP-EN-000530,simplification_pair,source_text,SIMP-EN-000530,development_candidate_train,success,expert_verified,primary_train_eligible,True,True,[]
SIMP-EN-000530__SIMP,SIMP-EN-000530,simplification_pair,simplified_text,SIMP-EN-000530,development_candidate_train,manual_review_required,missing,missing_or_conflicting_label,False,False,['Label status is missing']
SIMP-EN-000531__ORIG,SIMP-EN-000531,simplification_pair,source_text,SIMP-EN-000531,development_candidate_test,skipped_locked_test,expert_verified,locked_test,False,False,['Locked candidate test split quarantined']
SIMP-EN-000531__SIMP,SIMP-EN-000531,simplification_pair,simplified_text,SIMP-EN-000531,development_candidate_test,skipped_locked_test,missing,locked_test,False,False,['Locked candidate test split quarantined']
SIMP-EN-000532__ORIG,SIMP-EN-000532,simplification_pair,source_text,SIMP-EN-000532,development_candidate_test,skipped_locked_test,expert_verified,locked_test,False,False,['Locked candidate test split quarantined']
SIMP-EN-000532__SIMP,SIMP-EN-000532,simplification_pair,simplified_text,SIMP-EN-000532,development_candidate_test,skipped_locked_test,missing,locked_test,False,False,['Locked candidate test split quarantined']
SIMP-EN-000533__ORIG,SIMP-EN-000533,simplification_pair,source_text,SIMP-EN-000533,development_candidate_test,skipped_locked_test,expert_verified,locked_test,False,False,['Locked candidate test split quarantined']
SIMP-EN-000533__SIMP,SIMP-EN-000533,simplification_pair,simplified_text,SIMP-EN-000533,development_candidate_test,skipped_locked_test,missing,locked_test,False,False,['Locked candidate test split quarantined']
SIMP-EN-000534__ORIG,SIMP-EN-000534,simplification_pair,source_text,SIMP-EN-000534,development_candidate_train,success,expert_verified,primary_train_eligible,True,True,[]
SIMP-EN-000534__SIMP,SIMP-EN-000534,simplification_pair,simplified_text,SIMP-EN-000534,development_candidate_train,success,missing,missing_or_conflicting_label,False,False,['Label status is missing']
SIMP-EN-000535__ORIG,SIMP-EN-000535,simplification_pair,source_text,SIMP-EN-000535,development_candidate_train,success,expert_verified,primary_train_eligible,True,True,[]
SIMP-EN-000535__SIMP,SIMP-EN-000535,simplification_pair,simplified_text,SIMP-EN-000535,development_candidate_train,success,missing,missing_or_conflicting_label,False,False,['Label status is missing']
SIMP-EN-000536__ORIG,SIMP-EN-000536,simplification_pair,source_text,SIMP-EN-000536,development_candidate_train,success,expert_verified,primary_train_eligible,True,True,[]
SIMP-EN-000536__SIMP,SIMP-EN-000536,simplification_pair,simplified_text,SIMP-EN-000536,development_candidate_train,success,missing,missing_or_conflicting_label,False,False,['Label status is missing']
SIMP-EN-000537__ORIG,SIMP-EN-000537,simplification_pair,source_text,SIMP-EN-000537,development_candidate_train,success,expert_verified,primary_train_eligible,True,True,[]
SIMP-EN-000537__SIMP,SIMP-EN-000537,simplification_pair,simplified_text,SIMP-EN-000537,development_candidate_train,success,missing,missing_or_conflicting_label,False,False,['Label status is missing']
SIMP-EN-000538__ORIG,SIMP-EN-000538,simplification_pair,source_text,SIMP-EN-000538,development_candidate_train,success,expert_verified,primary_train_eligible,True,True,[]
SIMP-EN-000538__SIMP,SIMP-EN-000538,simplification_pair,simplified_text,SIMP-EN-000538,development_candidate_train,success,missing,missing_or_conflicting_label,False,False,['Label status is missing']
SIMP-EN-000539__ORIG,SIMP-EN-000539,simplification_pair,source_text,SIMP-EN-000539,development_candidate_train,success,expert_verified,primary_train_eligible,True,True,[]
SIMP-EN-000539__SIMP,SIMP-EN-000539,simplification_pair,simplified_text,SIMP-EN-000539,development_candidate_train,success,missing,missing_or_conflicting_label,False,False,['Label status is missing']
SIMP-EN-000540__ORIG,SIMP-EN-000540,simplification_pair,source_text,SIMP-EN-000540,development_candidate_validation,success,expert_verified,primary_validation_eligible,False,False,[]
SIMP-EN-000540__SIMP,SIMP-EN-000540,simplification_pair,simplified_text,SIMP-EN-000540,development_candidate_validation,success,missing,missing_or_conflicting_label,False,False,['Label status is missing']
SIMP-EN-000541__ORIG,SIMP-EN-000541,simplification_pair,source_text,SIMP-EN-000541,development_candidate_validation,success,expert_verified,primary_validation_eligible,False,False,[]
SIMP-EN-000541__SIMP,SIMP-EN-000541,simplification_pair,simplified_text,SIMP-EN-000541,development_candidate_validation,success,missing,missing_or_conflicting_label,False,False,['Label status is missing']
SIMP-EN-000542__ORIG,SIMP-EN-000542,simplification_pair,source_text,SIMP-EN-000542,development_candidate_validation,success,expert_verified,primary_validation_eligible,False,False,[]
SIMP-EN-000542__SIMP,SIMP-EN-000542,simplification_pair,simplified_text,SIMP-EN-000542,development_candidate_validation,success,missing,missing_or_conflicting_label,False,False,['Label status is missing']
SIMP-EN-000543__ORIG,SIMP-EN-000543,simplification_pair,source_text,SIMP-EN-000543,development_candidate_train,success,expert_verified,primary_train_eligible,True,True,[]
SIMP-EN-000543__SIMP,SIMP-EN-000543,simplification_pair,simplified_text,SIMP-EN-000543,development_candidate_train,success,missing,missing_or_conflicting_label,False,False,['Label status is missing']
SIMP-EN-000544__ORIG,SIMP-EN-000544,simplification_pair,source_text,SIMP-EN-000544,development_candidate_train,success,expert_verified,primary_train_eligible,True,True,[]
SIMP-EN-000544__SIMP,SIMP-EN-000544,simplification_pair,simplified_text,SIMP-EN-000544,development_candidate_train,success,missing,missing_or_conflicting_label,False,False,['Label status is missing']
SIMP-EN-000545__ORIG,SIMP-EN-000545,simplification_pair,source_text,SIMP-EN-000545,development_candidate_train,success,expert_verified,primary_train_eligible,True,True,[]
SIMP-EN-000545__SIMP,SIMP-EN-000545,simplification_pair,simplified_text,SIMP-EN-000545,development_candidate_train,success,missing,missing_or_conflicting_label,False,False,['Label status is missing']
SIMP-EN-000546__ORIG,SIMP-EN-000546,simplification_pair,source_text,SIMP-EN-000546,development_candidate_train,success,expert_verified,primary_train_eligible,True,True,[]
SIMP-EN-000546__SIMP,SIMP-EN-000546,simplification_pair,simplified_text,SIMP-EN-000546,development_candidate_train,success,missing,missing_or_conflicting_label,False,False,['Label status is missing']
SIMP-EN-000547__ORIG,SIMP-EN-000547,simplification_pair,source_text,SIMP-EN-000547,development_candidate_train,success,expert_verified,primary_train_eligible,True,True,[]
SIMP-EN-000547__SIMP,SIMP-EN-000547,simplification_pair,simplified_text,SIMP-EN-000547,development_candidate_train,success,missing,missing_or_conflicting_label,False,False,['Label status is missing']
SIMP-EN-000548__ORIG,SIMP-EN-000548,simplification_pair,source_text,SIMP-EN-000548,development_candidate_train,success,expert_verified,primary_train_eligible,True,True,[]
SIMP-EN-000548__SIMP,SIMP-EN-000548,simplification_pair,simplified_text,SIMP-EN-000548,development_candidate_train,manual_review_required,missing,missing_or_conflicting_label,False,False,['Label status is missing']
SIMP-EN-000549__ORIG,SIMP-EN-000549,simplification_pair,source_text,SIMP-EN-000549,development_candidate_train,success,expert_verified,primary_train_eligible,True,True,[]
SIMP-EN-000549__SIMP,SIMP-EN-000549,simplification_pair,simplified_text,SIMP-EN-000549,development_candidate_train,success,missing,missing_or_conflicting_label,False,False,['Label status is missing']
SIMP-EN-000550__ORIG,SIMP-EN-000550,simplification_pair,source_text,SIMP-EN-000550,development_candidate_train,success,expert_verified,primary_train_eligible,True,True,[]
SIMP-EN-000550__SIMP,SIMP-EN-000550,simplification_pair,simplified_text,SIMP-EN-000550,development_candidate_train,success,missing,missing_or_conflicting_label,False,False,['Label status is missing']
SIMP-EN-000551__ORIG,SIMP-EN-000551,simplification_pair,source_text,SIMP-EN-000551,development_candidate_train,success,expert_verified,primary_train_eligible,True,True,[]
SIMP-EN-000551__SIMP,SIMP-EN-000551,simplification_pair,simplified_text,SIMP-EN-000551,development_candidate_train,success,missing,missing_or_conflicting_label,False,False,['Label status is missing']
SIMP-EN-000552__ORIG,SIMP-EN-000552,simplification_pair,source_text,SIMP-EN-000552,development_candidate_train,success,expert_verified,primary_train_eligible,True,True,[]
SIMP-EN-000552__SIMP,SIMP-EN-000552,simplification_pair,simplified_text,SIMP-EN-000552,development_candidate_train,success,missing,missing_or_conflicting_label,False,False,['Label status is missing']
SIMP-EN-000553__ORIG,SIMP-EN-000553,simplification_pair,source_text,SIMP-EN-000553,development_candidate_train,success,expert_verified,primary_train_eligible,True,True,[]
SIMP-EN-000553__SIMP,SIMP-EN-000553,simplification_pair,simplified_text,SIMP-EN-000553,development_candidate_train,manual_review_required,missing,missing_or_conflicting_label,False,False,['Label status is missing']
SIMP-EN-000554__ORIG,SIMP-EN-000554,simplification_pair,source_text,SIMP-EN-000554,development_candidate_train,success,expert_verified,primary_train_eligible,True,True,[]
SIMP-EN-000554__SIMP,SIMP-EN-000554,simplification_pair,simplified_text,SIMP-EN-000554,development_candidate_train,success,missing,missing_or_conflicting_label,False,False,['Label status is missing']
SIMP-EN-000555__ORIG,SIMP-EN-000555,simplification_pair,source_text,SIMP-EN-000555,development_candidate_train,success,expert_verified,primary_train_eligible,True,True,[]
SIMP-EN-000555__SIMP,SIMP-EN-000555,simplification_pair,simplified_text,SIMP-EN-000555,development_candidate_train,success,missing,missing_or_conflicting_label,False,False,['Label status is missing']
SIMP-EN-000556__ORIG,SIMP-EN-000556,simplification_pair,source_text,SIMP-EN-000556,development_candidate_train,success,expert_verified,primary_train_eligible,True,True,[]
SIMP-EN-000556__SIMP,SIMP-EN-000556,simplification_pair,simplified_text,SIMP-EN-000556,development_candidate_train,success,missing,missing_or_conflicting_label,False,False,['Label status is missing']
SIMP-EN-000557__ORIG,SIMP-EN-000557,simplification_pair,source_text,SIMP-EN-000557,development_candidate_train,success,expert_verified,primary_train_eligible,True,True,[]
SIMP-EN-000557__SIMP,SIMP-EN-000557,simplification_pair,simplified_text,SIMP-EN-000557,development_candidate_train,success,missing,missing_or_conflicting_label,False,False,['Label status is missing']
SIMP-EN-000558__ORIG,SIMP-EN-000558,simplification_pair,source_text,SIMP-EN-000558,development_candidate_train,success,expert_verified,primary_train_eligible,True,True,[]
SIMP-EN-000558__SIMP,SIMP-EN-000558,simplification_pair,simplified_text,SIMP-EN-000558,development_candidate_train,success,missing,missing_or_conflicting_label,False,False,['Label status is missing']
SIMP-EN-000559__ORIG,SIMP-EN-000559,simplification_pair,source_text,SIMP-EN-000559,development_candidate_train,success,expert_verified,primary_train_eligible,True,True,[]
SIMP-EN-000559__SIMP,SIMP-EN-000559,simplification_pair,simplified_text,SIMP-EN-000559,development_candidate_train,success,missing,missing_or_conflicting_label,False,False,['Label status is missing']
SIMP-EN-000560__ORIG,SIMP-EN-000560,simplification_pair,source_text,SIMP-EN-000560,development_candidate_train,success,expert_verified,primary_train_eligible,True,True,[]
SIMP-EN-000560__SIMP,SIMP-EN-000560,simplification_pair,simplified_text,SIMP-EN-000560,development_candidate_train,manual_review_required,missing,missing_or_conflicting_label,False,False,['Label status is missing']
SIMP-EN-000561__ORIG,SIMP-EN-000561,simplification_pair,source_text,SIMP-EN-000561,development_candidate_train,success,expert_verified,primary_train_eligible,True,True,[]
SIMP-EN-000561__SIMP,SIMP-EN-000561,simplification_pair,simplified_text,SIMP-EN-000561,development_candidate_train,success,missing,missing_or_conflicting_label,False,False,['Label status is missing']
SIMP-EN-000562__ORIG,SIMP-EN-000562,simplification_pair,source_text,SIMP-EN-000562,development_candidate_train,success,expert_verified,primary_train_eligible,True,True,[]
SIMP-EN-000562__SIMP,SIMP-EN-000562,simplification_pair,simplified_text,SIMP-EN-000562,development_candidate_train,success,missing,missing_or_conflicting_label,False,False,['Label status is missing']
SIMP-EN-000563__ORIG,SIMP-EN-000563,simplification_pair,source_text,SIMP-EN-000563,development_candidate_train,success,expert_verified,primary_train_eligible,True,True,[]
SIMP-EN-000563__SIMP,SIMP-EN-000563,simplification_pair,simplified_text,SIMP-EN-000563,development_candidate_train,success,missing,missing_or_conflicting_label,False,False,['Label status is missing']
SIMP-EN-000564__ORIG,SIMP-EN-000564,simplification_pair,source_text,SIMP-EN-000564,development_candidate_train,success,expert_verified,primary_train_eligible,True,True,[]
SIMP-EN-000564__SIMP,SIMP-EN-000564,simplification_pair,simplified_text,SIMP-EN-000564,development_candidate_train,success,missing,missing_or_conflicting_label,False,False,['Label status is missing']
SIMP-EN-000565__ORIG,SIMP-EN-000565,simplification_pair,source_text,SIMP-EN-000565,development_candidate_train,success,expert_verified,primary_train_eligible,True,True,[]
SIMP-EN-000565__SIMP,SIMP-EN-000565,simplification_pair,simplified_text,SIMP-EN-000565,development_candidate_train,success,missing,missing_or_conflicting_label,False,False,['Label status is missing']
SIMP-EN-000566__ORIG,SIMP-EN-000566,simplification_pair,source_text,SIMP-EN-000566,development_candidate_train,success,expert_verified,primary_train_eligible,True,True,[]
SIMP-EN-000566__SIMP,SIMP-EN-000566,simplification_pair,simplified_text,SIMP-EN-000566,development_candidate_train,manual_review_required,missing,missing_or_conflicting_label,False,False,['Label status is missing']
SIMP-EN-000567__ORIG,SIMP-EN-000567,simplification_pair,source_text,SIMP-EN-000567,development_candidate_train,success,expert_verified,primary_train_eligible,True,True,[]
SIMP-EN-000567__SIMP,SIMP-EN-000567,simplification_pair,simplified_text,SIMP-EN-000567,development_candidate_train,success,missing,missing_or_conflicting_label,False,False,['Label status is missing']
SIMP-EN-000568__ORIG,SIMP-EN-000568,simplification_pair,source_text,SIMP-EN-000568,development_candidate_train,success,expert_verified,primary_train_eligible,True,True,[]
SIMP-EN-000568__SIMP,SIMP-EN-000568,simplification_pair,simplified_text,SIMP-EN-000568,development_candidate_train,success,missing,missing_or_conflicting_label,False,False,['Label status is missing']
SIMP-EN-000569__ORIG,SIMP-EN-000569,simplification_pair,source_text,SIMP-EN-000569,development_candidate_train,success,expert_verified,primary_train_eligible,True,True,[]
SIMP-EN-000569__SIMP,SIMP-EN-000569,simplification_pair,simplified_text,SIMP-EN-000569,development_candidate_train,success,missing,missing_or_conflicting_label,False,False,['Label status is missing']
SIMP-EN-000570__ORIG,SIMP-EN-000570,simplification_pair,source_text,SIMP-EN-000570,development_candidate_train,success,expert_verified,primary_train_eligible,True,True,[]
SIMP-EN-000570__SIMP,SIMP-EN-000570,simplification_pair,simplified_text,SIMP-EN-000570,development_candidate_train,success,missing,missing_or_conflicting_label,False,False,['Label status is missing']
SIMP-EN-000571__ORIG,SIMP-EN-000571,simplification_pair,source_text,SIMP-EN-000571,development_candidate_train,success,expert_verified,primary_train_eligible,True,True,[]
SIMP-EN-000571__SIMP,SIMP-EN-000571,simplification_pair,simplified_text,SIMP-EN-000571,development_candidate_train,success,missing,missing_or_conflicting_label,False,False,['Label status is missing']
SIMP-EN-000572__ORIG,SIMP-EN-000572,simplification_pair,source_text,SIMP-EN-000572,development_candidate_train,success,expert_verified,primary_train_eligible,True,True,[]
SIMP-EN-000572__SIMP,SIMP-EN-000572,simplification_pair,simplified_text,SIMP-EN-000572,development_candidate_train,success,missing,missing_or_conflicting_label,False,False,['Label status is missing']
SIMP-EN-000573__ORIG,SIMP-EN-000573,simplification_pair,source_text,SIMP-EN-000573,development_candidate_train,success,expert_verified,primary_train_eligible,True,True,[]
SIMP-EN-000573__SIMP,SIMP-EN-000573,simplification_pair,simplified_text,SIMP-EN-000573,development_candidate_train,success,missing,missing_or_conflicting_label,False,False,['Label status is missing']
SIMP-EN-000574__ORIG,SIMP-EN-000574,simplification_pair,source_text,SIMP-EN-000574,development_candidate_train,success,expert_verified,primary_train_eligible,True,True,[]
SIMP-EN-000574__SIMP,SIMP-EN-000574,simplification_pair,simplified_text,SIMP-EN-000574,development_candidate_train,success,missing,missing_or_conflicting_label,False,False,['Label status is missing']
SIMP-EN-000575__ORIG,SIMP-EN-000575,simplification_pair,source_text,SIMP-EN-000575,development_candidate_train,success,expert_verified,primary_train_eligible,True,True,[]
SIMP-EN-000575__SIMP,SIMP-EN-000575,simplification_pair,simplified_text,SIMP-EN-000575,development_candidate_train,success,missing,missing_or_conflicting_label,False,False,['Label status is missing']
SIMP-EN-000576__ORIG,SIMP-EN-000576,simplification_pair,source_text,SIMP-EN-000576,development_candidate_train,success,expert_verified,primary_train_eligible,True,True,[]
SIMP-EN-000576__SIMP,SIMP-EN-000576,simplification_pair,simplified_text,SIMP-EN-000576,development_candidate_train,success,missing,missing_or_conflicting_label,False,False,['Label status is missing']
SIMP-EN-000577__ORIG,SIMP-EN-000577,simplification_pair,source_text,SIMP-EN-000577,development_candidate_train,success,expert_verified,primary_train_eligible,True,True,[]
SIMP-EN-000577__SIMP,SIMP-EN-000577,simplification_pair,simplified_text,SIMP-EN-000577,development_candidate_train,success,missing,missing_or_conflicting_label,False,False,['Label status is missing']
SIMP-EN-000578__ORIG,SIMP-EN-000578,simplification_pair,source_text,SIMP-EN-000578,development_candidate_train,success,expert_verified,primary_train_eligible,True,True,[]
SIMP-EN-000578__SIMP,SIMP-EN-000578,simplification_pair,simplified_text,SIMP-EN-000578,development_candidate_train,success,missing,missing_or_conflicting_label,False,False,['Label status is missing']
SIMP-EN-000579__ORIG,SIMP-EN-000579,simplification_pair,source_text,SIMP-EN-000579,development_candidate_train,success,expert_verified,primary_train_eligible,True,True,[]
SIMP-EN-000579__SIMP,SIMP-EN-000579,simplification_pair,simplified_text,SIMP-EN-000579,development_candidate_train,success,missing,missing_or_conflicting_label,False,False,['Label status is missing']
SIMP-EN-000580__ORIG,SIMP-EN-000580,simplification_pair,source_text,SIMP-EN-000580,development_candidate_train,success,expert_verified,primary_train_eligible,True,True,[]
SIMP-EN-000580__SIMP,SIMP-EN-000580,simplification_pair,simplified_text,SIMP-EN-000580,development_candidate_train,success,missing,missing_or_conflicting_label,False,False,['Label status is missing']
SIMP-EN-000581__ORIG,SIMP-EN-000581,simplification_pair,source_text,SIMP-EN-000581,development_candidate_train,success,expert_verified,primary_train_eligible,True,True,[]
SIMP-EN-000581__SIMP,SIMP-EN-000581,simplification_pair,simplified_text,SIMP-EN-000581,development_candidate_train,success,missing,missing_or_conflicting_label,False,False,['Label status is missing']
SIMP-EN-000582__ORIG,SIMP-EN-000582,simplification_pair,source_text,SIMP-EN-000582,development_candidate_train,success,expert_verified,primary_train_eligible,True,True,[]
SIMP-EN-000582__SIMP,SIMP-EN-000582,simplification_pair,simplified_text,SIMP-EN-000582,development_candidate_train,success,missing,missing_or_conflicting_label,False,False,['Label status is missing']
SIMP-EN-000583__ORIG,SIMP-EN-000583,simplification_pair,source_text,SIMP-EN-000583,development_candidate_train,success,expert_verified,primary_train_eligible,True,True,[]
SIMP-EN-000583__SIMP,SIMP-EN-000583,simplification_pair,simplified_text,SIMP-EN-000583,development_candidate_train,success,missing,missing_or_conflicting_label,False,False,['Label status is missing']
SIMP-EN-000584__ORIG,SIMP-EN-000584,simplification_pair,source_text,SIMP-EN-000584,development_candidate_train,success,expert_verified,primary_train_eligible,True,True,[]
SIMP-EN-000584__SIMP,SIMP-EN-000584,simplification_pair,simplified_text,SIMP-EN-000584,development_candidate_train,success,missing,missing_or_conflicting_label,False,False,['Label status is missing']
SIMP-EN-000750__ORIG,SIMP-EN-000750,simplification_pair,source_text,SIMP-EN-000750,development_candidate_test,skipped_locked_test,expert_verified,locked_test,False,False,['Locked candidate test split quarantined']
SIMP-EN-000750__SIMP,SIMP-EN-000750,simplification_pair,simplified_text,SIMP-EN-000750,development_candidate_test,skipped_locked_test,missing,locked_test,False,False,['Locked candidate test split quarantined']
SIMP-EN-000751__ORIG,SIMP-EN-000751,simplification_pair,source_text,SIMP-EN-000751,development_candidate_test,skipped_locked_test,expert_verified,locked_test,False,False,['Locked candidate test split quarantined']
SIMP-EN-000751__SIMP,SIMP-EN-000751,simplification_pair,simplified_text,SIMP-EN-000751,development_candidate_test,skipped_locked_test,missing,locked_test,False,False,['Locked candidate test split quarantined']
SIMP-EN-000752__ORIG,SIMP-EN-000752,simplification_pair,source_text,SIMP-EN-000752,development_candidate_test,skipped_locked_test,expert_verified,locked_test,False,False,['Locked candidate test split quarantined']
SIMP-EN-000752__SIMP,SIMP-EN-000752,simplification_pair,simplified_text,SIMP-EN-000752,development_candidate_test,skipped_locked_test,missing,locked_test,False,False,['Locked candidate test split quarantined']
SIMP-EN-000753__ORIG,SIMP-EN-000753,simplification_pair,source_text,SIMP-EN-000753,development_candidate_validation,success,expert_verified,primary_validation_eligible,False,False,[]
SIMP-EN-000753__SIMP,SIMP-EN-000753,simplification_pair,simplified_text,SIMP-EN-000753,development_candidate_validation,success,missing,missing_or_conflicting_label,False,False,['Label status is missing']
SIMP-EN-000754__ORIG,SIMP-EN-000754,simplification_pair,source_text,SIMP-EN-000754,development_candidate_validation,success,expert_verified,primary_validation_eligible,False,False,[]
SIMP-EN-000754__SIMP,SIMP-EN-000754,simplification_pair,simplified_text,SIMP-EN-000754,development_candidate_validation,success,missing,missing_or_conflicting_label,False,False,['Label status is missing']
SIMP-EN-000755__ORIG,SIMP-EN-000755,simplification_pair,source_text,SIMP-EN-000755,development_candidate_validation,success,expert_verified,primary_validation_eligible,False,False,[]
SIMP-EN-000755__SIMP,SIMP-EN-000755,simplification_pair,simplified_text,SIMP-EN-000755,development_candidate_validation,success,missing,missing_or_conflicting_label,False,False,['Label status is missing']
SIMP-EN-000756__ORIG,SIMP-EN-000756,simplification_pair,source_text,SIMP-EN-000756,development_candidate_train,success,expert_verified,primary_train_eligible,True,True,[]
SIMP-EN-000756__SIMP,SIMP-EN-000756,simplification_pair,simplified_text,SIMP-EN-000756,development_candidate_train,success,missing,missing_or_conflicting_label,False,False,['Label status is missing']
SIMP-EN-000757__ORIG,SIMP-EN-000757,simplification_pair,source_text,SIMP-EN-000757,development_candidate_train,success,expert_verified,primary_train_eligible,True,True,[]
SIMP-EN-000757__SIMP,SIMP-EN-000757,simplification_pair,simplified_text,SIMP-EN-000757,development_candidate_train,success,missing,missing_or_conflicting_label,False,False,['Label status is missing']
SIMP-EN-000758__ORIG,SIMP-EN-000758,simplification_pair,source_text,SIMP-EN-000758,development_candidate_train,success,expert_verified,primary_train_eligible,True,True,[]
SIMP-EN-000758__SIMP,SIMP-EN-000758,simplification_pair,simplified_text,SIMP-EN-000758,development_candidate_train,success,missing,missing_or_conflicting_label,False,False,['Label status is missing']
SIMP-EN-000759__ORIG,SIMP-EN-000759,simplification_pair,source_text,SIMP-EN-000759,development_candidate_validation,success,expert_verified,primary_validation_eligible,False,False,[]
SIMP-EN-000759__SIMP,SIMP-EN-000759,simplification_pair,simplified_text,SIMP-EN-000759,development_candidate_validation,success,missing,missing_or_conflicting_label,False,False,['Label status is missing']
SIMP-EN-000760__ORIG,SIMP-EN-000760,simplification_pair,source_text,SIMP-EN-000760,development_candidate_validation,success,expert_verified,primary_validation_eligible,False,False,[]
SIMP-EN-000760__SIMP,SIMP-EN-000760,simplification_pair,simplified_text,SIMP-EN-000760,development_candidate_validation,success,missing,missing_or_conflicting_label,False,False,['Label status is missing']
SIMP-EN-000761__ORIG,SIMP-EN-000761,simplification_pair,source_text,SIMP-EN-000761,development_candidate_validation,success,expert_verified,primary_validation_eligible,False,False,[]
SIMP-EN-000761__SIMP,SIMP-EN-000761,simplification_pair,simplified_text,SIMP-EN-000761,development_candidate_validation,success,missing,missing_or_conflicting_label,False,False,['Label status is missing']
SIMP-EN-000762__ORIG,SIMP-EN-000762,simplification_pair,source_text,SIMP-EN-000762,development_candidate_test,skipped_locked_test,expert_verified,locked_test,False,False,['Locked candidate test split quarantined']
SIMP-EN-000762__SIMP,SIMP-EN-000762,simplification_pair,simplified_text,SIMP-EN-000762,development_candidate_test,skipped_locked_test,missing,locked_test,False,False,['Locked candidate test split quarantined']
SIMP-EN-000763__ORIG,SIMP-EN-000763,simplification_pair,source_text,SIMP-EN-000763,development_candidate_test,skipped_locked_test,expert_verified,locked_test,False,False,['Locked candidate test split quarantined']
SIMP-EN-000763__SIMP,SIMP-EN-000763,simplification_pair,simplified_text,SIMP-EN-000763,development_candidate_test,skipped_locked_test,missing,locked_test,False,False,['Locked candidate test split quarantined']
SIMP-EN-000764__ORIG,SIMP-EN-000764,simplification_pair,source_text,SIMP-EN-000764,development_candidate_test,skipped_locked_test,expert_verified,locked_test,False,False,['Locked candidate test split quarantined']
SIMP-EN-000764__SIMP,SIMP-EN-000764,simplification_pair,simplified_text,SIMP-EN-000764,development_candidate_test,skipped_locked_test,missing,locked_test,False,False,['Locked candidate test split quarantined']
SIMP-EN-000765__ORIG,SIMP-EN-000765,simplification_pair,source_text,SIMP-EN-000765,development_candidate_train,success,expert_verified,primary_train_eligible,True,True,[]
SIMP-EN-000765__SIMP,SIMP-EN-000765,simplification_pair,simplified_text,SIMP-EN-000765,development_candidate_train,success,missing,missing_or_conflicting_label,False,False,['Label status is missing']
SIMP-EN-000766__ORIG,SIMP-EN-000766,simplification_pair,source_text,SIMP-EN-000766,development_candidate_train,success,expert_verified,primary_train_eligible,True,True,[]
SIMP-EN-000766__SIMP,SIMP-EN-000766,simplification_pair,simplified_text,SIMP-EN-000766,development_candidate_train,success,missing,missing_or_conflicting_label,False,False,['Label status is missing']
SIMP-EN-000767__ORIG,SIMP-EN-000767,simplification_pair,source_text,SIMP-EN-000767,development_candidate_train,success,expert_verified,primary_train_eligible,True,True,[]
SIMP-EN-000767__SIMP,SIMP-EN-000767,simplification_pair,simplified_text,SIMP-EN-000767,development_candidate_train,success,missing,missing_or_conflicting_label,False,False,['Label status is missing']
SIMP-EN-000768__ORIG,SIMP-EN-000768,simplification_pair,source_text,SIMP-EN-000768,development_candidate_train,success,expert_verified,primary_train_eligible,True,True,[]
SIMP-EN-000768__SIMP,SIMP-EN-000768,simplification_pair,simplified_text,SIMP-EN-000768,development_candidate_train,success,missing,missing_or_conflicting_label,False,False,['Label status is missing']
SIMP-EN-000769__ORIG,SIMP-EN-000769,simplification_pair,source_text,SIMP-EN-000769,development_candidate_train,success,expert_verified,primary_train_eligible,True,True,[]
SIMP-EN-000769__SIMP,SIMP-EN-000769,simplification_pair,simplified_text,SIMP-EN-000769,development_candidate_train,success,missing,missing_or_conflicting_label,False,False,['Label status is missing']
SIMP-EN-000770__ORIG,SIMP-EN-000770,simplification_pair,source_text,SIMP-EN-000770,development_candidate_train,success,expert_verified,primary_train_eligible,True,True,[]
SIMP-EN-000770__SIMP,SIMP-EN-000770,simplification_pair,simplified_text,SIMP-EN-000770,development_candidate_train,success,missing,missing_or_conflicting_label,False,False,['Label status is missing']
SIMP-EN-000771__ORIG,SIMP-EN-000771,simplification_pair,source_text,SIMP-EN-000771,development_candidate_test,skipped_locked_test,expert_verified,locked_test,False,False,['Locked candidate test split quarantined']
SIMP-EN-000771__SIMP,SIMP-EN-000771,simplification_pair,simplified_text,SIMP-EN-000771,development_candidate_test,skipped_locked_test,missing,locked_test,False,False,['Locked candidate test split quarantined']
SIMP-EN-000772__ORIG,SIMP-EN-000772,simplification_pair,source_text,SIMP-EN-000772,development_candidate_test,skipped_locked_test,expert_verified,locked_test,False,False,['Locked candidate test split quarantined']
SIMP-EN-000772__SIMP,SIMP-EN-000772,simplification_pair,simplified_text,SIMP-EN-000772,development_candidate_test,skipped_locked_test,missing,locked_test,False,False,['Locked candidate test split quarantined']
SIMP-EN-000773__ORIG,SIMP-EN-000773,simplification_pair,source_text,SIMP-EN-000773,development_candidate_test,skipped_locked_test,expert_verified,locked_test,False,False,['Locked candidate test split quarantined']
SIMP-EN-000773__SIMP,SIMP-EN-000773,simplification_pair,simplified_text,SIMP-EN-000773,development_candidate_test,skipped_locked_test,missing,locked_test,False,False,['Locked candidate test split quarantined']
SIMP-EN-000774__ORIG,SIMP-EN-000774,simplification_pair,source_text,SIMP-EN-000774,development_candidate_train,success,expert_verified,primary_train_eligible,True,True,[]
SIMP-EN-000774__SIMP,SIMP-EN-000774,simplification_pair,simplified_text,SIMP-EN-000774,development_candidate_train,success,missing,missing_or_conflicting_label,False,False,['Label status is missing']
SIMP-EN-000775__ORIG,SIMP-EN-000775,simplification_pair,source_text,SIMP-EN-000775,development_candidate_train,success,expert_verified,primary_train_eligible,True,True,[]
SIMP-EN-000775__SIMP,SIMP-EN-000775,simplification_pair,simplified_text,SIMP-EN-000775,development_candidate_train,success,missing,missing_or_conflicting_label,False,False,['Label status is missing']
SIMP-EN-000776__ORIG,SIMP-EN-000776,simplification_pair,source_text,SIMP-EN-000776,development_candidate_train,success,expert_verified,primary_train_eligible,True,True,[]
SIMP-EN-000776__SIMP,SIMP-EN-000776,simplification_pair,simplified_text,SIMP-EN-000776,development_candidate_train,success,missing,missing_or_conflicting_label,False,False,['Label status is missing']
SIMP-EN-000777__ORIG,SIMP-EN-000777,simplification_pair,source_text,SIMP-EN-000777,development_candidate_test,skipped_locked_test,expert_verified,locked_test,False,False,['Locked candidate test split quarantined']
SIMP-EN-000777__SIMP,SIMP-EN-000777,simplification_pair,simplified_text,SIMP-EN-000777,development_candidate_test,skipped_locked_test,missing,locked_test,False,False,['Locked candidate test split quarantined']
SIMP-EN-000778__ORIG,SIMP-EN-000778,simplification_pair,source_text,SIMP-EN-000778,development_candidate_test,skipped_locked_test,expert_verified,locked_test,False,False,['Locked candidate test split quarantined']
SIMP-EN-000778__SIMP,SIMP-EN-000778,simplification_pair,simplified_text,SIMP-EN-000778,development_candidate_test,skipped_locked_test,missing,locked_test,False,False,['Locked candidate test split quarantined']
SIMP-EN-000779__ORIG,SIMP-EN-000779,simplification_pair,source_text,SIMP-EN-000779,development_candidate_test,skipped_locked_test,expert_verified,locked_test,False,False,['Locked candidate test split quarantined']
SIMP-EN-000779__SIMP,SIMP-EN-000779,simplification_pair,simplified_text,SIMP-EN-000779,development_candidate_test,skipped_locked_test,missing,locked_test,False,False,['Locked candidate test split quarantined']
SIMP-EN-000780__ORIG,SIMP-EN-000780,simplification_pair,source_text,SIMP-EN-000780,development_candidate_train,success,expert_verified,primary_train_eligible,True,True,[]
SIMP-EN-000780__SIMP,SIMP-EN-000780,simplification_pair,simplified_text,SIMP-EN-000780,development_candidate_train,success,missing,missing_or_conflicting_label,False,False,['Label status is missing']
SIMP-EN-000781__ORIG,SIMP-EN-000781,simplification_pair,source_text,SIMP-EN-000781,development_candidate_train,success,expert_verified,primary_train_eligible,True,True,[]
SIMP-EN-000781__SIMP,SIMP-EN-000781,simplification_pair,simplified_text,SIMP-EN-000781,development_candidate_train,success,missing,missing_or_conflicting_label,False,False,['Label status is missing']
SIMP-EN-000782__ORIG,SIMP-EN-000782,simplification_pair,source_text,SIMP-EN-000782,development_candidate_train,success,expert_verified,primary_train_eligible,True,True,[]
SIMP-EN-000782__SIMP,SIMP-EN-000782,simplification_pair,simplified_text,SIMP-EN-000782,development_candidate_train,success,missing,missing_or_conflicting_label,False,False,['Label status is missing']
SIMP-EN-000783__ORIG,SIMP-EN-000783,simplification_pair,source_text,SIMP-EN-000783,development_candidate_train,success,expert_verified,primary_train_eligible,True,True,[]
SIMP-EN-000783__SIMP,SIMP-EN-000783,simplification_pair,simplified_text,SIMP-EN-000783,development_candidate_train,success,missing,missing_or_conflicting_label,False,False,['Label status is missing']
SIMP-EN-000784__ORIG,SIMP-EN-000784,simplification_pair,source_text,SIMP-EN-000784,development_candidate_train,success,expert_verified,primary_train_eligible,True,True,[]
SIMP-EN-000784__SIMP,SIMP-EN-000784,simplification_pair,simplified_text,SIMP-EN-000784,development_candidate_train,success,missing,missing_or_conflicting_label,False,False,['Label status is missing']
SIMP-EN-000785__ORIG,SIMP-EN-000785,simplification_pair,source_text,SIMP-EN-000785,development_candidate_train,success,expert_verified,primary_train_eligible,True,True,[]
SIMP-EN-000785__SIMP,SIMP-EN-000785,simplification_pair,simplified_text,SIMP-EN-000785,development_candidate_train,success,missing,missing_or_conflicting_label,False,False,['Label status is missing']
SIMP-EN-000786__ORIG,SIMP-EN-000786,simplification_pair,source_text,SIMP-EN-000786,development_candidate_test,skipped_locked_test,expert_verified,locked_test,False,False,['Locked candidate test split quarantined']
SIMP-EN-000786__SIMP,SIMP-EN-000786,simplification_pair,simplified_text,SIMP-EN-000786,development_candidate_test,skipped_locked_test,missing,locked_test,False,False,['Locked candidate test split quarantined']
SIMP-EN-000787__ORIG,SIMP-EN-000787,simplification_pair,source_text,SIMP-EN-000787,development_candidate_test,skipped_locked_test,expert_verified,locked_test,False,False,['Locked candidate test split quarantined']
SIMP-EN-000787__SIMP,SIMP-EN-000787,simplification_pair,simplified_text,SIMP-EN-000787,development_candidate_test,skipped_locked_test,missing,locked_test,False,False,['Locked candidate test split quarantined']
SIMP-EN-000788__ORIG,SIMP-EN-000788,simplification_pair,source_text,SIMP-EN-000788,development_candidate_test,skipped_locked_test,expert_verified,locked_test,False,False,['Locked candidate test split quarantined']
SIMP-EN-000788__SIMP,SIMP-EN-000788,simplification_pair,simplified_text,SIMP-EN-000788,development_candidate_test,skipped_locked_test,missing,locked_test,False,False,['Locked candidate test split quarantined']
SIMP-EN-000789__ORIG,SIMP-EN-000789,simplification_pair,source_text,SIMP-EN-000789,development_candidate_validation,success,expert_verified,primary_validation_eligible,False,False,[]
SIMP-EN-000789__SIMP,SIMP-EN-000789,simplification_pair,simplified_text,SIMP-EN-000789,development_candidate_validation,success,missing,missing_or_conflicting_label,False,False,['Label status is missing']
SIMP-EN-000790__ORIG,SIMP-EN-000790,simplification_pair,source_text,SIMP-EN-000790,development_candidate_validation,success,expert_verified,primary_validation_eligible,False,False,[]
SIMP-EN-000790__SIMP,SIMP-EN-000790,simplification_pair,simplified_text,SIMP-EN-000790,development_candidate_validation,success,missing,missing_or_conflicting_label,False,False,['Label status is missing']
SIMP-EN-000791__ORIG,SIMP-EN-000791,simplification_pair,source_text,SIMP-EN-000791,development_candidate_validation,success,expert_verified,primary_validation_eligible,False,False,[]
SIMP-EN-000791__SIMP,SIMP-EN-000791,simplification_pair,simplified_text,SIMP-EN-000791,development_candidate_validation,success,missing,missing_or_conflicting_label,False,False,['Label status is missing']
SIMP-EN-000792__ORIG,SIMP-EN-000792,simplification_pair,source_text,SIMP-EN-000792,development_candidate_train,success,expert_verified,primary_train_eligible,True,True,[]
SIMP-EN-000792__SIMP,SIMP-EN-000792,simplification_pair,simplified_text,SIMP-EN-000792,development_candidate_train,manual_review_required,missing,missing_or_conflicting_label,False,False,['Label status is missing']
SIMP-EN-000793__ORIG,SIMP-EN-000793,simplification_pair,source_text,SIMP-EN-000793,development_candidate_train,success,expert_verified,primary_train_eligible,True,True,[]
SIMP-EN-000793__SIMP,SIMP-EN-000793,simplification_pair,simplified_text,SIMP-EN-000793,development_candidate_train,success,missing,missing_or_conflicting_label,False,False,['Label status is missing']
SIMP-EN-000794__ORIG,SIMP-EN-000794,simplification_pair,source_text,SIMP-EN-000794,development_candidate_train,success,expert_verified,primary_train_eligible,True,True,[]
SIMP-EN-000794__SIMP,SIMP-EN-000794,simplification_pair,simplified_text,SIMP-EN-000794,development_candidate_train,manual_review_required,missing,missing_or_conflicting_label,False,False,['Label status is missing']
SIMP-EN-000795__ORIG,SIMP-EN-000795,simplification_pair,source_text,SIMP-EN-000795,development_candidate_train,success,expert_verified,primary_train_eligible,True,True,[]
SIMP-EN-000795__SIMP,SIMP-EN-000795,simplification_pair,simplified_text,SIMP-EN-000795,development_candidate_train,success,missing,missing_or_conflicting_label,False,False,['Label status is missing']
SIMP-EN-000796__ORIG,SIMP-EN-000796,simplification_pair,source_text,SIMP-EN-000796,development_candidate_train,success,expert_verified,primary_train_eligible,True,True,[]
SIMP-EN-000796__SIMP,SIMP-EN-000796,simplification_pair,simplified_text,SIMP-EN-000796,development_candidate_train,success,missing,missing_or_conflicting_label,False,False,['Label status is missing']
SIMP-EN-000797__ORIG,SIMP-EN-000797,simplification_pair,source_text,SIMP-EN-000797,development_candidate_train,success,expert_verified,primary_train_eligible,True,True,[]
SIMP-EN-000797__SIMP,SIMP-EN-000797,simplification_pair,simplified_text,SIMP-EN-000797,development_candidate_train,success,missing,missing_or_conflicting_label,False,False,['Label status is missing']
SIMP-EN-000798__ORIG,SIMP-EN-000798,simplification_pair,source_text,SIMP-EN-000798,development_candidate_validation,success,expert_verified,primary_validation_eligible,False,False,[]
SIMP-EN-000798__SIMP,SIMP-EN-000798,simplification_pair,simplified_text,SIMP-EN-000798,development_candidate_validation,success,missing,missing_or_conflicting_label,False,False,['Label status is missing']
SIMP-EN-000799__ORIG,SIMP-EN-000799,simplification_pair,source_text,SIMP-EN-000799,development_candidate_validation,success,expert_verified,primary_validation_eligible,False,False,[]
SIMP-EN-000799__SIMP,SIMP-EN-000799,simplification_pair,simplified_text,SIMP-EN-000799,development_candidate_validation,success,missing,missing_or_conflicting_label,False,False,['Label status is missing']
SIMP-EN-000800__ORIG,SIMP-EN-000800,simplification_pair,source_text,SIMP-EN-000800,development_candidate_validation,success,expert_verified,primary_validation_eligible,False,False,[]
SIMP-EN-000800__SIMP,SIMP-EN-000800,simplification_pair,simplified_text,SIMP-EN-000800,development_candidate_validation,success,missing,missing_or_conflicting_label,False,False,['Label status is missing']
SIMP-EN-000801__ORIG,SIMP-EN-000801,simplification_pair,source_text,SIMP-EN-000801,development_candidate_test,skipped_locked_test,expert_verified,locked_test,False,False,['Locked candidate test split quarantined']
SIMP-EN-000801__SIMP,SIMP-EN-000801,simplification_pair,simplified_text,SIMP-EN-000801,development_candidate_test,skipped_locked_test,missing,locked_test,False,False,['Locked candidate test split quarantined']
SIMP-EN-000802__ORIG,SIMP-EN-000802,simplification_pair,source_text,SIMP-EN-000802,development_candidate_test,skipped_locked_test,expert_verified,locked_test,False,False,['Locked candidate test split quarantined']
SIMP-EN-000802__SIMP,SIMP-EN-000802,simplification_pair,simplified_text,SIMP-EN-000802,development_candidate_test,skipped_locked_test,missing,locked_test,False,False,['Locked candidate test split quarantined']
SIMP-EN-000803__ORIG,SIMP-EN-000803,simplification_pair,source_text,SIMP-EN-000803,development_candidate_test,skipped_locked_test,expert_verified,locked_test,False,False,['Locked candidate test split quarantined']
SIMP-EN-000803__SIMP,SIMP-EN-000803,simplification_pair,simplified_text,SIMP-EN-000803,development_candidate_test,skipped_locked_test,missing,locked_test,False,False,['Locked candidate test split quarantined']
SIMP-EN-000804__ORIG,SIMP-EN-000804,simplification_pair,source_text,SIMP-EN-000804,development_candidate_validation,success,expert_verified,primary_validation_eligible,False,False,[]
SIMP-EN-000804__SIMP,SIMP-EN-000804,simplification_pair,simplified_text,SIMP-EN-000804,development_candidate_validation,success,missing,missing_or_conflicting_label,False,False,['Label status is missing']
SIMP-EN-000805__ORIG,SIMP-EN-000805,simplification_pair,source_text,SIMP-EN-000805,development_candidate_validation,success,expert_verified,primary_validation_eligible,False,False,[]
SIMP-EN-000805__SIMP,SIMP-EN-000805,simplification_pair,simplified_text,SIMP-EN-000805,development_candidate_validation,success,missing,missing_or_conflicting_label,False,False,['Label status is missing']
SIMP-EN-000806__ORIG,SIMP-EN-000806,simplification_pair,source_text,SIMP-EN-000806,development_candidate_validation,success,expert_verified,primary_validation_eligible,False,False,[]
SIMP-EN-000806__SIMP,SIMP-EN-000806,simplification_pair,simplified_text,SIMP-EN-000806,development_candidate_validation,success,missing,missing_or_conflicting_label,False,False,['Label status is missing']
SIMP-EN-000807__ORIG,SIMP-EN-000807,simplification_pair,source_text,SIMP-EN-000807,development_candidate_validation,success,expert_verified,primary_validation_eligible,False,False,[]
SIMP-EN-000807__SIMP,SIMP-EN-000807,simplification_pair,simplified_text,SIMP-EN-000807,development_candidate_validation,success,missing,missing_or_conflicting_label,False,False,['Label status is missing']
SIMP-EN-000808__ORIG,SIMP-EN-000808,simplification_pair,source_text,SIMP-EN-000808,development_candidate_validation,success,expert_verified,primary_validation_eligible,False,False,[]
SIMP-EN-000808__SIMP,SIMP-EN-000808,simplification_pair,simplified_text,SIMP-EN-000808,development_candidate_validation,success,missing,missing_or_conflicting_label,False,False,['Label status is missing']
SIMP-EN-000809__ORIG,SIMP-EN-000809,simplification_pair,source_text,SIMP-EN-000809,development_candidate_validation,success,expert_verified,primary_validation_eligible,False,False,[]
SIMP-EN-000809__SIMP,SIMP-EN-000809,simplification_pair,simplified_text,SIMP-EN-000809,development_candidate_validation,success,missing,missing_or_conflicting_label,False,False,['Label status is missing']
SIMP-EN-000975__ORIG,SIMP-EN-000975,simplification_pair,source_text,SIMP-EN-000975,development_candidate_train,success,expert_verified,primary_train_eligible,True,True,[]
SIMP-EN-000975__SIMP,SIMP-EN-000975,simplification_pair,simplified_text,SIMP-EN-000975,development_candidate_train,success,missing,missing_or_conflicting_label,False,False,['Label status is missing']
SIMP-EN-000976__ORIG,SIMP-EN-000976,simplification_pair,source_text,SIMP-EN-000976,development_candidate_train,success,expert_verified,primary_train_eligible,True,True,[]
SIMP-EN-000976__SIMP,SIMP-EN-000976,simplification_pair,simplified_text,SIMP-EN-000976,development_candidate_train,success,missing,missing_or_conflicting_label,False,False,['Label status is missing']
SIMP-EN-000977__ORIG,SIMP-EN-000977,simplification_pair,source_text,SIMP-EN-000977,development_candidate_train,success,expert_verified,primary_train_eligible,True,True,[]
SIMP-EN-000977__SIMP,SIMP-EN-000977,simplification_pair,simplified_text,SIMP-EN-000977,development_candidate_train,success,missing,missing_or_conflicting_label,False,False,['Label status is missing']
SIMP-EN-000978__ORIG,SIMP-EN-000978,simplification_pair,source_text,SIMP-EN-000978,development_candidate_train,success,expert_verified,primary_train_eligible,True,True,[]
SIMP-EN-000978__SIMP,SIMP-EN-000978,simplification_pair,simplified_text,SIMP-EN-000978,development_candidate_train,success,missing,missing_or_conflicting_label,False,False,['Label status is missing']
SIMP-EN-000979__ORIG,SIMP-EN-000979,simplification_pair,source_text,SIMP-EN-000979,development_candidate_train,success,expert_verified,primary_train_eligible,True,True,[]
SIMP-EN-000979__SIMP,SIMP-EN-000979,simplification_pair,simplified_text,SIMP-EN-000979,development_candidate_train,success,missing,missing_or_conflicting_label,False,False,['Label status is missing']
SIMP-EN-000980__ORIG,SIMP-EN-000980,simplification_pair,source_text,SIMP-EN-000980,development_candidate_train,success,expert_verified,primary_train_eligible,True,True,[]
SIMP-EN-000980__SIMP,SIMP-EN-000980,simplification_pair,simplified_text,SIMP-EN-000980,development_candidate_train,success,missing,missing_or_conflicting_label,False,False,['Label status is missing']
SIMP-EN-000981__ORIG,SIMP-EN-000981,simplification_pair,source_text,SIMP-EN-000981,development_candidate_validation,success,expert_verified,primary_validation_eligible,False,False,[]
SIMP-EN-000981__SIMP,SIMP-EN-000981,simplification_pair,simplified_text,SIMP-EN-000981,development_candidate_validation,success,missing,missing_or_conflicting_label,False,False,['Label status is missing']
SIMP-EN-000982__ORIG,SIMP-EN-000982,simplification_pair,source_text,SIMP-EN-000982,development_candidate_validation,success,expert_verified,primary_validation_eligible,False,False,[]
SIMP-EN-000982__SIMP,SIMP-EN-000982,simplification_pair,simplified_text,SIMP-EN-000982,development_candidate_validation,success,missing,missing_or_conflicting_label,False,False,['Label status is missing']
SIMP-EN-000983__ORIG,SIMP-EN-000983,simplification_pair,source_text,SIMP-EN-000983,development_candidate_validation,success,expert_verified,primary_validation_eligible,False,False,[]
SIMP-EN-000983__SIMP,SIMP-EN-000983,simplification_pair,simplified_text,SIMP-EN-000983,development_candidate_validation,success,missing,missing_or_conflicting_label,False,False,['Label status is missing']
SIMP-EN-000984__ORIG,SIMP-EN-000984,simplification_pair,source_text,SIMP-EN-000984,development_candidate_test,skipped_locked_test,expert_verified,locked_test,False,False,['Locked candidate test split quarantined']
SIMP-EN-000984__SIMP,SIMP-EN-000984,simplification_pair,simplified_text,SIMP-EN-000984,development_candidate_test,skipped_locked_test,missing,locked_test,False,False,['Locked candidate test split quarantined']
SIMP-EN-000985__ORIG,SIMP-EN-000985,simplification_pair,source_text,SIMP-EN-000985,development_candidate_test,skipped_locked_test,expert_verified,locked_test,False,False,['Locked candidate test split quarantined']
SIMP-EN-000985__SIMP,SIMP-EN-000985,simplification_pair,simplified_text,SIMP-EN-000985,development_candidate_test,skipped_locked_test,missing,locked_test,False,False,['Locked candidate test split quarantined']
SIMP-EN-000986__ORIG,SIMP-EN-000986,simplification_pair,source_text,SIMP-EN-000986,development_candidate_test,skipped_locked_test,expert_verified,locked_test,False,False,['Locked candidate test split quarantined']
SIMP-EN-000986__SIMP,SIMP-EN-000986,simplification_pair,simplified_text,SIMP-EN-000986,development_candidate_test,skipped_locked_test,missing,locked_test,False,False,['Locked candidate test split quarantined']
SIMP-EN-000987__ORIG,SIMP-EN-000987,simplification_pair,source_text,SIMP-EN-000987,development_candidate_train,success,expert_verified,primary_train_eligible,True,True,[]
SIMP-EN-000987__SIMP,SIMP-EN-000987,simplification_pair,simplified_text,SIMP-EN-000987,development_candidate_train,success,missing,missing_or_conflicting_label,False,False,['Label status is missing']
SIMP-EN-000988__ORIG,SIMP-EN-000988,simplification_pair,source_text,SIMP-EN-000988,development_candidate_train,success,expert_verified,primary_train_eligible,True,True,[]
SIMP-EN-000988__SIMP,SIMP-EN-000988,simplification_pair,simplified_text,SIMP-EN-000988,development_candidate_train,success,missing,missing_or_conflicting_label,False,False,['Label status is missing']
SIMP-EN-000989__ORIG,SIMP-EN-000989,simplification_pair,source_text,SIMP-EN-000989,development_candidate_train,success,expert_verified,primary_train_eligible,True,True,[]
SIMP-EN-000989__SIMP,SIMP-EN-000989,simplification_pair,simplified_text,SIMP-EN-000989,development_candidate_train,success,missing,missing_or_conflicting_label,False,False,['Label status is missing']
SIMP-EN-000990__ORIG,SIMP-EN-000990,simplification_pair,source_text,SIMP-EN-000990,development_candidate_train,success,expert_verified,primary_train_eligible,True,True,[]
SIMP-EN-000990__SIMP,SIMP-EN-000990,simplification_pair,simplified_text,SIMP-EN-000990,development_candidate_train,success,missing,missing_or_conflicting_label,False,False,['Label status is missing']
SIMP-EN-000991__ORIG,SIMP-EN-000991,simplification_pair,source_text,SIMP-EN-000991,development_candidate_train,success,expert_verified,primary_train_eligible,True,True,[]
SIMP-EN-000991__SIMP,SIMP-EN-000991,simplification_pair,simplified_text,SIMP-EN-000991,development_candidate_train,manual_review_required,missing,missing_or_conflicting_label,False,False,['Label status is missing']
SIMP-EN-000992__ORIG,SIMP-EN-000992,simplification_pair,source_text,SIMP-EN-000992,development_candidate_train,success,expert_verified,primary_train_eligible,True,True,[]
SIMP-EN-000992__SIMP,SIMP-EN-000992,simplification_pair,simplified_text,SIMP-EN-000992,development_candidate_train,manual_review_required,missing,missing_or_conflicting_label,False,False,['Label status is missing']
SIMP-EN-000993__ORIG,SIMP-EN-000993,simplification_pair,source_text,SIMP-EN-000993,development_candidate_train,success,expert_verified,primary_train_eligible,True,True,[]
SIMP-EN-000993__SIMP,SIMP-EN-000993,simplification_pair,simplified_text,SIMP-EN-000993,development_candidate_train,success,missing,missing_or_conflicting_label,False,False,['Label status is missing']
SIMP-EN-000994__ORIG,SIMP-EN-000994,simplification_pair,source_text,SIMP-EN-000994,development_candidate_train,success,expert_verified,primary_train_eligible,True,True,[]
SIMP-EN-000994__SIMP,SIMP-EN-000994,simplification_pair,simplified_text,SIMP-EN-000994,development_candidate_train,success,missing,missing_or_conflicting_label,False,False,['Label status is missing']
SIMP-EN-000995__ORIG,SIMP-EN-000995,simplification_pair,source_text,SIMP-EN-000995,development_candidate_train,success,expert_verified,primary_train_eligible,True,True,[]
SIMP-EN-000995__SIMP,SIMP-EN-000995,simplification_pair,simplified_text,SIMP-EN-000995,development_candidate_train,success,missing,missing_or_conflicting_label,False,False,['Label status is missing']
SIMP-EN-000996__ORIG,SIMP-EN-000996,simplification_pair,source_text,SIMP-EN-000996,development_candidate_train,success,expert_verified,primary_train_eligible,True,True,[]
SIMP-EN-000996__SIMP,SIMP-EN-000996,simplification_pair,simplified_text,SIMP-EN-000996,development_candidate_train,success,missing,missing_or_conflicting_label,False,False,['Label status is missing']
SIMP-EN-000997__ORIG,SIMP-EN-000997,simplification_pair,source_text,SIMP-EN-000997,development_candidate_train,success,expert_verified,primary_train_eligible,True,True,[]
SIMP-EN-000997__SIMP,SIMP-EN-000997,simplification_pair,simplified_text,SIMP-EN-000997,development_candidate_train,manual_review_required,missing,missing_or_conflicting_label,False,False,['Label status is missing']
SIMP-EN-000998__ORIG,SIMP-EN-000998,simplification_pair,source_text,SIMP-EN-000998,development_candidate_train,success,expert_verified,primary_train_eligible,True,True,[]
SIMP-EN-000998__SIMP,SIMP-EN-000998,simplification_pair,simplified_text,SIMP-EN-000998,development_candidate_train,manual_review_required,missing,missing_or_conflicting_label,False,False,['Label status is missing']
SIMP-EN-000999__ORIG,SIMP-EN-000999,simplification_pair,source_text,SIMP-EN-000999,development_candidate_validation,success,expert_verified,primary_validation_eligible,False,False,[]
SIMP-EN-000999__SIMP,SIMP-EN-000999,simplification_pair,simplified_text,SIMP-EN-000999,development_candidate_validation,success,missing,missing_or_conflicting_label,False,False,['Label status is missing']
SIMP-EN-001000__ORIG,SIMP-EN-001000,simplification_pair,source_text,SIMP-EN-001000,development_candidate_validation,success,expert_verified,primary_validation_eligible,False,False,[]
SIMP-EN-001000__SIMP,SIMP-EN-001000,simplification_pair,simplified_text,SIMP-EN-001000,development_candidate_validation,success,missing,missing_or_conflicting_label,False,False,['Label status is missing']
SIMP-EN-001001__ORIG,SIMP-EN-001001,simplification_pair,source_text,SIMP-EN-001001,development_candidate_validation,success,expert_verified,primary_validation_eligible,False,False,[]
SIMP-EN-001001__SIMP,SIMP-EN-001001,simplification_pair,simplified_text,SIMP-EN-001001,development_candidate_validation,success,missing,missing_or_conflicting_label,False,False,['Label status is missing']
SIMP-EN-001002__ORIG,SIMP-EN-001002,simplification_pair,source_text,SIMP-EN-001002,development_candidate_validation,success,expert_verified,primary_validation_eligible,False,False,[]
SIMP-EN-001002__SIMP,SIMP-EN-001002,simplification_pair,simplified_text,SIMP-EN-001002,development_candidate_validation,success,missing,missing_or_conflicting_label,False,False,['Label status is missing']
SIMP-EN-001003__ORIG,SIMP-EN-001003,simplification_pair,source_text,SIMP-EN-001003,development_candidate_validation,success,expert_verified,primary_validation_eligible,False,False,[]
SIMP-EN-001003__SIMP,SIMP-EN-001003,simplification_pair,simplified_text,SIMP-EN-001003,development_candidate_validation,success,missing,missing_or_conflicting_label,False,False,['Label status is missing']
SIMP-EN-001004__ORIG,SIMP-EN-001004,simplification_pair,source_text,SIMP-EN-001004,development_candidate_validation,success,expert_verified,primary_validation_eligible,False,False,[]
SIMP-EN-001004__SIMP,SIMP-EN-001004,simplification_pair,simplified_text,SIMP-EN-001004,development_candidate_validation,manual_review_required,missing,missing_or_conflicting_label,False,False,['Label status is missing']
SIMP-EN-001005__ORIG,SIMP-EN-001005,simplification_pair,source_text,SIMP-EN-001005,development_candidate_train,success,expert_verified,primary_train_eligible,True,True,[]
SIMP-EN-001005__SIMP,SIMP-EN-001005,simplification_pair,simplified_text,SIMP-EN-001005,development_candidate_train,success,missing,missing_or_conflicting_label,False,False,['Label status is missing']
SIMP-EN-001006__ORIG,SIMP-EN-001006,simplification_pair,source_text,SIMP-EN-001006,development_candidate_train,success,expert_verified,primary_train_eligible,True,True,[]
SIMP-EN-001006__SIMP,SIMP-EN-001006,simplification_pair,simplified_text,SIMP-EN-001006,development_candidate_train,success,missing,missing_or_conflicting_label,False,False,['Label status is missing']
SIMP-EN-001007__ORIG,SIMP-EN-001007,simplification_pair,source_text,SIMP-EN-001007,development_candidate_train,success,expert_verified,primary_train_eligible,True,True,[]
SIMP-EN-001007__SIMP,SIMP-EN-001007,simplification_pair,simplified_text,SIMP-EN-001007,development_candidate_train,success,missing,missing_or_conflicting_label,False,False,['Label status is missing']
SIMP-EN-001008__ORIG,SIMP-EN-001008,simplification_pair,source_text,SIMP-EN-001008,development_candidate_test,skipped_locked_test,expert_verified,locked_test,False,False,['Locked candidate test split quarantined']
SIMP-EN-001008__SIMP,SIMP-EN-001008,simplification_pair,simplified_text,SIMP-EN-001008,development_candidate_test,skipped_locked_test,missing,locked_test,False,False,['Locked candidate test split quarantined']
SIMP-EN-001009__ORIG,SIMP-EN-001009,simplification_pair,source_text,SIMP-EN-001009,development_candidate_test,skipped_locked_test,expert_verified,locked_test,False,False,['Locked candidate test split quarantined']
SIMP-EN-001009__SIMP,SIMP-EN-001009,simplification_pair,simplified_text,SIMP-EN-001009,development_candidate_test,skipped_locked_test,missing,locked_test,False,False,['Locked candidate test split quarantined']
SIMP-EN-001010__ORIG,SIMP-EN-001010,simplification_pair,source_text,SIMP-EN-001010,development_candidate_test,skipped_locked_test,expert_verified,locked_test,False,False,['Locked candidate test split quarantined']
SIMP-EN-001010__SIMP,SIMP-EN-001010,simplification_pair,simplified_text,SIMP-EN-001010,development_candidate_test,skipped_locked_test,missing,locked_test,False,False,['Locked candidate test split quarantined']
SIMP-EN-001011__ORIG,SIMP-EN-001011,simplification_pair,source_text,SIMP-EN-001011,development_candidate_train,success,expert_verified,primary_train_eligible,True,True,[]
SIMP-EN-001011__SIMP,SIMP-EN-001011,simplification_pair,simplified_text,SIMP-EN-001011,development_candidate_train,success,missing,missing_or_conflicting_label,False,False,['Label status is missing']
SIMP-EN-001012__ORIG,SIMP-EN-001012,simplification_pair,source_text,SIMP-EN-001012,development_candidate_train,success,expert_verified,primary_train_eligible,True,True,[]
SIMP-EN-001012__SIMP,SIMP-EN-001012,simplification_pair,simplified_text,SIMP-EN-001012,development_candidate_train,success,missing,missing_or_conflicting_label,False,False,['Label status is missing']
SIMP-EN-001013__ORIG,SIMP-EN-001013,simplification_pair,source_text,SIMP-EN-001013,development_candidate_train,success,expert_verified,primary_train_eligible,True,True,[]
SIMP-EN-001013__SIMP,SIMP-EN-001013,simplification_pair,simplified_text,SIMP-EN-001013,development_candidate_train,success,missing,missing_or_conflicting_label,False,False,['Label status is missing']
SIMP-EN-001014__ORIG,SIMP-EN-001014,simplification_pair,source_text,SIMP-EN-001014,development_candidate_train,success,expert_verified,primary_train_eligible,True,True,[]
SIMP-EN-001014__SIMP,SIMP-EN-001014,simplification_pair,simplified_text,SIMP-EN-001014,development_candidate_train,success,missing,missing_or_conflicting_label,False,False,['Label status is missing']
SIMP-EN-001015__ORIG,SIMP-EN-001015,simplification_pair,source_text,SIMP-EN-001015,development_candidate_train,success,expert_verified,primary_train_eligible,True,True,[]
SIMP-EN-001015__SIMP,SIMP-EN-001015,simplification_pair,simplified_text,SIMP-EN-001015,development_candidate_train,success,missing,missing_or_conflicting_label,False,False,['Label status is missing']
SIMP-EN-001016__ORIG,SIMP-EN-001016,simplification_pair,source_text,SIMP-EN-001016,development_candidate_train,success,expert_verified,primary_train_eligible,True,True,[]
SIMP-EN-001016__SIMP,SIMP-EN-001016,simplification_pair,simplified_text,SIMP-EN-001016,development_candidate_train,success,missing,missing_or_conflicting_label,False,False,['Label status is missing']
SIMP-EN-001017__ORIG,SIMP-EN-001017,simplification_pair,source_text,SIMP-EN-001017,development_candidate_validation,success,expert_verified,primary_validation_eligible,False,False,[]
SIMP-EN-001017__SIMP,SIMP-EN-001017,simplification_pair,simplified_text,SIMP-EN-001017,development_candidate_validation,success,missing,missing_or_conflicting_label,False,False,['Label status is missing']
SIMP-EN-001018__ORIG,SIMP-EN-001018,simplification_pair,source_text,SIMP-EN-001018,development_candidate_validation,success,expert_verified,primary_validation_eligible,False,False,[]
SIMP-EN-001018__SIMP,SIMP-EN-001018,simplification_pair,simplified_text,SIMP-EN-001018,development_candidate_validation,success,missing,missing_or_conflicting_label,False,False,['Label status is missing']
SIMP-EN-001019__ORIG,SIMP-EN-001019,simplification_pair,source_text,SIMP-EN-001019,development_candidate_validation,success,expert_verified,primary_validation_eligible,False,False,[]
SIMP-EN-001019__SIMP,SIMP-EN-001019,simplification_pair,simplified_text,SIMP-EN-001019,development_candidate_validation,success,missing,missing_or_conflicting_label,False,False,['Label status is missing']
SIMP-EN-001020__ORIG,SIMP-EN-001020,simplification_pair,source_text,SIMP-EN-001020,development_candidate_train,success,expert_verified,primary_train_eligible,True,True,[]
SIMP-EN-001020__SIMP,SIMP-EN-001020,simplification_pair,simplified_text,SIMP-EN-001020,development_candidate_train,success,missing,missing_or_conflicting_label,False,False,['Label status is missing']
SIMP-EN-001021__ORIG,SIMP-EN-001021,simplification_pair,source_text,SIMP-EN-001021,development_candidate_train,success,expert_verified,primary_train_eligible,True,True,[]
SIMP-EN-001021__SIMP,SIMP-EN-001021,simplification_pair,simplified_text,SIMP-EN-001021,development_candidate_train,manual_review_required,missing,missing_or_conflicting_label,False,False,['Label status is missing']
SIMP-EN-001022__ORIG,SIMP-EN-001022,simplification_pair,source_text,SIMP-EN-001022,development_candidate_train,success,expert_verified,primary_train_eligible,True,True,[]
SIMP-EN-001022__SIMP,SIMP-EN-001022,simplification_pair,simplified_text,SIMP-EN-001022,development_candidate_train,manual_review_required,missing,missing_or_conflicting_label,False,False,['Label status is missing']
SIMP-EN-001023__ORIG,SIMP-EN-001023,simplification_pair,source_text,SIMP-EN-001023,development_candidate_train,success,expert_verified,primary_train_eligible,True,True,[]
SIMP-EN-001023__SIMP,SIMP-EN-001023,simplification_pair,simplified_text,SIMP-EN-001023,development_candidate_train,success,missing,missing_or_conflicting_label,False,False,['Label status is missing']
SIMP-EN-001024__ORIG,SIMP-EN-001024,simplification_pair,source_text,SIMP-EN-001024,development_candidate_train,success,expert_verified,primary_train_eligible,True,True,[]
SIMP-EN-001024__SIMP,SIMP-EN-001024,simplification_pair,simplified_text,SIMP-EN-001024,development_candidate_train,success,missing,missing_or_conflicting_label,False,False,['Label status is missing']
SIMP-EN-001025__ORIG,SIMP-EN-001025,simplification_pair,source_text,SIMP-EN-001025,development_candidate_train,success,expert_verified,primary_train_eligible,True,True,[]
SIMP-EN-001025__SIMP,SIMP-EN-001025,simplification_pair,simplified_text,SIMP-EN-001025,development_candidate_train,success,missing,missing_or_conflicting_label,False,False,['Label status is missing']
SIMP-EN-001026__ORIG,SIMP-EN-001026,simplification_pair,source_text,SIMP-EN-001026,development_candidate_train,success,expert_verified,primary_train_eligible,True,True,[]
SIMP-EN-001026__SIMP,SIMP-EN-001026,simplification_pair,simplified_text,SIMP-EN-001026,development_candidate_train,success,missing,missing_or_conflicting_label,False,False,['Label status is missing']
SIMP-EN-001027__ORIG,SIMP-EN-001027,simplification_pair,source_text,SIMP-EN-001027,development_candidate_train,success,expert_verified,primary_train_eligible,True,True,[]
SIMP-EN-001027__SIMP,SIMP-EN-001027,simplification_pair,simplified_text,SIMP-EN-001027,development_candidate_train,manual_review_required,missing,missing_or_conflicting_label,False,False,['Label status is missing']
SIMP-EN-001028__ORIG,SIMP-EN-001028,simplification_pair,source_text,SIMP-EN-001028,development_candidate_train,success,expert_verified,primary_train_eligible,True,True,[]
SIMP-EN-001028__SIMP,SIMP-EN-001028,simplification_pair,simplified_text,SIMP-EN-001028,development_candidate_train,manual_review_required,missing,missing_or_conflicting_label,False,False,['Label status is missing']
SIMP-EN-001029__ORIG,SIMP-EN-001029,simplification_pair,source_text,SIMP-EN-001029,development_candidate_train,success,expert_verified,primary_train_eligible,True,True,[]
SIMP-EN-001029__SIMP,SIMP-EN-001029,simplification_pair,simplified_text,SIMP-EN-001029,development_candidate_train,success,missing,missing_or_conflicting_label,False,False,['Label status is missing']
SIMP-EN-001030__ORIG,SIMP-EN-001030,simplification_pair,source_text,SIMP-EN-001030,development_candidate_train,success,expert_verified,primary_train_eligible,True,True,[]
SIMP-EN-001030__SIMP,SIMP-EN-001030,simplification_pair,simplified_text,SIMP-EN-001030,development_candidate_train,success,missing,missing_or_conflicting_label,False,False,['Label status is missing']
SIMP-EN-001031__ORIG,SIMP-EN-001031,simplification_pair,source_text,SIMP-EN-001031,development_candidate_train,success,expert_verified,primary_train_eligible,True,True,[]
SIMP-EN-001031__SIMP,SIMP-EN-001031,simplification_pair,simplified_text,SIMP-EN-001031,development_candidate_train,success,missing,missing_or_conflicting_label,False,False,['Label status is missing']
SIMP-EN-001032__ORIG,SIMP-EN-001032,simplification_pair,source_text,SIMP-EN-001032,development_candidate_test,skipped_locked_test,expert_verified,locked_test,False,False,['Locked candidate test split quarantined']
SIMP-EN-001032__SIMP,SIMP-EN-001032,simplification_pair,simplified_text,SIMP-EN-001032,development_candidate_test,skipped_locked_test,missing,locked_test,False,False,['Locked candidate test split quarantined']
SIMP-EN-001033__ORIG,SIMP-EN-001033,simplification_pair,source_text,SIMP-EN-001033,development_candidate_test,skipped_locked_test,expert_verified,locked_test,False,False,['Locked candidate test split quarantined']
SIMP-EN-001033__SIMP,SIMP-EN-001033,simplification_pair,simplified_text,SIMP-EN-001033,development_candidate_test,skipped_locked_test,missing,locked_test,False,False,['Locked candidate test split quarantined']
SIMP-EN-001034__ORIG,SIMP-EN-001034,simplification_pair,source_text,SIMP-EN-001034,development_candidate_test,skipped_locked_test,expert_verified,locked_test,False,False,['Locked candidate test split quarantined']
SIMP-EN-001034__SIMP,SIMP-EN-001034,simplification_pair,simplified_text,SIMP-EN-001034,development_candidate_test,skipped_locked_test,missing,locked_test,False,False,['Locked candidate test split quarantined']
SIMP-EN-000360__ORIG,SIMP-EN-000360,simplification_pair,source_text,SIMP-EN-000360,development_candidate_train,success,expert_verified,primary_train_eligible,True,True,[]
SIMP-EN-000360__SIMP,SIMP-EN-000360,simplification_pair,simplified_text,SIMP-EN-000360,development_candidate_train,success,missing,missing_or_conflicting_label,False,False,['Label status is missing']
SIMP-EN-000361__ORIG,SIMP-EN-000361,simplification_pair,source_text,SIMP-EN-000361,development_candidate_train,success,expert_verified,primary_train_eligible,True,True,[]
SIMP-EN-000361__SIMP,SIMP-EN-000361,simplification_pair,simplified_text,SIMP-EN-000361,development_candidate_train,success,missing,missing_or_conflicting_label,False,False,['Label status is missing']
SIMP-EN-000362__ORIG,SIMP-EN-000362,simplification_pair,source_text,SIMP-EN-000362,development_candidate_train,success,expert_verified,primary_train_eligible,True,True,[]
SIMP-EN-000362__SIMP,SIMP-EN-000362,simplification_pair,simplified_text,SIMP-EN-000362,development_candidate_train,success,missing,missing_or_conflicting_label,False,False,['Label status is missing']
SIMP-EN-000363__ORIG,SIMP-EN-000363,simplification_pair,source_text,SIMP-EN-000363,development_candidate_test,skipped_locked_test,expert_verified,locked_test,False,False,['Locked candidate test split quarantined']
SIMP-EN-000363__SIMP,SIMP-EN-000363,simplification_pair,simplified_text,SIMP-EN-000363,development_candidate_test,skipped_locked_test,missing,locked_test,False,False,['Locked candidate test split quarantined']
SIMP-EN-000364__ORIG,SIMP-EN-000364,simplification_pair,source_text,SIMP-EN-000364,development_candidate_test,skipped_locked_test,expert_verified,locked_test,False,False,['Locked candidate test split quarantined']
SIMP-EN-000364__SIMP,SIMP-EN-000364,simplification_pair,simplified_text,SIMP-EN-000364,development_candidate_test,skipped_locked_test,missing,locked_test,False,False,['Locked candidate test split quarantined']
SIMP-EN-000365__ORIG,SIMP-EN-000365,simplification_pair,source_text,SIMP-EN-000365,development_candidate_test,skipped_locked_test,expert_verified,locked_test,False,False,['Locked candidate test split quarantined']
SIMP-EN-000365__SIMP,SIMP-EN-000365,simplification_pair,simplified_text,SIMP-EN-000365,development_candidate_test,skipped_locked_test,missing,locked_test,False,False,['Locked candidate test split quarantined']
SIMP-EN-000366__ORIG,SIMP-EN-000366,simplification_pair,source_text,SIMP-EN-000366,development_candidate_train,success,expert_verified,primary_train_eligible,True,True,[]
SIMP-EN-000366__SIMP,SIMP-EN-000366,simplification_pair,simplified_text,SIMP-EN-000366,development_candidate_train,success,missing,missing_or_conflicting_label,False,False,['Label status is missing']
SIMP-EN-000367__ORIG,SIMP-EN-000367,simplification_pair,source_text,SIMP-EN-000367,development_candidate_train,success,expert_verified,primary_train_eligible,True,True,[]
SIMP-EN-000367__SIMP,SIMP-EN-000367,simplification_pair,simplified_text,SIMP-EN-000367,development_candidate_train,success,missing,missing_or_conflicting_label,False,False,['Label status is missing']
SIMP-EN-000368__ORIG,SIMP-EN-000368,simplification_pair,source_text,SIMP-EN-000368,development_candidate_train,success,expert_verified,primary_train_eligible,True,True,[]
SIMP-EN-000368__SIMP,SIMP-EN-000368,simplification_pair,simplified_text,SIMP-EN-000368,development_candidate_train,success,missing,missing_or_conflicting_label,False,False,['Label status is missing']
SIMP-EN-000369__ORIG,SIMP-EN-000369,simplification_pair,source_text,SIMP-EN-000369,development_candidate_train,success,expert_verified,primary_train_eligible,True,True,[]
SIMP-EN-000369__SIMP,SIMP-EN-000369,simplification_pair,simplified_text,SIMP-EN-000369,development_candidate_train,success,missing,missing_or_conflicting_label,False,False,['Label status is missing']
SIMP-EN-000370__ORIG,SIMP-EN-000370,simplification_pair,source_text,SIMP-EN-000370,development_candidate_train,success,expert_verified,primary_train_eligible,True,True,[]
SIMP-EN-000370__SIMP,SIMP-EN-000370,simplification_pair,simplified_text,SIMP-EN-000370,development_candidate_train,success,missing,missing_or_conflicting_label,False,False,['Label status is missing']
SIMP-EN-000371__ORIG,SIMP-EN-000371,simplification_pair,source_text,SIMP-EN-000371,development_candidate_train,success,expert_verified,primary_train_eligible,True,True,[]
SIMP-EN-000371__SIMP,SIMP-EN-000371,simplification_pair,simplified_text,SIMP-EN-000371,development_candidate_train,success,missing,missing_or_conflicting_label,False,False,['Label status is missing']
SIMP-EN-000372__ORIG,SIMP-EN-000372,simplification_pair,source_text,SIMP-EN-000372,development_candidate_train,success,expert_verified,primary_train_eligible,True,True,[]
SIMP-EN-000372__SIMP,SIMP-EN-000372,simplification_pair,simplified_text,SIMP-EN-000372,development_candidate_train,success,missing,missing_or_conflicting_label,False,False,['Label status is missing']
SIMP-EN-000373__ORIG,SIMP-EN-000373,simplification_pair,source_text,SIMP-EN-000373,development_candidate_train,success,expert_verified,primary_train_eligible,True,True,[]
SIMP-EN-000373__SIMP,SIMP-EN-000373,simplification_pair,simplified_text,SIMP-EN-000373,development_candidate_train,success,missing,missing_or_conflicting_label,False,False,['Label status is missing']
SIMP-EN-000374__ORIG,SIMP-EN-000374,simplification_pair,source_text,SIMP-EN-000374,development_candidate_train,success,expert_verified,primary_train_eligible,True,True,[]
SIMP-EN-000374__SIMP,SIMP-EN-000374,simplification_pair,simplified_text,SIMP-EN-000374,development_candidate_train,success,missing,missing_or_conflicting_label,False,False,['Label status is missing']
SIMP-EN-000375__ORIG,SIMP-EN-000375,simplification_pair,source_text,SIMP-EN-000375,development_candidate_train,success,expert_verified,primary_train_eligible,True,True,[]
SIMP-EN-000375__SIMP,SIMP-EN-000375,simplification_pair,simplified_text,SIMP-EN-000375,development_candidate_train,success,missing,missing_or_conflicting_label,False,False,['Label status is missing']
SIMP-EN-000376__ORIG,SIMP-EN-000376,simplification_pair,source_text,SIMP-EN-000376,development_candidate_train,success,expert_verified,primary_train_eligible,True,True,[]
SIMP-EN-000376__SIMP,SIMP-EN-000376,simplification_pair,simplified_text,SIMP-EN-000376,development_candidate_train,success,missing,missing_or_conflicting_label,False,False,['Label status is missing']
SIMP-EN-000377__ORIG,SIMP-EN-000377,simplification_pair,source_text,SIMP-EN-000377,development_candidate_train,success,expert_verified,primary_train_eligible,True,True,[]
SIMP-EN-000377__SIMP,SIMP-EN-000377,simplification_pair,simplified_text,SIMP-EN-000377,development_candidate_train,success,missing,missing_or_conflicting_label,False,False,['Label status is missing']
SIMP-EN-000378__ORIG,SIMP-EN-000378,simplification_pair,source_text,SIMP-EN-000378,development_candidate_train,success,expert_verified,primary_train_eligible,True,True,[]
SIMP-EN-000378__SIMP,SIMP-EN-000378,simplification_pair,simplified_text,SIMP-EN-000378,development_candidate_train,success,missing,missing_or_conflicting_label,False,False,['Label status is missing']
SIMP-EN-000379__ORIG,SIMP-EN-000379,simplification_pair,source_text,SIMP-EN-000379,development_candidate_train,success,expert_verified,primary_train_eligible,True,True,[]
SIMP-EN-000379__SIMP,SIMP-EN-000379,simplification_pair,simplified_text,SIMP-EN-000379,development_candidate_train,success,missing,missing_or_conflicting_label,False,False,['Label status is missing']
SIMP-EN-000380__ORIG,SIMP-EN-000380,simplification_pair,source_text,SIMP-EN-000380,development_candidate_train,success,expert_verified,primary_train_eligible,True,True,[]
SIMP-EN-000380__SIMP,SIMP-EN-000380,simplification_pair,simplified_text,SIMP-EN-000380,development_candidate_train,success,missing,missing_or_conflicting_label,False,False,['Label status is missing']
SIMP-EN-000381__ORIG,SIMP-EN-000381,simplification_pair,source_text,SIMP-EN-000381,development_candidate_train,success,expert_verified,primary_train_eligible,True,True,[]
SIMP-EN-000381__SIMP,SIMP-EN-000381,simplification_pair,simplified_text,SIMP-EN-000381,development_candidate_train,success,missing,missing_or_conflicting_label,False,False,['Label status is missing']
SIMP-EN-000382__ORIG,SIMP-EN-000382,simplification_pair,source_text,SIMP-EN-000382,development_candidate_train,success,expert_verified,primary_train_eligible,True,True,[]
SIMP-EN-000382__SIMP,SIMP-EN-000382,simplification_pair,simplified_text,SIMP-EN-000382,development_candidate_train,success,missing,missing_or_conflicting_label,False,False,['Label status is missing']
SIMP-EN-000383__ORIG,SIMP-EN-000383,simplification_pair,source_text,SIMP-EN-000383,development_candidate_train,success,expert_verified,primary_train_eligible,True,True,[]
SIMP-EN-000383__SIMP,SIMP-EN-000383,simplification_pair,simplified_text,SIMP-EN-000383,development_candidate_train,success,missing,missing_or_conflicting_label,False,False,['Label status is missing']
SIMP-EN-000384__ORIG,SIMP-EN-000384,simplification_pair,source_text,SIMP-EN-000384,development_candidate_train,success,expert_verified,primary_train_eligible,True,True,[]
SIMP-EN-000384__SIMP,SIMP-EN-000384,simplification_pair,simplified_text,SIMP-EN-000384,development_candidate_train,success,missing,missing_or_conflicting_label,False,False,['Label status is missing']
SIMP-EN-000385__ORIG,SIMP-EN-000385,simplification_pair,source_text,SIMP-EN-000385,development_candidate_train,success,expert_verified,primary_train_eligible,True,True,[]
SIMP-EN-000385__SIMP,SIMP-EN-000385,simplification_pair,simplified_text,SIMP-EN-000385,development_candidate_train,success,missing,missing_or_conflicting_label,False,False,['Label status is missing']
SIMP-EN-000386__ORIG,SIMP-EN-000386,simplification_pair,source_text,SIMP-EN-000386,development_candidate_train,success,expert_verified,primary_train_eligible,True,True,[]
SIMP-EN-000386__SIMP,SIMP-EN-000386,simplification_pair,simplified_text,SIMP-EN-000386,development_candidate_train,success,missing,missing_or_conflicting_label,False,False,['Label status is missing']
SIMP-EN-000387__ORIG,SIMP-EN-000387,simplification_pair,source_text,SIMP-EN-000387,development_candidate_train,success,expert_verified,primary_train_eligible,True,True,[]
SIMP-EN-000387__SIMP,SIMP-EN-000387,simplification_pair,simplified_text,SIMP-EN-000387,development_candidate_train,success,missing,missing_or_conflicting_label,False,False,['Label status is missing']
SIMP-EN-000388__ORIG,SIMP-EN-000388,simplification_pair,source_text,SIMP-EN-000388,development_candidate_train,success,expert_verified,primary_train_eligible,True,True,[]
SIMP-EN-000388__SIMP,SIMP-EN-000388,simplification_pair,simplified_text,SIMP-EN-000388,development_candidate_train,success,missing,missing_or_conflicting_label,False,False,['Label status is missing']
SIMP-EN-000389__ORIG,SIMP-EN-000389,simplification_pair,source_text,SIMP-EN-000389,development_candidate_train,success,expert_verified,primary_train_eligible,True,True,[]
SIMP-EN-000389__SIMP,SIMP-EN-000389,simplification_pair,simplified_text,SIMP-EN-000389,development_candidate_train,success,missing,missing_or_conflicting_label,False,False,['Label status is missing']
SIMP-EN-000390__ORIG,SIMP-EN-000390,simplification_pair,source_text,SIMP-EN-000390,development_candidate_validation,success,expert_verified,primary_validation_eligible,False,False,[]
SIMP-EN-000390__SIMP,SIMP-EN-000390,simplification_pair,simplified_text,SIMP-EN-000390,development_candidate_validation,success,missing,missing_or_conflicting_label,False,False,['Label status is missing']
SIMP-EN-000391__ORIG,SIMP-EN-000391,simplification_pair,source_text,SIMP-EN-000391,development_candidate_validation,success,expert_verified,primary_validation_eligible,False,False,[]
SIMP-EN-000391__SIMP,SIMP-EN-000391,simplification_pair,simplified_text,SIMP-EN-000391,development_candidate_validation,success,missing,missing_or_conflicting_label,False,False,['Label status is missing']
SIMP-EN-000392__ORIG,SIMP-EN-000392,simplification_pair,source_text,SIMP-EN-000392,development_candidate_validation,success,expert_verified,primary_validation_eligible,False,False,[]
SIMP-EN-000392__SIMP,SIMP-EN-000392,simplification_pair,simplified_text,SIMP-EN-000392,development_candidate_validation,success,missing,missing_or_conflicting_label,False,False,['Label status is missing']
SIMP-EN-000393__ORIG,SIMP-EN-000393,simplification_pair,source_text,SIMP-EN-000393,development_candidate_train,success,expert_verified,primary_train_eligible,True,True,[]
SIMP-EN-000393__SIMP,SIMP-EN-000393,simplification_pair,simplified_text,SIMP-EN-000393,development_candidate_train,success,missing,missing_or_conflicting_label,False,False,['Label status is missing']
SIMP-EN-000394__ORIG,SIMP-EN-000394,simplification_pair,source_text,SIMP-EN-000394,development_candidate_train,success,expert_verified,primary_train_eligible,True,True,[]
SIMP-EN-000394__SIMP,SIMP-EN-000394,simplification_pair,simplified_text,SIMP-EN-000394,development_candidate_train,success,missing,missing_or_conflicting_label,False,False,['Label status is missing']
SIMP-EN-000395__ORIG,SIMP-EN-000395,simplification_pair,source_text,SIMP-EN-000395,development_candidate_train,success,expert_verified,primary_train_eligible,True,True,[]
SIMP-EN-000395__SIMP,SIMP-EN-000395,simplification_pair,simplified_text,SIMP-EN-000395,development_candidate_train,success,missing,missing_or_conflicting_label,False,False,['Label status is missing']
SIMP-EN-000396__ORIG,SIMP-EN-000396,simplification_pair,source_text,SIMP-EN-000396,development_candidate_train,success,expert_verified,primary_train_eligible,True,True,[]
SIMP-EN-000396__SIMP,SIMP-EN-000396,simplification_pair,simplified_text,SIMP-EN-000396,development_candidate_train,success,missing,missing_or_conflicting_label,False,False,['Label status is missing']
SIMP-EN-000397__ORIG,SIMP-EN-000397,simplification_pair,source_text,SIMP-EN-000397,development_candidate_train,success,expert_verified,primary_train_eligible,True,True,[]
SIMP-EN-000397__SIMP,SIMP-EN-000397,simplification_pair,simplified_text,SIMP-EN-000397,development_candidate_train,success,missing,missing_or_conflicting_label,False,False,['Label status is missing']
SIMP-EN-000398__ORIG,SIMP-EN-000398,simplification_pair,source_text,SIMP-EN-000398,development_candidate_train,success,expert_verified,primary_train_eligible,True,True,[]
SIMP-EN-000398__SIMP,SIMP-EN-000398,simplification_pair,simplified_text,SIMP-EN-000398,development_candidate_train,success,missing,missing_or_conflicting_label,False,False,['Label status is missing']
SIMP-EN-000399__ORIG,SIMP-EN-000399,simplification_pair,source_text,SIMP-EN-000399,development_candidate_validation,success,expert_verified,primary_validation_eligible,False,False,[]
SIMP-EN-000399__SIMP,SIMP-EN-000399,simplification_pair,simplified_text,SIMP-EN-000399,development_candidate_validation,success,missing,missing_or_conflicting_label,False,False,['Label status is missing']
SIMP-EN-000400__ORIG,SIMP-EN-000400,simplification_pair,source_text,SIMP-EN-000400,development_candidate_validation,success,expert_verified,primary_validation_eligible,False,False,[]
SIMP-EN-000400__SIMP,SIMP-EN-000400,simplification_pair,simplified_text,SIMP-EN-000400,development_candidate_validation,success,missing,missing_or_conflicting_label,False,False,['Label status is missing']
SIMP-EN-000401__ORIG,SIMP-EN-000401,simplification_pair,source_text,SIMP-EN-000401,development_candidate_validation,success,expert_verified,primary_validation_eligible,False,False,[]
SIMP-EN-000401__SIMP,SIMP-EN-000401,simplification_pair,simplified_text,SIMP-EN-000401,development_candidate_validation,success,missing,missing_or_conflicting_label,False,False,['Label status is missing']
SIMP-EN-000402__ORIG,SIMP-EN-000402,simplification_pair,source_text,SIMP-EN-000402,development_candidate_validation,success,expert_verified,primary_validation_eligible,False,False,[]
SIMP-EN-000402__SIMP,SIMP-EN-000402,simplification_pair,simplified_text,SIMP-EN-000402,development_candidate_validation,success,missing,missing_or_conflicting_label,False,False,['Label status is missing']
SIMP-EN-000403__ORIG,SIMP-EN-000403,simplification_pair,source_text,SIMP-EN-000403,development_candidate_validation,success,expert_verified,primary_validation_eligible,False,False,[]
SIMP-EN-000403__SIMP,SIMP-EN-000403,simplification_pair,simplified_text,SIMP-EN-000403,development_candidate_validation,success,missing,missing_or_conflicting_label,False,False,['Label status is missing']
SIMP-EN-000404__ORIG,SIMP-EN-000404,simplification_pair,source_text,SIMP-EN-000404,development_candidate_validation,success,expert_verified,primary_validation_eligible,False,False,[]
SIMP-EN-000404__SIMP,SIMP-EN-000404,simplification_pair,simplified_text,SIMP-EN-000404,development_candidate_validation,success,missing,missing_or_conflicting_label,False,False,['Label status is missing']
SIMP-EN-000585__ORIG,SIMP-EN-000585,simplification_pair,source_text,SIMP-EN-000585,development_candidate_train,success,expert_verified,primary_train_eligible,True,True,[]
SIMP-EN-000585__SIMP,SIMP-EN-000585,simplification_pair,simplified_text,SIMP-EN-000585,development_candidate_train,success,missing,missing_or_conflicting_label,False,False,['Label status is missing']
SIMP-EN-000586__ORIG,SIMP-EN-000586,simplification_pair,source_text,SIMP-EN-000586,development_candidate_train,success,expert_verified,primary_train_eligible,True,True,[]
SIMP-EN-000586__SIMP,SIMP-EN-000586,simplification_pair,simplified_text,SIMP-EN-000586,development_candidate_train,success,missing,missing_or_conflicting_label,False,False,['Label status is missing']
SIMP-EN-000587__ORIG,SIMP-EN-000587,simplification_pair,source_text,SIMP-EN-000587,development_candidate_train,success,expert_verified,primary_train_eligible,True,True,[]
SIMP-EN-000587__SIMP,SIMP-EN-000587,simplification_pair,simplified_text,SIMP-EN-000587,development_candidate_train,success,missing,missing_or_conflicting_label,False,False,['Label status is missing']
SIMP-EN-000588__ORIG,SIMP-EN-000588,simplification_pair,source_text,SIMP-EN-000588,development_candidate_train,success,expert_verified,primary_train_eligible,True,True,[]
SIMP-EN-000588__SIMP,SIMP-EN-000588,simplification_pair,simplified_text,SIMP-EN-000588,development_candidate_train,success,missing,missing_or_conflicting_label,False,False,['Label status is missing']
SIMP-EN-000589__ORIG,SIMP-EN-000589,simplification_pair,source_text,SIMP-EN-000589,development_candidate_train,success,expert_verified,primary_train_eligible,True,True,[]
SIMP-EN-000589__SIMP,SIMP-EN-000589,simplification_pair,simplified_text,SIMP-EN-000589,development_candidate_train,success,missing,missing_or_conflicting_label,False,False,['Label status is missing']
SIMP-EN-000590__ORIG,SIMP-EN-000590,simplification_pair,source_text,SIMP-EN-000590,development_candidate_train,success,expert_verified,primary_train_eligible,True,True,[]
SIMP-EN-000590__SIMP,SIMP-EN-000590,simplification_pair,simplified_text,SIMP-EN-000590,development_candidate_train,success,missing,missing_or_conflicting_label,False,False,['Label status is missing']
SIMP-EN-000591__ORIG,SIMP-EN-000591,simplification_pair,source_text,SIMP-EN-000591,development_candidate_validation,success,expert_verified,primary_validation_eligible,False,False,[]
SIMP-EN-000591__SIMP,SIMP-EN-000591,simplification_pair,simplified_text,SIMP-EN-000591,development_candidate_validation,success,missing,missing_or_conflicting_label,False,False,['Label status is missing']
SIMP-EN-000592__ORIG,SIMP-EN-000592,simplification_pair,source_text,SIMP-EN-000592,development_candidate_validation,success,expert_verified,primary_validation_eligible,False,False,[]
SIMP-EN-000592__SIMP,SIMP-EN-000592,simplification_pair,simplified_text,SIMP-EN-000592,development_candidate_validation,success,missing,missing_or_conflicting_label,False,False,['Label status is missing']
SIMP-EN-000593__ORIG,SIMP-EN-000593,simplification_pair,source_text,SIMP-EN-000593,development_candidate_validation,success,expert_verified,primary_validation_eligible,False,False,[]
SIMP-EN-000593__SIMP,SIMP-EN-000593,simplification_pair,simplified_text,SIMP-EN-000593,development_candidate_validation,success,missing,missing_or_conflicting_label,False,False,['Label status is missing']
SIMP-EN-000594__ORIG,SIMP-EN-000594,simplification_pair,source_text,SIMP-EN-000594,development_candidate_train,success,expert_verified,primary_train_eligible,True,True,[]
SIMP-EN-000594__SIMP,SIMP-EN-000594,simplification_pair,simplified_text,SIMP-EN-000594,development_candidate_train,success,missing,missing_or_conflicting_label,False,False,['Label status is missing']
SIMP-EN-000595__ORIG,SIMP-EN-000595,simplification_pair,source_text,SIMP-EN-000595,development_candidate_train,success,expert_verified,primary_train_eligible,True,True,[]
SIMP-EN-000595__SIMP,SIMP-EN-000595,simplification_pair,simplified_text,SIMP-EN-000595,development_candidate_train,success,missing,missing_or_conflicting_label,False,False,['Label status is missing']
SIMP-EN-000596__ORIG,SIMP-EN-000596,simplification_pair,source_text,SIMP-EN-000596,development_candidate_train,success,expert_verified,primary_train_eligible,True,True,[]
SIMP-EN-000596__SIMP,SIMP-EN-000596,simplification_pair,simplified_text,SIMP-EN-000596,development_candidate_train,success,missing,missing_or_conflicting_label,False,False,['Label status is missing']
SIMP-EN-000597__ORIG,SIMP-EN-000597,simplification_pair,source_text,SIMP-EN-000597,development_candidate_train,success,expert_verified,primary_train_eligible,True,True,[]
SIMP-EN-000597__SIMP,SIMP-EN-000597,simplification_pair,simplified_text,SIMP-EN-000597,development_candidate_train,success,missing,missing_or_conflicting_label,False,False,['Label status is missing']
SIMP-EN-000598__ORIG,SIMP-EN-000598,simplification_pair,source_text,SIMP-EN-000598,development_candidate_train,success,expert_verified,primary_train_eligible,True,True,[]
SIMP-EN-000598__SIMP,SIMP-EN-000598,simplification_pair,simplified_text,SIMP-EN-000598,development_candidate_train,success,missing,missing_or_conflicting_label,False,False,['Label status is missing']
SIMP-EN-000599__ORIG,SIMP-EN-000599,simplification_pair,source_text,SIMP-EN-000599,development_candidate_train,success,expert_verified,primary_train_eligible,True,True,[]
SIMP-EN-000599__SIMP,SIMP-EN-000599,simplification_pair,simplified_text,SIMP-EN-000599,development_candidate_train,success,missing,missing_or_conflicting_label,False,False,['Label status is missing']
SIMP-EN-000600__ORIG,SIMP-EN-000600,simplification_pair,source_text,SIMP-EN-000600,development_candidate_train,success,expert_verified,primary_train_eligible,True,True,[]
SIMP-EN-000600__SIMP,SIMP-EN-000600,simplification_pair,simplified_text,SIMP-EN-000600,development_candidate_train,success,missing,missing_or_conflicting_label,False,False,['Label status is missing']
SIMP-EN-000601__ORIG,SIMP-EN-000601,simplification_pair,source_text,SIMP-EN-000601,development_candidate_train,success,expert_verified,primary_train_eligible,True,True,[]
SIMP-EN-000601__SIMP,SIMP-EN-000601,simplification_pair,simplified_text,SIMP-EN-000601,development_candidate_train,success,missing,missing_or_conflicting_label,False,False,['Label status is missing']
SIMP-EN-000602__ORIG,SIMP-EN-000602,simplification_pair,source_text,SIMP-EN-000602,development_candidate_train,success,expert_verified,primary_train_eligible,True,True,[]
SIMP-EN-000602__SIMP,SIMP-EN-000602,simplification_pair,simplified_text,SIMP-EN-000602,development_candidate_train,success,missing,missing_or_conflicting_label,False,False,['Label status is missing']
SIMP-EN-000603__ORIG,SIMP-EN-000603,simplification_pair,source_text,SIMP-EN-000603,development_candidate_test,skipped_locked_test,expert_verified,locked_test,False,False,['Locked candidate test split quarantined']
SIMP-EN-000603__SIMP,SIMP-EN-000603,simplification_pair,simplified_text,SIMP-EN-000603,development_candidate_test,skipped_locked_test,missing,locked_test,False,False,['Locked candidate test split quarantined']
SIMP-EN-000604__ORIG,SIMP-EN-000604,simplification_pair,source_text,SIMP-EN-000604,development_candidate_test,skipped_locked_test,expert_verified,locked_test,False,False,['Locked candidate test split quarantined']
SIMP-EN-000604__SIMP,SIMP-EN-000604,simplification_pair,simplified_text,SIMP-EN-000604,development_candidate_test,skipped_locked_test,missing,locked_test,False,False,['Locked candidate test split quarantined']
SIMP-EN-000605__ORIG,SIMP-EN-000605,simplification_pair,source_text,SIMP-EN-000605,development_candidate_test,skipped_locked_test,expert_verified,locked_test,False,False,['Locked candidate test split quarantined']
SIMP-EN-000605__SIMP,SIMP-EN-000605,simplification_pair,simplified_text,SIMP-EN-000605,development_candidate_test,skipped_locked_test,missing,locked_test,False,False,['Locked candidate test split quarantined']
SIMP-EN-000606__ORIG,SIMP-EN-000606,simplification_pair,source_text,SIMP-EN-000606,development_candidate_train,success,expert_verified,primary_train_eligible,True,True,[]
SIMP-EN-000606__SIMP,SIMP-EN-000606,simplification_pair,simplified_text,SIMP-EN-000606,development_candidate_train,success,missing,missing_or_conflicting_label,False,False,['Label status is missing']
SIMP-EN-000607__ORIG,SIMP-EN-000607,simplification_pair,source_text,SIMP-EN-000607,development_candidate_train,success,expert_verified,primary_train_eligible,True,True,[]
SIMP-EN-000607__SIMP,SIMP-EN-000607,simplification_pair,simplified_text,SIMP-EN-000607,development_candidate_train,success,missing,missing_or_conflicting_label,False,False,['Label status is missing']
SIMP-EN-000608__ORIG,SIMP-EN-000608,simplification_pair,source_text,SIMP-EN-000608,development_candidate_train,success,expert_verified,primary_train_eligible,True,True,[]
SIMP-EN-000608__SIMP,SIMP-EN-000608,simplification_pair,simplified_text,SIMP-EN-000608,development_candidate_train,success,missing,missing_or_conflicting_label,False,False,['Label status is missing']
SIMP-EN-000609__ORIG,SIMP-EN-000609,simplification_pair,source_text,SIMP-EN-000609,development_candidate_train,success,expert_verified,primary_train_eligible,True,True,[]
SIMP-EN-000609__SIMP,SIMP-EN-000609,simplification_pair,simplified_text,SIMP-EN-000609,development_candidate_train,success,missing,missing_or_conflicting_label,False,False,['Label status is missing']
SIMP-EN-000610__ORIG,SIMP-EN-000610,simplification_pair,source_text,SIMP-EN-000610,development_candidate_train,success,expert_verified,primary_train_eligible,True,True,[]
SIMP-EN-000610__SIMP,SIMP-EN-000610,simplification_pair,simplified_text,SIMP-EN-000610,development_candidate_train,success,missing,missing_or_conflicting_label,False,False,['Label status is missing']
SIMP-EN-000611__ORIG,SIMP-EN-000611,simplification_pair,source_text,SIMP-EN-000611,development_candidate_train,success,expert_verified,primary_train_eligible,True,True,[]
SIMP-EN-000611__SIMP,SIMP-EN-000611,simplification_pair,simplified_text,SIMP-EN-000611,development_candidate_train,success,missing,missing_or_conflicting_label,False,False,['Label status is missing']
SIMP-EN-000612__ORIG,SIMP-EN-000612,simplification_pair,source_text,SIMP-EN-000612,development_candidate_train,success,expert_verified,primary_train_eligible,True,True,[]
SIMP-EN-000612__SIMP,SIMP-EN-000612,simplification_pair,simplified_text,SIMP-EN-000612,development_candidate_train,success,missing,missing_or_conflicting_label,False,False,['Label status is missing']
SIMP-EN-000613__ORIG,SIMP-EN-000613,simplification_pair,source_text,SIMP-EN-000613,development_candidate_train,success,expert_verified,primary_train_eligible,True,True,[]
SIMP-EN-000613__SIMP,SIMP-EN-000613,simplification_pair,simplified_text,SIMP-EN-000613,development_candidate_train,success,missing,missing_or_conflicting_label,False,False,['Label status is missing']
SIMP-EN-000614__ORIG,SIMP-EN-000614,simplification_pair,source_text,SIMP-EN-000614,development_candidate_train,success,expert_verified,primary_train_eligible,True,True,[]
SIMP-EN-000614__SIMP,SIMP-EN-000614,simplification_pair,simplified_text,SIMP-EN-000614,development_candidate_train,success,missing,missing_or_conflicting_label,False,False,['Label status is missing']
SIMP-EN-000615__ORIG,SIMP-EN-000615,simplification_pair,source_text,SIMP-EN-000615,development_candidate_train,success,expert_verified,primary_train_eligible,True,True,[]
SIMP-EN-000615__SIMP,SIMP-EN-000615,simplification_pair,simplified_text,SIMP-EN-000615,development_candidate_train,success,missing,missing_or_conflicting_label,False,False,['Label status is missing']
SIMP-EN-000616__ORIG,SIMP-EN-000616,simplification_pair,source_text,SIMP-EN-000616,development_candidate_train,success,expert_verified,primary_train_eligible,True,True,[]
SIMP-EN-000616__SIMP,SIMP-EN-000616,simplification_pair,simplified_text,SIMP-EN-000616,development_candidate_train,success,missing,missing_or_conflicting_label,False,False,['Label status is missing']
SIMP-EN-000617__ORIG,SIMP-EN-000617,simplification_pair,source_text,SIMP-EN-000617,development_candidate_train,success,expert_verified,primary_train_eligible,True,True,[]
SIMP-EN-000617__SIMP,SIMP-EN-000617,simplification_pair,simplified_text,SIMP-EN-000617,development_candidate_train,success,missing,missing_or_conflicting_label,False,False,['Label status is missing']
SIMP-EN-000618__ORIG,SIMP-EN-000618,simplification_pair,source_text,SIMP-EN-000618,development_candidate_train,success,expert_verified,primary_train_eligible,True,True,[]
SIMP-EN-000618__SIMP,SIMP-EN-000618,simplification_pair,simplified_text,SIMP-EN-000618,development_candidate_train,success,missing,missing_or_conflicting_label,False,False,['Label status is missing']
SIMP-EN-000619__ORIG,SIMP-EN-000619,simplification_pair,source_text,SIMP-EN-000619,development_candidate_train,success,expert_verified,primary_train_eligible,True,True,[]
SIMP-EN-000619__SIMP,SIMP-EN-000619,simplification_pair,simplified_text,SIMP-EN-000619,development_candidate_train,success,missing,missing_or_conflicting_label,False,False,['Label status is missing']
SIMP-EN-000620__ORIG,SIMP-EN-000620,simplification_pair,source_text,SIMP-EN-000620,development_candidate_train,success,expert_verified,primary_train_eligible,True,True,[]
SIMP-EN-000620__SIMP,SIMP-EN-000620,simplification_pair,simplified_text,SIMP-EN-000620,development_candidate_train,success,missing,missing_or_conflicting_label,False,False,['Label status is missing']
SIMP-EN-000621__ORIG,SIMP-EN-000621,simplification_pair,source_text,SIMP-EN-000621,development_candidate_train,success,expert_verified,primary_train_eligible,True,True,[]
SIMP-EN-000621__SIMP,SIMP-EN-000621,simplification_pair,simplified_text,SIMP-EN-000621,development_candidate_train,success,missing,missing_or_conflicting_label,False,False,['Label status is missing']
SIMP-EN-000622__ORIG,SIMP-EN-000622,simplification_pair,source_text,SIMP-EN-000622,development_candidate_train,success,expert_verified,primary_train_eligible,True,True,[]
SIMP-EN-000622__SIMP,SIMP-EN-000622,simplification_pair,simplified_text,SIMP-EN-000622,development_candidate_train,success,missing,missing_or_conflicting_label,False,False,['Label status is missing']
SIMP-EN-000623__ORIG,SIMP-EN-000623,simplification_pair,source_text,SIMP-EN-000623,development_candidate_train,success,expert_verified,primary_train_eligible,True,True,[]
SIMP-EN-000623__SIMP,SIMP-EN-000623,simplification_pair,simplified_text,SIMP-EN-000623,development_candidate_train,success,missing,missing_or_conflicting_label,False,False,['Label status is missing']
SIMP-EN-000624__ORIG,SIMP-EN-000624,simplification_pair,source_text,SIMP-EN-000624,development_candidate_train,success,expert_verified,primary_train_eligible,True,True,[]
SIMP-EN-000624__SIMP,SIMP-EN-000624,simplification_pair,simplified_text,SIMP-EN-000624,development_candidate_train,success,missing,missing_or_conflicting_label,False,False,['Label status is missing']
SIMP-EN-000625__ORIG,SIMP-EN-000625,simplification_pair,source_text,SIMP-EN-000625,development_candidate_train,success,expert_verified,primary_train_eligible,True,True,[]
SIMP-EN-000625__SIMP,SIMP-EN-000625,simplification_pair,simplified_text,SIMP-EN-000625,development_candidate_train,success,missing,missing_or_conflicting_label,False,False,['Label status is missing']
SIMP-EN-000626__ORIG,SIMP-EN-000626,simplification_pair,source_text,SIMP-EN-000626,development_candidate_train,success,expert_verified,primary_train_eligible,True,True,[]
SIMP-EN-000626__SIMP,SIMP-EN-000626,simplification_pair,simplified_text,SIMP-EN-000626,development_candidate_train,success,missing,missing_or_conflicting_label,False,False,['Label status is missing']
SIMP-EN-000627__ORIG,SIMP-EN-000627,simplification_pair,source_text,SIMP-EN-000627,development_candidate_train,success,expert_verified,primary_train_eligible,True,True,[]
SIMP-EN-000627__SIMP,SIMP-EN-000627,simplification_pair,simplified_text,SIMP-EN-000627,development_candidate_train,success,missing,missing_or_conflicting_label,False,False,['Label status is missing']
SIMP-EN-000628__ORIG,SIMP-EN-000628,simplification_pair,source_text,SIMP-EN-000628,development_candidate_train,success,expert_verified,primary_train_eligible,True,True,[]
SIMP-EN-000628__SIMP,SIMP-EN-000628,simplification_pair,simplified_text,SIMP-EN-000628,development_candidate_train,success,missing,missing_or_conflicting_label,False,False,['Label status is missing']
SIMP-EN-000629__ORIG,SIMP-EN-000629,simplification_pair,source_text,SIMP-EN-000629,development_candidate_train,success,expert_verified,primary_train_eligible,True,True,[]
SIMP-EN-000629__SIMP,SIMP-EN-000629,simplification_pair,simplified_text,SIMP-EN-000629,development_candidate_train,success,missing,missing_or_conflicting_label,False,False,['Label status is missing']
SIMP-EN-000810__ORIG,SIMP-EN-000810,simplification_pair,source_text,SIMP-EN-000810,development_candidate_test,skipped_locked_test,expert_verified,locked_test,False,False,['Locked candidate test split quarantined']
SIMP-EN-000810__SIMP,SIMP-EN-000810,simplification_pair,simplified_text,SIMP-EN-000810,development_candidate_test,skipped_locked_test,missing,locked_test,False,False,['Locked candidate test split quarantined']
SIMP-EN-000811__ORIG,SIMP-EN-000811,simplification_pair,source_text,SIMP-EN-000811,development_candidate_test,skipped_locked_test,expert_verified,locked_test,False,False,['Locked candidate test split quarantined']
SIMP-EN-000811__SIMP,SIMP-EN-000811,simplification_pair,simplified_text,SIMP-EN-000811,development_candidate_test,skipped_locked_test,missing,locked_test,False,False,['Locked candidate test split quarantined']
SIMP-EN-000812__ORIG,SIMP-EN-000812,simplification_pair,source_text,SIMP-EN-000812,development_candidate_test,skipped_locked_test,expert_verified,locked_test,False,False,['Locked candidate test split quarantined']
SIMP-EN-000812__SIMP,SIMP-EN-000812,simplification_pair,simplified_text,SIMP-EN-000812,development_candidate_test,skipped_locked_test,missing,locked_test,False,False,['Locked candidate test split quarantined']
SIMP-EN-000813__ORIG,SIMP-EN-000813,simplification_pair,source_text,SIMP-EN-000813,development_candidate_test,skipped_locked_test,expert_verified,locked_test,False,False,['Locked candidate test split quarantined']
SIMP-EN-000813__SIMP,SIMP-EN-000813,simplification_pair,simplified_text,SIMP-EN-000813,development_candidate_test,skipped_locked_test,missing,locked_test,False,False,['Locked candidate test split quarantined']
SIMP-EN-000814__ORIG,SIMP-EN-000814,simplification_pair,source_text,SIMP-EN-000814,development_candidate_test,skipped_locked_test,expert_verified,locked_test,False,False,['Locked candidate test split quarantined']
SIMP-EN-000814__SIMP,SIMP-EN-000814,simplification_pair,simplified_text,SIMP-EN-000814,development_candidate_test,skipped_locked_test,missing,locked_test,False,False,['Locked candidate test split quarantined']
SIMP-EN-000815__ORIG,SIMP-EN-000815,simplification_pair,source_text,SIMP-EN-000815,development_candidate_test,skipped_locked_test,expert_verified,locked_test,False,False,['Locked candidate test split quarantined']
SIMP-EN-000815__SIMP,SIMP-EN-000815,simplification_pair,simplified_text,SIMP-EN-000815,development_candidate_test,skipped_locked_test,missing,locked_test,False,False,['Locked candidate test split quarantined']
SIMP-EN-000816__ORIG,SIMP-EN-000816,simplification_pair,source_text,SIMP-EN-000816,development_candidate_test,skipped_locked_test,expert_verified,locked_test,False,False,['Locked candidate test split quarantined']
SIMP-EN-000816__SIMP,SIMP-EN-000816,simplification_pair,simplified_text,SIMP-EN-000816,development_candidate_test,skipped_locked_test,missing,locked_test,False,False,['Locked candidate test split quarantined']
SIMP-EN-000817__ORIG,SIMP-EN-000817,simplification_pair,source_text,SIMP-EN-000817,development_candidate_test,skipped_locked_test,expert_verified,locked_test,False,False,['Locked candidate test split quarantined']
SIMP-EN-000817__SIMP,SIMP-EN-000817,simplification_pair,simplified_text,SIMP-EN-000817,development_candidate_test,skipped_locked_test,missing,locked_test,False,False,['Locked candidate test split quarantined']
SIMP-EN-000818__ORIG,SIMP-EN-000818,simplification_pair,source_text,SIMP-EN-000818,development_candidate_test,skipped_locked_test,expert_verified,locked_test,False,False,['Locked candidate test split quarantined']
SIMP-EN-000818__SIMP,SIMP-EN-000818,simplification_pair,simplified_text,SIMP-EN-000818,development_candidate_test,skipped_locked_test,missing,locked_test,False,False,['Locked candidate test split quarantined']
SIMP-EN-000819__ORIG,SIMP-EN-000819,simplification_pair,source_text,SIMP-EN-000819,development_candidate_train,success,expert_verified,primary_train_eligible,True,True,[]
SIMP-EN-000819__SIMP,SIMP-EN-000819,simplification_pair,simplified_text,SIMP-EN-000819,development_candidate_train,success,missing,missing_or_conflicting_label,False,False,['Label status is missing']
SIMP-EN-000820__ORIG,SIMP-EN-000820,simplification_pair,source_text,SIMP-EN-000820,development_candidate_train,success,expert_verified,primary_train_eligible,True,True,[]
SIMP-EN-000820__SIMP,SIMP-EN-000820,simplification_pair,simplified_text,SIMP-EN-000820,development_candidate_train,success,missing,missing_or_conflicting_label,False,False,['Label status is missing']
SIMP-EN-000821__ORIG,SIMP-EN-000821,simplification_pair,source_text,SIMP-EN-000821,development_candidate_train,success,expert_verified,primary_train_eligible,True,True,[]
SIMP-EN-000821__SIMP,SIMP-EN-000821,simplification_pair,simplified_text,SIMP-EN-000821,development_candidate_train,success,missing,missing_or_conflicting_label,False,False,['Label status is missing']
SIMP-EN-000822__ORIG,SIMP-EN-000822,simplification_pair,source_text,SIMP-EN-000822,development_candidate_test,skipped_locked_test,expert_verified,locked_test,False,False,['Locked candidate test split quarantined']
SIMP-EN-000822__SIMP,SIMP-EN-000822,simplification_pair,simplified_text,SIMP-EN-000822,development_candidate_test,skipped_locked_test,missing,locked_test,False,False,['Locked candidate test split quarantined']
SIMP-EN-000823__ORIG,SIMP-EN-000823,simplification_pair,source_text,SIMP-EN-000823,development_candidate_test,skipped_locked_test,expert_verified,locked_test,False,False,['Locked candidate test split quarantined']
SIMP-EN-000823__SIMP,SIMP-EN-000823,simplification_pair,simplified_text,SIMP-EN-000823,development_candidate_test,skipped_locked_test,missing,locked_test,False,False,['Locked candidate test split quarantined']
SIMP-EN-000824__ORIG,SIMP-EN-000824,simplification_pair,source_text,SIMP-EN-000824,development_candidate_test,skipped_locked_test,expert_verified,locked_test,False,False,['Locked candidate test split quarantined']
SIMP-EN-000824__SIMP,SIMP-EN-000824,simplification_pair,simplified_text,SIMP-EN-000824,development_candidate_test,skipped_locked_test,missing,locked_test,False,False,['Locked candidate test split quarantined']
SIMP-EN-000825__ORIG,SIMP-EN-000825,simplification_pair,source_text,SIMP-EN-000825,development_candidate_train,success,expert_verified,primary_train_eligible,True,True,[]
SIMP-EN-000825__SIMP,SIMP-EN-000825,simplification_pair,simplified_text,SIMP-EN-000825,development_candidate_train,success,missing,missing_or_conflicting_label,False,False,['Label status is missing']
SIMP-EN-000826__ORIG,SIMP-EN-000826,simplification_pair,source_text,SIMP-EN-000826,development_candidate_train,success,expert_verified,primary_train_eligible,True,True,[]
SIMP-EN-000826__SIMP,SIMP-EN-000826,simplification_pair,simplified_text,SIMP-EN-000826,development_candidate_train,success,missing,missing_or_conflicting_label,False,False,['Label status is missing']
SIMP-EN-000827__ORIG,SIMP-EN-000827,simplification_pair,source_text,SIMP-EN-000827,development_candidate_train,success,expert_verified,primary_train_eligible,True,True,[]
SIMP-EN-000827__SIMP,SIMP-EN-000827,simplification_pair,simplified_text,SIMP-EN-000827,development_candidate_train,success,missing,missing_or_conflicting_label,False,False,['Label status is missing']
SIMP-EN-000828__ORIG,SIMP-EN-000828,simplification_pair,source_text,SIMP-EN-000828,development_candidate_validation,success,expert_verified,primary_validation_eligible,False,False,[]
SIMP-EN-000828__SIMP,SIMP-EN-000828,simplification_pair,simplified_text,SIMP-EN-000828,development_candidate_validation,success,missing,missing_or_conflicting_label,False,False,['Label status is missing']
SIMP-EN-000829__ORIG,SIMP-EN-000829,simplification_pair,source_text,SIMP-EN-000829,development_candidate_validation,success,expert_verified,primary_validation_eligible,False,False,[]
SIMP-EN-000829__SIMP,SIMP-EN-000829,simplification_pair,simplified_text,SIMP-EN-000829,development_candidate_validation,success,missing,missing_or_conflicting_label,False,False,['Label status is missing']
SIMP-EN-000830__ORIG,SIMP-EN-000830,simplification_pair,source_text,SIMP-EN-000830,development_candidate_validation,success,expert_verified,primary_validation_eligible,False,False,[]
SIMP-EN-000830__SIMP,SIMP-EN-000830,simplification_pair,simplified_text,SIMP-EN-000830,development_candidate_validation,success,missing,missing_or_conflicting_label,False,False,['Label status is missing']
SIMP-EN-000831__ORIG,SIMP-EN-000831,simplification_pair,source_text,SIMP-EN-000831,development_candidate_train,success,expert_verified,primary_train_eligible,True,True,[]
SIMP-EN-000831__SIMP,SIMP-EN-000831,simplification_pair,simplified_text,SIMP-EN-000831,development_candidate_train,success,missing,missing_or_conflicting_label,False,False,['Label status is missing']
SIMP-EN-000832__ORIG,SIMP-EN-000832,simplification_pair,source_text,SIMP-EN-000832,development_candidate_train,success,expert_verified,primary_train_eligible,True,True,[]
SIMP-EN-000832__SIMP,SIMP-EN-000832,simplification_pair,simplified_text,SIMP-EN-000832,development_candidate_train,success,missing,missing_or_conflicting_label,False,False,['Label status is missing']
SIMP-EN-000833__ORIG,SIMP-EN-000833,simplification_pair,source_text,SIMP-EN-000833,development_candidate_train,success,expert_verified,primary_train_eligible,True,True,[]
SIMP-EN-000833__SIMP,SIMP-EN-000833,simplification_pair,simplified_text,SIMP-EN-000833,development_candidate_train,success,missing,missing_or_conflicting_label,False,False,['Label status is missing']
SIMP-EN-000834__ORIG,SIMP-EN-000834,simplification_pair,source_text,SIMP-EN-000834,development_candidate_validation,success,expert_verified,primary_validation_eligible,False,False,[]
SIMP-EN-000834__SIMP,SIMP-EN-000834,simplification_pair,simplified_text,SIMP-EN-000834,development_candidate_validation,success,missing,missing_or_conflicting_label,False,False,['Label status is missing']
SIMP-EN-000835__ORIG,SIMP-EN-000835,simplification_pair,source_text,SIMP-EN-000835,development_candidate_validation,success,expert_verified,primary_validation_eligible,False,False,[]
SIMP-EN-000835__SIMP,SIMP-EN-000835,simplification_pair,simplified_text,SIMP-EN-000835,development_candidate_validation,success,missing,missing_or_conflicting_label,False,False,['Label status is missing']
SIMP-EN-000836__ORIG,SIMP-EN-000836,simplification_pair,source_text,SIMP-EN-000836,development_candidate_validation,success,expert_verified,primary_validation_eligible,False,False,[]
SIMP-EN-000836__SIMP,SIMP-EN-000836,simplification_pair,simplified_text,SIMP-EN-000836,development_candidate_validation,success,missing,missing_or_conflicting_label,False,False,['Label status is missing']
SIMP-EN-000837__ORIG,SIMP-EN-000837,simplification_pair,source_text,SIMP-EN-000837,development_candidate_test,skipped_locked_test,expert_verified,locked_test,False,False,['Locked candidate test split quarantined']
SIMP-EN-000837__SIMP,SIMP-EN-000837,simplification_pair,simplified_text,SIMP-EN-000837,development_candidate_test,skipped_locked_test,missing,locked_test,False,False,['Locked candidate test split quarantined']
SIMP-EN-000838__ORIG,SIMP-EN-000838,simplification_pair,source_text,SIMP-EN-000838,development_candidate_test,skipped_locked_test,expert_verified,locked_test,False,False,['Locked candidate test split quarantined']
SIMP-EN-000838__SIMP,SIMP-EN-000838,simplification_pair,simplified_text,SIMP-EN-000838,development_candidate_test,skipped_locked_test,missing,locked_test,False,False,['Locked candidate test split quarantined']
SIMP-EN-000839__ORIG,SIMP-EN-000839,simplification_pair,source_text,SIMP-EN-000839,development_candidate_test,skipped_locked_test,expert_verified,locked_test,False,False,['Locked candidate test split quarantined']
SIMP-EN-000839__SIMP,SIMP-EN-000839,simplification_pair,simplified_text,SIMP-EN-000839,development_candidate_test,skipped_locked_test,missing,locked_test,False,False,['Locked candidate test split quarantined']
SIMP-EN-001035__ORIG,SIMP-EN-001035,simplification_pair,source_text,SIMP-EN-001035,development_candidate_train,success,expert_verified,primary_train_eligible,True,True,[]
SIMP-EN-001035__SIMP,SIMP-EN-001035,simplification_pair,simplified_text,SIMP-EN-001035,development_candidate_train,success,missing,missing_or_conflicting_label,False,False,['Label status is missing']
SIMP-EN-001036__ORIG,SIMP-EN-001036,simplification_pair,source_text,SIMP-EN-001036,development_candidate_train,success,expert_verified,primary_train_eligible,True,True,[]
SIMP-EN-001036__SIMP,SIMP-EN-001036,simplification_pair,simplified_text,SIMP-EN-001036,development_candidate_train,success,missing,missing_or_conflicting_label,False,False,['Label status is missing']
SIMP-EN-001037__ORIG,SIMP-EN-001037,simplification_pair,source_text,SIMP-EN-001037,development_candidate_train,success,expert_verified,primary_train_eligible,True,True,[]
SIMP-EN-001037__SIMP,SIMP-EN-001037,simplification_pair,simplified_text,SIMP-EN-001037,development_candidate_train,success,missing,missing_or_conflicting_label,False,False,['Label status is missing']
SIMP-EN-001038__ORIG,SIMP-EN-001038,simplification_pair,source_text,SIMP-EN-001038,development_candidate_train,success,expert_verified,primary_train_eligible,True,True,[]
SIMP-EN-001038__SIMP,SIMP-EN-001038,simplification_pair,simplified_text,SIMP-EN-001038,development_candidate_train,success,missing,missing_or_conflicting_label,False,False,['Label status is missing']
SIMP-EN-001039__ORIG,SIMP-EN-001039,simplification_pair,source_text,SIMP-EN-001039,development_candidate_train,success,expert_verified,primary_train_eligible,True,True,[]
SIMP-EN-001039__SIMP,SIMP-EN-001039,simplification_pair,simplified_text,SIMP-EN-001039,development_candidate_train,success,missing,missing_or_conflicting_label,False,False,['Label status is missing']
SIMP-EN-001040__ORIG,SIMP-EN-001040,simplification_pair,source_text,SIMP-EN-001040,development_candidate_train,success,expert_verified,primary_train_eligible,True,True,[]
SIMP-EN-001040__SIMP,SIMP-EN-001040,simplification_pair,simplified_text,SIMP-EN-001040,development_candidate_train,success,missing,missing_or_conflicting_label,False,False,['Label status is missing']
SIMP-EN-001041__ORIG,SIMP-EN-001041,simplification_pair,source_text,SIMP-EN-001041,development_candidate_train,success,expert_verified,primary_train_eligible,True,True,[]
SIMP-EN-001041__SIMP,SIMP-EN-001041,simplification_pair,simplified_text,SIMP-EN-001041,development_candidate_train,success,missing,missing_or_conflicting_label,False,False,['Label status is missing']
SIMP-EN-001042__ORIG,SIMP-EN-001042,simplification_pair,source_text,SIMP-EN-001042,development_candidate_train,success,expert_verified,primary_train_eligible,True,True,[]
SIMP-EN-001042__SIMP,SIMP-EN-001042,simplification_pair,simplified_text,SIMP-EN-001042,development_candidate_train,success,missing,missing_or_conflicting_label,False,False,['Label status is missing']
SIMP-EN-001043__ORIG,SIMP-EN-001043,simplification_pair,source_text,SIMP-EN-001043,development_candidate_train,success,expert_verified,primary_train_eligible,True,True,[]
SIMP-EN-001043__SIMP,SIMP-EN-001043,simplification_pair,simplified_text,SIMP-EN-001043,development_candidate_train,success,missing,missing_or_conflicting_label,False,False,['Label status is missing']
SIMP-EN-001044__ORIG,SIMP-EN-001044,simplification_pair,source_text,SIMP-EN-001044,development_candidate_train,success,expert_verified,primary_train_eligible,True,True,[]
SIMP-EN-001044__SIMP,SIMP-EN-001044,simplification_pair,simplified_text,SIMP-EN-001044,development_candidate_train,success,missing,missing_or_conflicting_label,False,False,['Label status is missing']
SIMP-EN-001045__ORIG,SIMP-EN-001045,simplification_pair,source_text,SIMP-EN-001045,development_candidate_train,success,expert_verified,primary_train_eligible,True,True,[]
SIMP-EN-001045__SIMP,SIMP-EN-001045,simplification_pair,simplified_text,SIMP-EN-001045,development_candidate_train,success,missing,missing_or_conflicting_label,False,False,['Label status is missing']
SIMP-EN-001046__ORIG,SIMP-EN-001046,simplification_pair,source_text,SIMP-EN-001046,development_candidate_train,success,expert_verified,primary_train_eligible,True,True,[]
SIMP-EN-001046__SIMP,SIMP-EN-001046,simplification_pair,simplified_text,SIMP-EN-001046,development_candidate_train,success,missing,missing_or_conflicting_label,False,False,['Label status is missing']
SIMP-EN-001047__ORIG,SIMP-EN-001047,simplification_pair,source_text,SIMP-EN-001047,development_candidate_train,success,expert_verified,primary_train_eligible,True,True,[]
SIMP-EN-001047__SIMP,SIMP-EN-001047,simplification_pair,simplified_text,SIMP-EN-001047,development_candidate_train,success,missing,missing_or_conflicting_label,False,False,['Label status is missing']
SIMP-EN-001048__ORIG,SIMP-EN-001048,simplification_pair,source_text,SIMP-EN-001048,development_candidate_train,success,expert_verified,primary_train_eligible,True,True,[]
SIMP-EN-001048__SIMP,SIMP-EN-001048,simplification_pair,simplified_text,SIMP-EN-001048,development_candidate_train,success,missing,missing_or_conflicting_label,False,False,['Label status is missing']
SIMP-EN-001049__ORIG,SIMP-EN-001049,simplification_pair,source_text,SIMP-EN-001049,development_candidate_train,success,expert_verified,primary_train_eligible,True,True,[]
SIMP-EN-001049__SIMP,SIMP-EN-001049,simplification_pair,simplified_text,SIMP-EN-001049,development_candidate_train,success,missing,missing_or_conflicting_label,False,False,['Label status is missing']
SIMP-EN-001050__ORIG,SIMP-EN-001050,simplification_pair,source_text,SIMP-EN-001050,development_candidate_test,skipped_locked_test,expert_verified,locked_test,False,False,['Locked candidate test split quarantined']
SIMP-EN-001050__SIMP,SIMP-EN-001050,simplification_pair,simplified_text,SIMP-EN-001050,development_candidate_test,skipped_locked_test,missing,locked_test,False,False,['Locked candidate test split quarantined']
SIMP-EN-001051__ORIG,SIMP-EN-001051,simplification_pair,source_text,SIMP-EN-001051,development_candidate_test,skipped_locked_test,expert_verified,locked_test,False,False,['Locked candidate test split quarantined']
SIMP-EN-001051__SIMP,SIMP-EN-001051,simplification_pair,simplified_text,SIMP-EN-001051,development_candidate_test,skipped_locked_test,missing,locked_test,False,False,['Locked candidate test split quarantined']
SIMP-EN-001052__ORIG,SIMP-EN-001052,simplification_pair,source_text,SIMP-EN-001052,development_candidate_test,skipped_locked_test,expert_verified,locked_test,False,False,['Locked candidate test split quarantined']
SIMP-EN-001052__SIMP,SIMP-EN-001052,simplification_pair,simplified_text,SIMP-EN-001052,development_candidate_test,skipped_locked_test,missing,locked_test,False,False,['Locked candidate test split quarantined']
SIMP-EN-001053__ORIG,SIMP-EN-001053,simplification_pair,source_text,SIMP-EN-001053,development_candidate_train,success,expert_verified,primary_train_eligible,True,True,[]
SIMP-EN-001053__SIMP,SIMP-EN-001053,simplification_pair,simplified_text,SIMP-EN-001053,development_candidate_train,success,missing,missing_or_conflicting_label,False,False,['Label status is missing']
SIMP-EN-001054__ORIG,SIMP-EN-001054,simplification_pair,source_text,SIMP-EN-001054,development_candidate_train,success,expert_verified,primary_train_eligible,True,True,[]
SIMP-EN-001054__SIMP,SIMP-EN-001054,simplification_pair,simplified_text,SIMP-EN-001054,development_candidate_train,success,missing,missing_or_conflicting_label,False,False,['Label status is missing']
SIMP-EN-001055__ORIG,SIMP-EN-001055,simplification_pair,source_text,SIMP-EN-001055,development_candidate_train,success,expert_verified,primary_train_eligible,True,True,[]
SIMP-EN-001055__SIMP,SIMP-EN-001055,simplification_pair,simplified_text,SIMP-EN-001055,development_candidate_train,success,missing,missing_or_conflicting_label,False,False,['Label status is missing']
SIMP-EN-001056__ORIG,SIMP-EN-001056,simplification_pair,source_text,SIMP-EN-001056,development_candidate_train,success,expert_verified,primary_train_eligible,True,True,[]
SIMP-EN-001056__SIMP,SIMP-EN-001056,simplification_pair,simplified_text,SIMP-EN-001056,development_candidate_train,success,missing,missing_or_conflicting_label,False,False,['Label status is missing']
SIMP-EN-001057__ORIG,SIMP-EN-001057,simplification_pair,source_text,SIMP-EN-001057,development_candidate_train,success,expert_verified,primary_train_eligible,True,True,[]
SIMP-EN-001057__SIMP,SIMP-EN-001057,simplification_pair,simplified_text,SIMP-EN-001057,development_candidate_train,manual_review_required,missing,missing_or_conflicting_label,False,False,['Label status is missing']
SIMP-EN-001058__ORIG,SIMP-EN-001058,simplification_pair,source_text,SIMP-EN-001058,development_candidate_train,success,expert_verified,primary_train_eligible,True,True,[]
SIMP-EN-001058__SIMP,SIMP-EN-001058,simplification_pair,simplified_text,SIMP-EN-001058,development_candidate_train,manual_review_required,missing,missing_or_conflicting_label,False,False,['Label status is missing']
SIMP-EN-001059__ORIG,SIMP-EN-001059,simplification_pair,source_text,SIMP-EN-001059,development_candidate_train,success,expert_verified,primary_train_eligible,True,True,[]
SIMP-EN-001059__SIMP,SIMP-EN-001059,simplification_pair,simplified_text,SIMP-EN-001059,development_candidate_train,success,missing,missing_or_conflicting_label,False,False,['Label status is missing']
SIMP-EN-001060__ORIG,SIMP-EN-001060,simplification_pair,source_text,SIMP-EN-001060,development_candidate_train,success,expert_verified,primary_train_eligible,True,True,[]
SIMP-EN-001060__SIMP,SIMP-EN-001060,simplification_pair,simplified_text,SIMP-EN-001060,development_candidate_train,success,missing,missing_or_conflicting_label,False,False,['Label status is missing']
SIMP-EN-001061__ORIG,SIMP-EN-001061,simplification_pair,source_text,SIMP-EN-001061,development_candidate_train,success,expert_verified,primary_train_eligible,True,True,[]
SIMP-EN-001061__SIMP,SIMP-EN-001061,simplification_pair,simplified_text,SIMP-EN-001061,development_candidate_train,success,missing,missing_or_conflicting_label,False,False,['Label status is missing']
SIMP-EN-001062__ORIG,SIMP-EN-001062,simplification_pair,source_text,SIMP-EN-001062,development_candidate_train,success,expert_verified,primary_train_eligible,True,True,[]
SIMP-EN-001062__SIMP,SIMP-EN-001062,simplification_pair,simplified_text,SIMP-EN-001062,development_candidate_train,success,missing,missing_or_conflicting_label,False,False,['Label status is missing']
SIMP-EN-001063__ORIG,SIMP-EN-001063,simplification_pair,source_text,SIMP-EN-001063,development_candidate_train,success,expert_verified,primary_train_eligible,True,True,[]
SIMP-EN-001063__SIMP,SIMP-EN-001063,simplification_pair,simplified_text,SIMP-EN-001063,development_candidate_train,success,missing,missing_or_conflicting_label,False,False,['Label status is missing']
SIMP-EN-001064__ORIG,SIMP-EN-001064,simplification_pair,source_text,SIMP-EN-001064,development_candidate_train,success,expert_verified,primary_train_eligible,True,True,[]
SIMP-EN-001064__SIMP,SIMP-EN-001064,simplification_pair,simplified_text,SIMP-EN-001064,development_candidate_train,manual_review_required,missing,missing_or_conflicting_label,False,False,['Label status is missing']
SIMP-EN-000405__ORIG,SIMP-EN-000405,simplification_pair,source_text,SIMP-EN-000405,development_candidate_train,success,expert_verified,primary_train_eligible,True,True,[]
SIMP-EN-000405__SIMP,SIMP-EN-000405,simplification_pair,simplified_text,SIMP-EN-000405,development_candidate_train,success,missing,missing_or_conflicting_label,False,False,['Label status is missing']
SIMP-EN-000406__ORIG,SIMP-EN-000406,simplification_pair,source_text,SIMP-EN-000406,development_candidate_train,success,expert_verified,primary_train_eligible,True,True,[]
SIMP-EN-000406__SIMP,SIMP-EN-000406,simplification_pair,simplified_text,SIMP-EN-000406,development_candidate_train,success,missing,missing_or_conflicting_label,False,False,['Label status is missing']
SIMP-EN-000407__ORIG,SIMP-EN-000407,simplification_pair,source_text,SIMP-EN-000407,development_candidate_train,success,expert_verified,primary_train_eligible,True,True,[]
SIMP-EN-000407__SIMP,SIMP-EN-000407,simplification_pair,simplified_text,SIMP-EN-000407,development_candidate_train,success,missing,missing_or_conflicting_label,False,False,['Label status is missing']
SIMP-EN-000408__ORIG,SIMP-EN-000408,simplification_pair,source_text,SIMP-EN-000408,development_candidate_train,success,expert_verified,primary_train_eligible,True,True,[]
SIMP-EN-000408__SIMP,SIMP-EN-000408,simplification_pair,simplified_text,SIMP-EN-000408,development_candidate_train,success,missing,missing_or_conflicting_label,False,False,['Label status is missing']
SIMP-EN-000409__ORIG,SIMP-EN-000409,simplification_pair,source_text,SIMP-EN-000409,development_candidate_train,success,expert_verified,primary_train_eligible,True,True,[]
SIMP-EN-000409__SIMP,SIMP-EN-000409,simplification_pair,simplified_text,SIMP-EN-000409,development_candidate_train,success,missing,missing_or_conflicting_label,False,False,['Label status is missing']
SIMP-EN-000410__ORIG,SIMP-EN-000410,simplification_pair,source_text,SIMP-EN-000410,development_candidate_train,success,expert_verified,primary_train_eligible,True,True,[]
SIMP-EN-000410__SIMP,SIMP-EN-000410,simplification_pair,simplified_text,SIMP-EN-000410,development_candidate_train,success,missing,missing_or_conflicting_label,False,False,['Label status is missing']
SIMP-EN-000411__ORIG,SIMP-EN-000411,simplification_pair,source_text,SIMP-EN-000411,development_candidate_train,success,expert_verified,primary_train_eligible,True,True,[]
SIMP-EN-000411__SIMP,SIMP-EN-000411,simplification_pair,simplified_text,SIMP-EN-000411,development_candidate_train,success,missing,missing_or_conflicting_label,False,False,['Label status is missing']
SIMP-EN-000412__ORIG,SIMP-EN-000412,simplification_pair,source_text,SIMP-EN-000412,development_candidate_train,success,expert_verified,primary_train_eligible,True,True,[]
SIMP-EN-000412__SIMP,SIMP-EN-000412,simplification_pair,simplified_text,SIMP-EN-000412,development_candidate_train,success,missing,missing_or_conflicting_label,False,False,['Label status is missing']
SIMP-EN-000413__ORIG,SIMP-EN-000413,simplification_pair,source_text,SIMP-EN-000413,development_candidate_train,success,expert_verified,primary_train_eligible,True,True,[]
SIMP-EN-000413__SIMP,SIMP-EN-000413,simplification_pair,simplified_text,SIMP-EN-000413,development_candidate_train,success,missing,missing_or_conflicting_label,False,False,['Label status is missing']
SIMP-EN-000414__ORIG,SIMP-EN-000414,simplification_pair,source_text,SIMP-EN-000414,development_candidate_train,success,expert_verified,primary_train_eligible,True,True,[]
SIMP-EN-000414__SIMP,SIMP-EN-000414,simplification_pair,simplified_text,SIMP-EN-000414,development_candidate_train,success,missing,missing_or_conflicting_label,False,False,['Label status is missing']
SIMP-EN-000415__ORIG,SIMP-EN-000415,simplification_pair,source_text,SIMP-EN-000415,development_candidate_train,success,expert_verified,primary_train_eligible,True,True,[]
SIMP-EN-000415__SIMP,SIMP-EN-000415,simplification_pair,simplified_text,SIMP-EN-000415,development_candidate_train,success,missing,missing_or_conflicting_label,False,False,['Label status is missing']
SIMP-EN-000416__ORIG,SIMP-EN-000416,simplification_pair,source_text,SIMP-EN-000416,development_candidate_train,success,expert_verified,primary_train_eligible,True,True,[]
SIMP-EN-000416__SIMP,SIMP-EN-000416,simplification_pair,simplified_text,SIMP-EN-000416,development_candidate_train,success,missing,missing_or_conflicting_label,False,False,['Label status is missing']
SIMP-EN-000417__ORIG,SIMP-EN-000417,simplification_pair,source_text,SIMP-EN-000417,development_candidate_train,success,expert_verified,primary_train_eligible,True,True,[]
SIMP-EN-000417__SIMP,SIMP-EN-000417,simplification_pair,simplified_text,SIMP-EN-000417,development_candidate_train,success,missing,missing_or_conflicting_label,False,False,['Label status is missing']
SIMP-EN-000418__ORIG,SIMP-EN-000418,simplification_pair,source_text,SIMP-EN-000418,development_candidate_train,success,expert_verified,primary_train_eligible,True,True,[]
SIMP-EN-000418__SIMP,SIMP-EN-000418,simplification_pair,simplified_text,SIMP-EN-000418,development_candidate_train,success,missing,missing_or_conflicting_label,False,False,['Label status is missing']
SIMP-EN-000419__ORIG,SIMP-EN-000419,simplification_pair,source_text,SIMP-EN-000419,development_candidate_train,success,expert_verified,primary_train_eligible,True,True,[]
SIMP-EN-000419__SIMP,SIMP-EN-000419,simplification_pair,simplified_text,SIMP-EN-000419,development_candidate_train,success,missing,missing_or_conflicting_label,False,False,['Label status is missing']
SIMP-EN-000420__ORIG,SIMP-EN-000420,simplification_pair,source_text,SIMP-EN-000420,development_candidate_test,skipped_locked_test,expert_verified,locked_test,False,False,['Locked candidate test split quarantined']
SIMP-EN-000420__SIMP,SIMP-EN-000420,simplification_pair,simplified_text,SIMP-EN-000420,development_candidate_test,skipped_locked_test,missing,locked_test,False,False,['Locked candidate test split quarantined']
SIMP-EN-000421__ORIG,SIMP-EN-000421,simplification_pair,source_text,SIMP-EN-000421,development_candidate_test,skipped_locked_test,expert_verified,locked_test,False,False,['Locked candidate test split quarantined']
SIMP-EN-000421__SIMP,SIMP-EN-000421,simplification_pair,simplified_text,SIMP-EN-000421,development_candidate_test,skipped_locked_test,missing,locked_test,False,False,['Locked candidate test split quarantined']
SIMP-EN-000422__ORIG,SIMP-EN-000422,simplification_pair,source_text,SIMP-EN-000422,development_candidate_test,skipped_locked_test,expert_verified,locked_test,False,False,['Locked candidate test split quarantined']
SIMP-EN-000422__SIMP,SIMP-EN-000422,simplification_pair,simplified_text,SIMP-EN-000422,development_candidate_test,skipped_locked_test,missing,locked_test,False,False,['Locked candidate test split quarantined']
SIMP-EN-000423__ORIG,SIMP-EN-000423,simplification_pair,source_text,SIMP-EN-000423,development_candidate_validation,success,expert_verified,primary_validation_eligible,False,False,[]
SIMP-EN-000423__SIMP,SIMP-EN-000423,simplification_pair,simplified_text,SIMP-EN-000423,development_candidate_validation,success,missing,missing_or_conflicting_label,False,False,['Label status is missing']
SIMP-EN-000424__ORIG,SIMP-EN-000424,simplification_pair,source_text,SIMP-EN-000424,development_candidate_validation,success,expert_verified,primary_validation_eligible,False,False,[]
SIMP-EN-000424__SIMP,SIMP-EN-000424,simplification_pair,simplified_text,SIMP-EN-000424,development_candidate_validation,success,missing,missing_or_conflicting_label,False,False,['Label status is missing']
SIMP-EN-000425__ORIG,SIMP-EN-000425,simplification_pair,source_text,SIMP-EN-000425,development_candidate_validation,success,expert_verified,primary_validation_eligible,False,False,[]
SIMP-EN-000425__SIMP,SIMP-EN-000425,simplification_pair,simplified_text,SIMP-EN-000425,development_candidate_validation,success,missing,missing_or_conflicting_label,False,False,['Label status is missing']
SIMP-EN-000426__ORIG,SIMP-EN-000426,simplification_pair,source_text,SIMP-EN-000426,development_candidate_train,success,expert_verified,primary_train_eligible,True,True,[]
SIMP-EN-000426__SIMP,SIMP-EN-000426,simplification_pair,simplified_text,SIMP-EN-000426,development_candidate_train,success,missing,missing_or_conflicting_label,False,False,['Label status is missing']
SIMP-EN-000427__ORIG,SIMP-EN-000427,simplification_pair,source_text,SIMP-EN-000427,development_candidate_train,success,expert_verified,primary_train_eligible,True,True,[]
SIMP-EN-000427__SIMP,SIMP-EN-000427,simplification_pair,simplified_text,SIMP-EN-000427,development_candidate_train,success,missing,missing_or_conflicting_label,False,False,['Label status is missing']
SIMP-EN-000428__ORIG,SIMP-EN-000428,simplification_pair,source_text,SIMP-EN-000428,development_candidate_train,success,expert_verified,primary_train_eligible,True,True,[]
SIMP-EN-000428__SIMP,SIMP-EN-000428,simplification_pair,simplified_text,SIMP-EN-000428,development_candidate_train,success,missing,missing_or_conflicting_label,False,False,['Label status is missing']
SIMP-EN-000429__ORIG,SIMP-EN-000429,simplification_pair,source_text,SIMP-EN-000429,development_candidate_train,success,expert_verified,primary_train_eligible,True,True,[]
SIMP-EN-000429__SIMP,SIMP-EN-000429,simplification_pair,simplified_text,SIMP-EN-000429,development_candidate_train,success,missing,missing_or_conflicting_label,False,False,['Label status is missing']
SIMP-EN-000430__ORIG,SIMP-EN-000430,simplification_pair,source_text,SIMP-EN-000430,development_candidate_train,success,expert_verified,primary_train_eligible,True,True,[]
SIMP-EN-000430__SIMP,SIMP-EN-000430,simplification_pair,simplified_text,SIMP-EN-000430,development_candidate_train,success,missing,missing_or_conflicting_label,False,False,['Label status is missing']
SIMP-EN-000431__ORIG,SIMP-EN-000431,simplification_pair,source_text,SIMP-EN-000431,development_candidate_train,success,expert_verified,primary_train_eligible,True,True,[]
SIMP-EN-000431__SIMP,SIMP-EN-000431,simplification_pair,simplified_text,SIMP-EN-000431,development_candidate_train,success,missing,missing_or_conflicting_label,False,False,['Label status is missing']
SIMP-EN-000432__ORIG,SIMP-EN-000432,simplification_pair,source_text,SIMP-EN-000432,development_candidate_train,success,expert_verified,primary_train_eligible,True,True,[]
SIMP-EN-000432__SIMP,SIMP-EN-000432,simplification_pair,simplified_text,SIMP-EN-000432,development_candidate_train,success,missing,missing_or_conflicting_label,False,False,['Label status is missing']
SIMP-EN-000433__ORIG,SIMP-EN-000433,simplification_pair,source_text,SIMP-EN-000433,development_candidate_train,success,expert_verified,primary_train_eligible,True,True,[]
SIMP-EN-000433__SIMP,SIMP-EN-000433,simplification_pair,simplified_text,SIMP-EN-000433,development_candidate_train,success,missing,missing_or_conflicting_label,False,False,['Label status is missing']
SIMP-EN-000434__ORIG,SIMP-EN-000434,simplification_pair,source_text,SIMP-EN-000434,development_candidate_train,success,expert_verified,primary_train_eligible,True,True,[]
SIMP-EN-000434__SIMP,SIMP-EN-000434,simplification_pair,simplified_text,SIMP-EN-000434,development_candidate_train,success,missing,missing_or_conflicting_label,False,False,['Label status is missing']
SIMP-EN-000630__ORIG,SIMP-EN-000630,simplification_pair,source_text,SIMP-EN-000630,development_candidate_test,skipped_locked_test,expert_verified,locked_test,False,False,['Locked candidate test split quarantined']
SIMP-EN-000630__SIMP,SIMP-EN-000630,simplification_pair,simplified_text,SIMP-EN-000630,development_candidate_test,skipped_locked_test,missing,locked_test,False,False,['Locked candidate test split quarantined']
SIMP-EN-000631__ORIG,SIMP-EN-000631,simplification_pair,source_text,SIMP-EN-000631,development_candidate_test,skipped_locked_test,expert_verified,locked_test,False,False,['Locked candidate test split quarantined']
SIMP-EN-000631__SIMP,SIMP-EN-000631,simplification_pair,simplified_text,SIMP-EN-000631,development_candidate_test,skipped_locked_test,missing,locked_test,False,False,['Locked candidate test split quarantined']
SIMP-EN-000632__ORIG,SIMP-EN-000632,simplification_pair,source_text,SIMP-EN-000632,development_candidate_test,skipped_locked_test,expert_verified,locked_test,False,False,['Locked candidate test split quarantined']
SIMP-EN-000632__SIMP,SIMP-EN-000632,simplification_pair,simplified_text,SIMP-EN-000632,development_candidate_test,skipped_locked_test,missing,locked_test,False,False,['Locked candidate test split quarantined']
SIMP-EN-000633__ORIG,SIMP-EN-000633,simplification_pair,source_text,SIMP-EN-000633,development_candidate_train,success,expert_verified,primary_train_eligible,True,True,[]
SIMP-EN-000633__SIMP,SIMP-EN-000633,simplification_pair,simplified_text,SIMP-EN-000633,development_candidate_train,success,missing,missing_or_conflicting_label,False,False,['Label status is missing']
SIMP-EN-000634__ORIG,SIMP-EN-000634,simplification_pair,source_text,SIMP-EN-000634,development_candidate_train,success,expert_verified,primary_train_eligible,True,True,[]
SIMP-EN-000634__SIMP,SIMP-EN-000634,simplification_pair,simplified_text,SIMP-EN-000634,development_candidate_train,success,missing,missing_or_conflicting_label,False,False,['Label status is missing']
SIMP-EN-000635__ORIG,SIMP-EN-000635,simplification_pair,source_text,SIMP-EN-000635,development_candidate_train,success,expert_verified,primary_train_eligible,True,True,[]
SIMP-EN-000635__SIMP,SIMP-EN-000635,simplification_pair,simplified_text,SIMP-EN-000635,development_candidate_train,success,missing,missing_or_conflicting_label,False,False,['Label status is missing']
SIMP-EN-000636__ORIG,SIMP-EN-000636,simplification_pair,source_text,SIMP-EN-000636,development_candidate_test,skipped_locked_test,expert_verified,locked_test,False,False,['Locked candidate test split quarantined']
SIMP-EN-000636__SIMP,SIMP-EN-000636,simplification_pair,simplified_text,SIMP-EN-000636,development_candidate_test,skipped_locked_test,missing,locked_test,False,False,['Locked candidate test split quarantined']
SIMP-EN-000637__ORIG,SIMP-EN-000637,simplification_pair,source_text,SIMP-EN-000637,development_candidate_test,skipped_locked_test,expert_verified,locked_test,False,False,['Locked candidate test split quarantined']
SIMP-EN-000637__SIMP,SIMP-EN-000637,simplification_pair,simplified_text,SIMP-EN-000637,development_candidate_test,skipped_locked_test,missing,locked_test,False,False,['Locked candidate test split quarantined']
SIMP-EN-000638__ORIG,SIMP-EN-000638,simplification_pair,source_text,SIMP-EN-000638,development_candidate_test,skipped_locked_test,expert_verified,locked_test,False,False,['Locked candidate test split quarantined']
SIMP-EN-000638__SIMP,SIMP-EN-000638,simplification_pair,simplified_text,SIMP-EN-000638,development_candidate_test,skipped_locked_test,missing,locked_test,False,False,['Locked candidate test split quarantined']
SIMP-EN-000639__ORIG,SIMP-EN-000639,simplification_pair,source_text,SIMP-EN-000639,development_candidate_train,success,expert_verified,primary_train_eligible,True,True,[]
SIMP-EN-000639__SIMP,SIMP-EN-000639,simplification_pair,simplified_text,SIMP-EN-000639,development_candidate_train,success,missing,missing_or_conflicting_label,False,False,['Label status is missing']
SIMP-EN-000640__ORIG,SIMP-EN-000640,simplification_pair,source_text,SIMP-EN-000640,development_candidate_train,success,expert_verified,primary_train_eligible,True,True,[]
SIMP-EN-000640__SIMP,SIMP-EN-000640,simplification_pair,simplified_text,SIMP-EN-000640,development_candidate_train,success,missing,missing_or_conflicting_label,False,False,['Label status is missing']
SIMP-EN-000641__ORIG,SIMP-EN-000641,simplification_pair,source_text,SIMP-EN-000641,development_candidate_train,success,expert_verified,primary_train_eligible,True,True,[]
SIMP-EN-000641__SIMP,SIMP-EN-000641,simplification_pair,simplified_text,SIMP-EN-000641,development_candidate_train,success,missing,missing_or_conflicting_label,False,False,['Label status is missing']
SIMP-EN-000642__ORIG,SIMP-EN-000642,simplification_pair,source_text,SIMP-EN-000642,development_candidate_train,success,expert_verified,primary_train_eligible,True,True,[]
SIMP-EN-000642__SIMP,SIMP-EN-000642,simplification_pair,simplified_text,SIMP-EN-000642,development_candidate_train,success,missing,missing_or_conflicting_label,False,False,['Label status is missing']
SIMP-EN-000643__ORIG,SIMP-EN-000643,simplification_pair,source_text,SIMP-EN-000643,development_candidate_train,success,expert_verified,primary_train_eligible,True,True,[]
SIMP-EN-000643__SIMP,SIMP-EN-000643,simplification_pair,simplified_text,SIMP-EN-000643,development_candidate_train,success,missing,missing_or_conflicting_label,False,False,['Label status is missing']
SIMP-EN-000644__ORIG,SIMP-EN-000644,simplification_pair,source_text,SIMP-EN-000644,development_candidate_train,success,expert_verified,primary_train_eligible,True,True,[]
SIMP-EN-000644__SIMP,SIMP-EN-000644,simplification_pair,simplified_text,SIMP-EN-000644,development_candidate_train,success,missing,missing_or_conflicting_label,False,False,['Label status is missing']
SIMP-EN-000645__ORIG,SIMP-EN-000645,simplification_pair,source_text,SIMP-EN-000645,development_candidate_train,success,expert_verified,primary_train_eligible,True,True,[]
SIMP-EN-000645__SIMP,SIMP-EN-000645,simplification_pair,simplified_text,SIMP-EN-000645,development_candidate_train,success,missing,missing_or_conflicting_label,False,False,['Label status is missing']
SIMP-EN-000646__ORIG,SIMP-EN-000646,simplification_pair,source_text,SIMP-EN-000646,development_candidate_train,success,expert_verified,primary_train_eligible,True,True,[]
SIMP-EN-000646__SIMP,SIMP-EN-000646,simplification_pair,simplified_text,SIMP-EN-000646,development_candidate_train,success,missing,missing_or_conflicting_label,False,False,['Label status is missing']
SIMP-EN-000647__ORIG,SIMP-EN-000647,simplification_pair,source_text,SIMP-EN-000647,development_candidate_train,success,expert_verified,primary_train_eligible,True,True,[]
SIMP-EN-000647__SIMP,SIMP-EN-000647,simplification_pair,simplified_text,SIMP-EN-000647,development_candidate_train,success,missing,missing_or_conflicting_label,False,False,['Label status is missing']
SIMP-EN-000648__ORIG,SIMP-EN-000648,simplification_pair,source_text,SIMP-EN-000648,development_candidate_train,success,expert_verified,primary_train_eligible,True,True,[]
SIMP-EN-000648__SIMP,SIMP-EN-000648,simplification_pair,simplified_text,SIMP-EN-000648,development_candidate_train,success,missing,missing_or_conflicting_label,False,False,['Label status is missing']
SIMP-EN-000649__ORIG,SIMP-EN-000649,simplification_pair,source_text,SIMP-EN-000649,development_candidate_train,success,expert_verified,primary_train_eligible,True,True,[]
SIMP-EN-000649__SIMP,SIMP-EN-000649,simplification_pair,simplified_text,SIMP-EN-000649,development_candidate_train,success,missing,missing_or_conflicting_label,False,False,['Label status is missing']
SIMP-EN-000650__ORIG,SIMP-EN-000650,simplification_pair,source_text,SIMP-EN-000650,development_candidate_train,success,expert_verified,primary_train_eligible,True,True,[]
SIMP-EN-000650__SIMP,SIMP-EN-000650,simplification_pair,simplified_text,SIMP-EN-000650,development_candidate_train,success,missing,missing_or_conflicting_label,False,False,['Label status is missing']
SIMP-EN-000651__ORIG,SIMP-EN-000651,simplification_pair,source_text,SIMP-EN-000651,development_candidate_validation,success,expert_verified,primary_validation_eligible,False,False,[]
SIMP-EN-000651__SIMP,SIMP-EN-000651,simplification_pair,simplified_text,SIMP-EN-000651,development_candidate_validation,success,missing,missing_or_conflicting_label,False,False,['Label status is missing']
SIMP-EN-000652__ORIG,SIMP-EN-000652,simplification_pair,source_text,SIMP-EN-000652,development_candidate_validation,success,expert_verified,primary_validation_eligible,False,False,[]
SIMP-EN-000652__SIMP,SIMP-EN-000652,simplification_pair,simplified_text,SIMP-EN-000652,development_candidate_validation,success,missing,missing_or_conflicting_label,False,False,['Label status is missing']
SIMP-EN-000653__ORIG,SIMP-EN-000653,simplification_pair,source_text,SIMP-EN-000653,development_candidate_validation,success,expert_verified,primary_validation_eligible,False,False,[]
SIMP-EN-000653__SIMP,SIMP-EN-000653,simplification_pair,simplified_text,SIMP-EN-000653,development_candidate_validation,success,missing,missing_or_conflicting_label,False,False,['Label status is missing']
SIMP-EN-000654__ORIG,SIMP-EN-000654,simplification_pair,source_text,SIMP-EN-000654,development_candidate_train,success,expert_verified,primary_train_eligible,True,True,[]
SIMP-EN-000654__SIMP,SIMP-EN-000654,simplification_pair,simplified_text,SIMP-EN-000654,development_candidate_train,success,missing,missing_or_conflicting_label,False,False,['Label status is missing']
SIMP-EN-000655__ORIG,SIMP-EN-000655,simplification_pair,source_text,SIMP-EN-000655,development_candidate_train,success,expert_verified,primary_train_eligible,True,True,[]
SIMP-EN-000655__SIMP,SIMP-EN-000655,simplification_pair,simplified_text,SIMP-EN-000655,development_candidate_train,success,missing,missing_or_conflicting_label,False,False,['Label status is missing']
SIMP-EN-000656__ORIG,SIMP-EN-000656,simplification_pair,source_text,SIMP-EN-000656,development_candidate_train,success,expert_verified,primary_train_eligible,True,True,[]
SIMP-EN-000656__SIMP,SIMP-EN-000656,simplification_pair,simplified_text,SIMP-EN-000656,development_candidate_train,success,missing,missing_or_conflicting_label,False,False,['Label status is missing']
SIMP-EN-000657__ORIG,SIMP-EN-000657,simplification_pair,source_text,SIMP-EN-000657,development_candidate_train,success,expert_verified,primary_train_eligible,True,True,[]
SIMP-EN-000657__SIMP,SIMP-EN-000657,simplification_pair,simplified_text,SIMP-EN-000657,development_candidate_train,success,missing,missing_or_conflicting_label,False,False,['Label status is missing']
SIMP-EN-000658__ORIG,SIMP-EN-000658,simplification_pair,source_text,SIMP-EN-000658,development_candidate_train,success,expert_verified,primary_train_eligible,True,True,[]
SIMP-EN-000658__SIMP,SIMP-EN-000658,simplification_pair,simplified_text,SIMP-EN-000658,development_candidate_train,success,missing,missing_or_conflicting_label,False,False,['Label status is missing']
SIMP-EN-000659__ORIG,SIMP-EN-000659,simplification_pair,source_text,SIMP-EN-000659,development_candidate_train,success,expert_verified,primary_train_eligible,True,True,[]
SIMP-EN-000659__SIMP,SIMP-EN-000659,simplification_pair,simplified_text,SIMP-EN-000659,development_candidate_train,success,missing,missing_or_conflicting_label,False,False,['Label status is missing']
SIMP-EN-000660__ORIG,SIMP-EN-000660,simplification_pair,source_text,SIMP-EN-000660,development_candidate_test,skipped_locked_test,expert_verified,locked_test,False,False,['Locked candidate test split quarantined']
SIMP-EN-000660__SIMP,SIMP-EN-000660,simplification_pair,simplified_text,SIMP-EN-000660,development_candidate_test,skipped_locked_test,missing,locked_test,False,False,['Locked candidate test split quarantined']
SIMP-EN-000661__ORIG,SIMP-EN-000661,simplification_pair,source_text,SIMP-EN-000661,development_candidate_test,skipped_locked_test,expert_verified,locked_test,False,False,['Locked candidate test split quarantined']
SIMP-EN-000661__SIMP,SIMP-EN-000661,simplification_pair,simplified_text,SIMP-EN-000661,development_candidate_test,skipped_locked_test,missing,locked_test,False,False,['Locked candidate test split quarantined']
SIMP-EN-000662__ORIG,SIMP-EN-000662,simplification_pair,source_text,SIMP-EN-000662,development_candidate_test,skipped_locked_test,expert_verified,locked_test,False,False,['Locked candidate test split quarantined']
SIMP-EN-000662__SIMP,SIMP-EN-000662,simplification_pair,simplified_text,SIMP-EN-000662,development_candidate_test,skipped_locked_test,missing,locked_test,False,False,['Locked candidate test split quarantined']
SIMP-EN-000663__ORIG,SIMP-EN-000663,simplification_pair,source_text,SIMP-EN-000663,development_candidate_train,success,expert_verified,primary_train_eligible,True,True,[]
SIMP-EN-000663__SIMP,SIMP-EN-000663,simplification_pair,simplified_text,SIMP-EN-000663,development_candidate_train,success,missing,missing_or_conflicting_label,False,False,['Label status is missing']
SIMP-EN-000664__ORIG,SIMP-EN-000664,simplification_pair,source_text,SIMP-EN-000664,development_candidate_train,success,expert_verified,primary_train_eligible,True,True,[]
SIMP-EN-000664__SIMP,SIMP-EN-000664,simplification_pair,simplified_text,SIMP-EN-000664,development_candidate_train,success,missing,missing_or_conflicting_label,False,False,['Label status is missing']
SIMP-EN-000665__ORIG,SIMP-EN-000665,simplification_pair,source_text,SIMP-EN-000665,development_candidate_train,success,expert_verified,primary_train_eligible,True,True,[]
SIMP-EN-000665__SIMP,SIMP-EN-000665,simplification_pair,simplified_text,SIMP-EN-000665,development_candidate_train,success,missing,missing_or_conflicting_label,False,False,['Label status is missing']
SIMP-EN-000666__ORIG,SIMP-EN-000666,simplification_pair,source_text,SIMP-EN-000666,development_candidate_train,success,expert_verified,primary_train_eligible,True,True,[]
SIMP-EN-000666__SIMP,SIMP-EN-000666,simplification_pair,simplified_text,SIMP-EN-000666,development_candidate_train,success,missing,missing_or_conflicting_label,False,False,['Label status is missing']
SIMP-EN-000667__ORIG,SIMP-EN-000667,simplification_pair,source_text,SIMP-EN-000667,development_candidate_train,success,expert_verified,primary_train_eligible,True,True,[]
SIMP-EN-000667__SIMP,SIMP-EN-000667,simplification_pair,simplified_text,SIMP-EN-000667,development_candidate_train,success,missing,missing_or_conflicting_label,False,False,['Label status is missing']
SIMP-EN-000668__ORIG,SIMP-EN-000668,simplification_pair,source_text,SIMP-EN-000668,development_candidate_train,success,expert_verified,primary_train_eligible,True,True,[]
SIMP-EN-000668__SIMP,SIMP-EN-000668,simplification_pair,simplified_text,SIMP-EN-000668,development_candidate_train,success,missing,missing_or_conflicting_label,False,False,['Label status is missing']
SIMP-EN-000669__ORIG,SIMP-EN-000669,simplification_pair,source_text,SIMP-EN-000669,development_candidate_train,success,expert_verified,primary_train_eligible,True,True,[]
SIMP-EN-000669__SIMP,SIMP-EN-000669,simplification_pair,simplified_text,SIMP-EN-000669,development_candidate_train,success,missing,missing_or_conflicting_label,False,False,['Label status is missing']
SIMP-EN-000670__ORIG,SIMP-EN-000670,simplification_pair,source_text,SIMP-EN-000670,development_candidate_train,success,expert_verified,primary_train_eligible,True,True,[]
SIMP-EN-000670__SIMP,SIMP-EN-000670,simplification_pair,simplified_text,SIMP-EN-000670,development_candidate_train,success,missing,missing_or_conflicting_label,False,False,['Label status is missing']
SIMP-EN-000671__ORIG,SIMP-EN-000671,simplification_pair,source_text,SIMP-EN-000671,development_candidate_train,success,expert_verified,primary_train_eligible,True,True,[]
SIMP-EN-000671__SIMP,SIMP-EN-000671,simplification_pair,simplified_text,SIMP-EN-000671,development_candidate_train,success,missing,missing_or_conflicting_label,False,False,['Label status is missing']
SIMP-EN-000672__ORIG,SIMP-EN-000672,simplification_pair,source_text,SIMP-EN-000672,development_candidate_train,success,expert_verified,primary_train_eligible,True,True,[]
SIMP-EN-000672__SIMP,SIMP-EN-000672,simplification_pair,simplified_text,SIMP-EN-000672,development_candidate_train,success,missing,missing_or_conflicting_label,False,False,['Label status is missing']
SIMP-EN-000673__ORIG,SIMP-EN-000673,simplification_pair,source_text,SIMP-EN-000673,development_candidate_train,success,expert_verified,primary_train_eligible,True,True,[]
SIMP-EN-000673__SIMP,SIMP-EN-000673,simplification_pair,simplified_text,SIMP-EN-000673,development_candidate_train,success,missing,missing_or_conflicting_label,False,False,['Label status is missing']
SIMP-EN-000674__ORIG,SIMP-EN-000674,simplification_pair,source_text,SIMP-EN-000674,development_candidate_train,success,expert_verified,primary_train_eligible,True,True,[]
SIMP-EN-000674__SIMP,SIMP-EN-000674,simplification_pair,simplified_text,SIMP-EN-000674,development_candidate_train,success,missing,missing_or_conflicting_label,False,False,['Label status is missing']
SIMP-EN-000840__ORIG,SIMP-EN-000840,simplification_pair,source_text,SIMP-EN-000840,development_candidate_validation,success,expert_verified,primary_validation_eligible,False,False,[]
SIMP-EN-000840__SIMP,SIMP-EN-000840,simplification_pair,simplified_text,SIMP-EN-000840,development_candidate_validation,success,missing,missing_or_conflicting_label,False,False,['Label status is missing']
SIMP-EN-000841__ORIG,SIMP-EN-000841,simplification_pair,source_text,SIMP-EN-000841,development_candidate_validation,success,expert_verified,primary_validation_eligible,False,False,[]
SIMP-EN-000841__SIMP,SIMP-EN-000841,simplification_pair,simplified_text,SIMP-EN-000841,development_candidate_validation,success,missing,missing_or_conflicting_label,False,False,['Label status is missing']
SIMP-EN-000842__ORIG,SIMP-EN-000842,simplification_pair,source_text,SIMP-EN-000842,development_candidate_validation,success,expert_verified,primary_validation_eligible,False,False,[]
SIMP-EN-000842__SIMP,SIMP-EN-000842,simplification_pair,simplified_text,SIMP-EN-000842,development_candidate_validation,success,missing,missing_or_conflicting_label,False,False,['Label status is missing']
SIMP-EN-000843__ORIG,SIMP-EN-000843,simplification_pair,source_text,SIMP-EN-000843,development_candidate_train,success,expert_verified,primary_train_eligible,True,True,[]
SIMP-EN-000843__SIMP,SIMP-EN-000843,simplification_pair,simplified_text,SIMP-EN-000843,development_candidate_train,success,missing,missing_or_conflicting_label,False,False,['Label status is missing']
SIMP-EN-000844__ORIG,SIMP-EN-000844,simplification_pair,source_text,SIMP-EN-000844,development_candidate_train,success,expert_verified,primary_train_eligible,True,True,[]
SIMP-EN-000844__SIMP,SIMP-EN-000844,simplification_pair,simplified_text,SIMP-EN-000844,development_candidate_train,success,missing,missing_or_conflicting_label,False,False,['Label status is missing']
SIMP-EN-000845__ORIG,SIMP-EN-000845,simplification_pair,source_text,SIMP-EN-000845,development_candidate_train,success,expert_verified,primary_train_eligible,True,True,[]
SIMP-EN-000845__SIMP,SIMP-EN-000845,simplification_pair,simplified_text,SIMP-EN-000845,development_candidate_train,success,missing,missing_or_conflicting_label,False,False,['Label status is missing']
SIMP-EN-000846__ORIG,SIMP-EN-000846,simplification_pair,source_text,SIMP-EN-000846,development_candidate_train,success,expert_verified,primary_train_eligible,True,True,[]
SIMP-EN-000846__SIMP,SIMP-EN-000846,simplification_pair,simplified_text,SIMP-EN-000846,development_candidate_train,success,missing,missing_or_conflicting_label,False,False,['Label status is missing']
SIMP-EN-000847__ORIG,SIMP-EN-000847,simplification_pair,source_text,SIMP-EN-000847,development_candidate_train,success,expert_verified,primary_train_eligible,True,True,[]
SIMP-EN-000847__SIMP,SIMP-EN-000847,simplification_pair,simplified_text,SIMP-EN-000847,development_candidate_train,success,missing,missing_or_conflicting_label,False,False,['Label status is missing']
SIMP-EN-000848__ORIG,SIMP-EN-000848,simplification_pair,source_text,SIMP-EN-000848,development_candidate_train,success,expert_verified,primary_train_eligible,True,True,[]
SIMP-EN-000848__SIMP,SIMP-EN-000848,simplification_pair,simplified_text,SIMP-EN-000848,development_candidate_train,success,missing,missing_or_conflicting_label,False,False,['Label status is missing']
SIMP-EN-000849__ORIG,SIMP-EN-000849,simplification_pair,source_text,SIMP-EN-000849,development_candidate_train,success,expert_verified,primary_train_eligible,True,True,[]
SIMP-EN-000849__SIMP,SIMP-EN-000849,simplification_pair,simplified_text,SIMP-EN-000849,development_candidate_train,success,missing,missing_or_conflicting_label,False,False,['Label status is missing']
SIMP-EN-000850__ORIG,SIMP-EN-000850,simplification_pair,source_text,SIMP-EN-000850,development_candidate_train,success,expert_verified,primary_train_eligible,True,True,[]
SIMP-EN-000850__SIMP,SIMP-EN-000850,simplification_pair,simplified_text,SIMP-EN-000850,development_candidate_train,success,missing,missing_or_conflicting_label,False,False,['Label status is missing']
SIMP-EN-000851__ORIG,SIMP-EN-000851,simplification_pair,source_text,SIMP-EN-000851,development_candidate_train,success,expert_verified,primary_train_eligible,True,True,[]
SIMP-EN-000851__SIMP,SIMP-EN-000851,simplification_pair,simplified_text,SIMP-EN-000851,development_candidate_train,success,missing,missing_or_conflicting_label,False,False,['Label status is missing']
SIMP-EN-000852__ORIG,SIMP-EN-000852,simplification_pair,source_text,SIMP-EN-000852,development_candidate_train,success,expert_verified,primary_train_eligible,True,True,[]
SIMP-EN-000852__SIMP,SIMP-EN-000852,simplification_pair,simplified_text,SIMP-EN-000852,development_candidate_train,manual_review_required,missing,missing_or_conflicting_label,False,False,['Label status is missing']
SIMP-EN-000853__ORIG,SIMP-EN-000853,simplification_pair,source_text,SIMP-EN-000853,development_candidate_train,success,expert_verified,primary_train_eligible,True,True,[]
SIMP-EN-000853__SIMP,SIMP-EN-000853,simplification_pair,simplified_text,SIMP-EN-000853,development_candidate_train,success,missing,missing_or_conflicting_label,False,False,['Label status is missing']
SIMP-EN-000854__ORIG,SIMP-EN-000854,simplification_pair,source_text,SIMP-EN-000854,development_candidate_train,success,expert_verified,primary_train_eligible,True,True,[]
SIMP-EN-000854__SIMP,SIMP-EN-000854,simplification_pair,simplified_text,SIMP-EN-000854,development_candidate_train,manual_review_required,missing,missing_or_conflicting_label,False,False,['Label status is missing']
SIMP-EN-000855__ORIG,SIMP-EN-000855,simplification_pair,source_text,SIMP-EN-000855,development_candidate_train,success,expert_verified,primary_train_eligible,True,True,[]
SIMP-EN-000855__SIMP,SIMP-EN-000855,simplification_pair,simplified_text,SIMP-EN-000855,development_candidate_train,success,missing,missing_or_conflicting_label,False,False,['Label status is missing']
SIMP-EN-000856__ORIG,SIMP-EN-000856,simplification_pair,source_text,SIMP-EN-000856,development_candidate_train,success,expert_verified,primary_train_eligible,True,True,[]
SIMP-EN-000856__SIMP,SIMP-EN-000856,simplification_pair,simplified_text,SIMP-EN-000856,development_candidate_train,success,missing,missing_or_conflicting_label,False,False,['Label status is missing']
SIMP-EN-000857__ORIG,SIMP-EN-000857,simplification_pair,source_text,SIMP-EN-000857,development_candidate_train,success,expert_verified,primary_train_eligible,True,True,[]
SIMP-EN-000857__SIMP,SIMP-EN-000857,simplification_pair,simplified_text,SIMP-EN-000857,development_candidate_train,success,missing,missing_or_conflicting_label,False,False,['Label status is missing']
SIMP-EN-000858__ORIG,SIMP-EN-000858,simplification_pair,source_text,SIMP-EN-000858,development_candidate_train,success,expert_verified,primary_train_eligible,True,True,[]
SIMP-EN-000858__SIMP,SIMP-EN-000858,simplification_pair,simplified_text,SIMP-EN-000858,development_candidate_train,success,missing,missing_or_conflicting_label,False,False,['Label status is missing']
SIMP-EN-000859__ORIG,SIMP-EN-000859,simplification_pair,source_text,SIMP-EN-000859,development_candidate_train,success,expert_verified,primary_train_eligible,True,True,[]
SIMP-EN-000859__SIMP,SIMP-EN-000859,simplification_pair,simplified_text,SIMP-EN-000859,development_candidate_train,success,missing,missing_or_conflicting_label,False,False,['Label status is missing']
SIMP-EN-000860__ORIG,SIMP-EN-000860,simplification_pair,source_text,SIMP-EN-000860,development_candidate_train,success,expert_verified,primary_train_eligible,True,True,[]
SIMP-EN-000860__SIMP,SIMP-EN-000860,simplification_pair,simplified_text,SIMP-EN-000860,development_candidate_train,success,missing,missing_or_conflicting_label,False,False,['Label status is missing']
SIMP-EN-000861__ORIG,SIMP-EN-000861,simplification_pair,source_text,SIMP-EN-000861,development_candidate_validation,success,expert_verified,primary_validation_eligible,False,False,[]
SIMP-EN-000861__SIMP,SIMP-EN-000861,simplification_pair,simplified_text,SIMP-EN-000861,development_candidate_validation,success,missing,missing_or_conflicting_label,False,False,['Label status is missing']
SIMP-EN-000862__ORIG,SIMP-EN-000862,simplification_pair,source_text,SIMP-EN-000862,development_candidate_validation,success,expert_verified,primary_validation_eligible,False,False,[]
SIMP-EN-000862__SIMP,SIMP-EN-000862,simplification_pair,simplified_text,SIMP-EN-000862,development_candidate_validation,success,missing,missing_or_conflicting_label,False,False,['Label status is missing']
SIMP-EN-000863__ORIG,SIMP-EN-000863,simplification_pair,source_text,SIMP-EN-000863,development_candidate_validation,success,expert_verified,primary_validation_eligible,False,False,[]
SIMP-EN-000863__SIMP,SIMP-EN-000863,simplification_pair,simplified_text,SIMP-EN-000863,development_candidate_validation,success,missing,missing_or_conflicting_label,False,False,['Label status is missing']
SIMP-EN-000864__ORIG,SIMP-EN-000864,simplification_pair,source_text,SIMP-EN-000864,development_candidate_validation,success,expert_verified,primary_validation_eligible,False,False,[]
SIMP-EN-000864__SIMP,SIMP-EN-000864,simplification_pair,simplified_text,SIMP-EN-000864,development_candidate_validation,success,missing,missing_or_conflicting_label,False,False,['Label status is missing']
SIMP-EN-000865__ORIG,SIMP-EN-000865,simplification_pair,source_text,SIMP-EN-000865,development_candidate_validation,success,expert_verified,primary_validation_eligible,False,False,[]
SIMP-EN-000865__SIMP,SIMP-EN-000865,simplification_pair,simplified_text,SIMP-EN-000865,development_candidate_validation,success,missing,missing_or_conflicting_label,False,False,['Label status is missing']
SIMP-EN-000866__ORIG,SIMP-EN-000866,simplification_pair,source_text,SIMP-EN-000866,development_candidate_validation,success,expert_verified,primary_validation_eligible,False,False,[]
SIMP-EN-000866__SIMP,SIMP-EN-000866,simplification_pair,simplified_text,SIMP-EN-000866,development_candidate_validation,success,missing,missing_or_conflicting_label,False,False,['Label status is missing']
SIMP-EN-000867__ORIG,SIMP-EN-000867,simplification_pair,source_text,SIMP-EN-000867,development_candidate_train,success,expert_verified,primary_train_eligible,True,True,[]
SIMP-EN-000867__SIMP,SIMP-EN-000867,simplification_pair,simplified_text,SIMP-EN-000867,development_candidate_train,success,missing,missing_or_conflicting_label,False,False,['Label status is missing']
SIMP-EN-000868__ORIG,SIMP-EN-000868,simplification_pair,source_text,SIMP-EN-000868,development_candidate_train,success,expert_verified,primary_train_eligible,True,True,[]
SIMP-EN-000868__SIMP,SIMP-EN-000868,simplification_pair,simplified_text,SIMP-EN-000868,development_candidate_train,success,missing,missing_or_conflicting_label,False,False,['Label status is missing']
SIMP-EN-000869__ORIG,SIMP-EN-000869,simplification_pair,source_text,SIMP-EN-000869,development_candidate_train,success,expert_verified,primary_train_eligible,True,True,[]
SIMP-EN-000869__SIMP,SIMP-EN-000869,simplification_pair,simplified_text,SIMP-EN-000869,development_candidate_train,success,missing,missing_or_conflicting_label,False,False,['Label status is missing']
SIMP-EN-001065__ORIG,SIMP-EN-001065,simplification_pair,source_text,SIMP-EN-001065,development_candidate_validation,success,expert_verified,primary_validation_eligible,False,False,[]
SIMP-EN-001065__SIMP,SIMP-EN-001065,simplification_pair,simplified_text,SIMP-EN-001065,development_candidate_validation,success,missing,missing_or_conflicting_label,False,False,['Label status is missing']
SIMP-EN-001066__ORIG,SIMP-EN-001066,simplification_pair,source_text,SIMP-EN-001066,development_candidate_validation,success,expert_verified,primary_validation_eligible,False,False,[]
SIMP-EN-001066__SIMP,SIMP-EN-001066,simplification_pair,simplified_text,SIMP-EN-001066,development_candidate_validation,success,missing,missing_or_conflicting_label,False,False,['Label status is missing']
SIMP-EN-001067__ORIG,SIMP-EN-001067,simplification_pair,source_text,SIMP-EN-001067,development_candidate_validation,success,expert_verified,primary_validation_eligible,False,False,[]
SIMP-EN-001067__SIMP,SIMP-EN-001067,simplification_pair,simplified_text,SIMP-EN-001067,development_candidate_validation,success,missing,missing_or_conflicting_label,False,False,['Label status is missing']
SIMP-EN-001068__ORIG,SIMP-EN-001068,simplification_pair,source_text,SIMP-EN-001068,development_candidate_train,success,expert_verified,primary_train_eligible,True,True,[]
SIMP-EN-001068__SIMP,SIMP-EN-001068,simplification_pair,simplified_text,SIMP-EN-001068,development_candidate_train,success,missing,missing_or_conflicting_label,False,False,['Label status is missing']
SIMP-EN-001069__ORIG,SIMP-EN-001069,simplification_pair,source_text,SIMP-EN-001069,development_candidate_train,success,expert_verified,primary_train_eligible,True,True,[]
SIMP-EN-001069__SIMP,SIMP-EN-001069,simplification_pair,simplified_text,SIMP-EN-001069,development_candidate_train,success,missing,missing_or_conflicting_label,False,False,['Label status is missing']
SIMP-EN-001070__ORIG,SIMP-EN-001070,simplification_pair,source_text,SIMP-EN-001070,development_candidate_train,success,expert_verified,primary_train_eligible,True,True,[]
SIMP-EN-001070__SIMP,SIMP-EN-001070,simplification_pair,simplified_text,SIMP-EN-001070,development_candidate_train,success,missing,missing_or_conflicting_label,False,False,['Label status is missing']
SIMP-EN-001071__ORIG,SIMP-EN-001071,simplification_pair,source_text,SIMP-EN-001071,development_candidate_train,success,expert_verified,primary_train_eligible,True,True,[]
SIMP-EN-001071__SIMP,SIMP-EN-001071,simplification_pair,simplified_text,SIMP-EN-001071,development_candidate_train,success,missing,missing_or_conflicting_label,False,False,['Label status is missing']
SIMP-EN-001072__ORIG,SIMP-EN-001072,simplification_pair,source_text,SIMP-EN-001072,development_candidate_train,success,expert_verified,primary_train_eligible,True,True,[]
SIMP-EN-001072__SIMP,SIMP-EN-001072,simplification_pair,simplified_text,SIMP-EN-001072,development_candidate_train,success,missing,missing_or_conflicting_label,False,False,['Label status is missing']
SIMP-EN-001073__ORIG,SIMP-EN-001073,simplification_pair,source_text,SIMP-EN-001073,development_candidate_train,success,expert_verified,primary_train_eligible,True,True,[]
SIMP-EN-001073__SIMP,SIMP-EN-001073,simplification_pair,simplified_text,SIMP-EN-001073,development_candidate_train,success,missing,missing_or_conflicting_label,False,False,['Label status is missing']
SIMP-EN-001074__ORIG,SIMP-EN-001074,simplification_pair,source_text,SIMP-EN-001074,development_candidate_train,success,expert_verified,primary_train_eligible,True,True,[]
SIMP-EN-001074__SIMP,SIMP-EN-001074,simplification_pair,simplified_text,SIMP-EN-001074,development_candidate_train,success,missing,missing_or_conflicting_label,False,False,['Label status is missing']
SIMP-EN-001075__ORIG,SIMP-EN-001075,simplification_pair,source_text,SIMP-EN-001075,development_candidate_train,success,expert_verified,primary_train_eligible,True,True,[]
SIMP-EN-001075__SIMP,SIMP-EN-001075,simplification_pair,simplified_text,SIMP-EN-001075,development_candidate_train,success,missing,missing_or_conflicting_label,False,False,['Label status is missing']
SIMP-EN-001076__ORIG,SIMP-EN-001076,simplification_pair,source_text,SIMP-EN-001076,development_candidate_train,success,expert_verified,primary_train_eligible,True,True,[]
SIMP-EN-001076__SIMP,SIMP-EN-001076,simplification_pair,simplified_text,SIMP-EN-001076,development_candidate_train,success,missing,missing_or_conflicting_label,False,False,['Label status is missing']
SIMP-EN-001077__ORIG,SIMP-EN-001077,simplification_pair,source_text,SIMP-EN-001077,development_candidate_validation,success,expert_verified,primary_validation_eligible,False,False,[]
SIMP-EN-001077__SIMP,SIMP-EN-001077,simplification_pair,simplified_text,SIMP-EN-001077,development_candidate_validation,success,missing,missing_or_conflicting_label,False,False,['Label status is missing']
SIMP-EN-001078__ORIG,SIMP-EN-001078,simplification_pair,source_text,SIMP-EN-001078,development_candidate_validation,success,expert_verified,primary_validation_eligible,False,False,[]
SIMP-EN-001078__SIMP,SIMP-EN-001078,simplification_pair,simplified_text,SIMP-EN-001078,development_candidate_validation,success,missing,missing_or_conflicting_label,False,False,['Label status is missing']
SIMP-EN-001079__ORIG,SIMP-EN-001079,simplification_pair,source_text,SIMP-EN-001079,development_candidate_validation,success,expert_verified,primary_validation_eligible,False,False,[]
SIMP-EN-001079__SIMP,SIMP-EN-001079,simplification_pair,simplified_text,SIMP-EN-001079,development_candidate_validation,success,missing,missing_or_conflicting_label,False,False,['Label status is missing']
SIMP-EN-001080__ORIG,SIMP-EN-001080,simplification_pair,source_text,SIMP-EN-001080,development_candidate_train,success,expert_verified,primary_train_eligible,True,True,[]
SIMP-EN-001080__SIMP,SIMP-EN-001080,simplification_pair,simplified_text,SIMP-EN-001080,development_candidate_train,success,missing,missing_or_conflicting_label,False,False,['Label status is missing']
SIMP-EN-001081__ORIG,SIMP-EN-001081,simplification_pair,source_text,SIMP-EN-001081,development_candidate_train,success,expert_verified,primary_train_eligible,True,True,[]
SIMP-EN-001081__SIMP,SIMP-EN-001081,simplification_pair,simplified_text,SIMP-EN-001081,development_candidate_train,manual_review_required,missing,missing_or_conflicting_label,False,False,['Label status is missing']
SIMP-EN-001082__ORIG,SIMP-EN-001082,simplification_pair,source_text,SIMP-EN-001082,development_candidate_train,success,expert_verified,primary_train_eligible,True,True,[]
SIMP-EN-001082__SIMP,SIMP-EN-001082,simplification_pair,simplified_text,SIMP-EN-001082,development_candidate_train,manual_review_required,missing,missing_or_conflicting_label,False,False,['Label status is missing']
SIMP-EN-001083__ORIG,SIMP-EN-001083,simplification_pair,source_text,SIMP-EN-001083,development_candidate_validation,success,expert_verified,primary_validation_eligible,False,False,[]
SIMP-EN-001083__SIMP,SIMP-EN-001083,simplification_pair,simplified_text,SIMP-EN-001083,development_candidate_validation,success,missing,missing_or_conflicting_label,False,False,['Label status is missing']
SIMP-EN-001084__ORIG,SIMP-EN-001084,simplification_pair,source_text,SIMP-EN-001084,development_candidate_validation,success,expert_verified,primary_validation_eligible,False,False,[]
SIMP-EN-001084__SIMP,SIMP-EN-001084,simplification_pair,simplified_text,SIMP-EN-001084,development_candidate_validation,success,missing,missing_or_conflicting_label,False,False,['Label status is missing']
SIMP-EN-001085__ORIG,SIMP-EN-001085,simplification_pair,source_text,SIMP-EN-001085,development_candidate_validation,success,expert_verified,primary_validation_eligible,False,False,[]
SIMP-EN-001085__SIMP,SIMP-EN-001085,simplification_pair,simplified_text,SIMP-EN-001085,development_candidate_validation,success,missing,missing_or_conflicting_label,False,False,['Label status is missing']
SIMP-EN-001086__ORIG,SIMP-EN-001086,simplification_pair,source_text,SIMP-EN-001086,development_candidate_test,skipped_locked_test,expert_verified,locked_test,False,False,['Locked candidate test split quarantined']
SIMP-EN-001086__SIMP,SIMP-EN-001086,simplification_pair,simplified_text,SIMP-EN-001086,development_candidate_test,skipped_locked_test,missing,locked_test,False,False,['Locked candidate test split quarantined']
SIMP-EN-001087__ORIG,SIMP-EN-001087,simplification_pair,source_text,SIMP-EN-001087,development_candidate_test,skipped_locked_test,expert_verified,locked_test,False,False,['Locked candidate test split quarantined']
SIMP-EN-001087__SIMP,SIMP-EN-001087,simplification_pair,simplified_text,SIMP-EN-001087,development_candidate_test,skipped_locked_test,missing,locked_test,False,False,['Locked candidate test split quarantined']
SIMP-EN-001088__ORIG,SIMP-EN-001088,simplification_pair,source_text,SIMP-EN-001088,development_candidate_test,skipped_locked_test,expert_verified,locked_test,False,False,['Locked candidate test split quarantined']
SIMP-EN-001088__SIMP,SIMP-EN-001088,simplification_pair,simplified_text,SIMP-EN-001088,development_candidate_test,skipped_locked_test,missing,locked_test,False,False,['Locked candidate test split quarantined']
SIMP-EN-001089__ORIG,SIMP-EN-001089,simplification_pair,source_text,SIMP-EN-001089,development_candidate_train,success,expert_verified,primary_train_eligible,True,True,[]
SIMP-EN-001089__SIMP,SIMP-EN-001089,simplification_pair,simplified_text,SIMP-EN-001089,development_candidate_train,success,missing,missing_or_conflicting_label,False,False,['Label status is missing']
SIMP-EN-001090__ORIG,SIMP-EN-001090,simplification_pair,source_text,SIMP-EN-001090,development_candidate_train,success,expert_verified,primary_train_eligible,True,True,[]
SIMP-EN-001090__SIMP,SIMP-EN-001090,simplification_pair,simplified_text,SIMP-EN-001090,development_candidate_train,success,missing,missing_or_conflicting_label,False,False,['Label status is missing']
SIMP-EN-001091__ORIG,SIMP-EN-001091,simplification_pair,source_text,SIMP-EN-001091,development_candidate_train,success,expert_verified,primary_train_eligible,True,True,[]
SIMP-EN-001091__SIMP,SIMP-EN-001091,simplification_pair,simplified_text,SIMP-EN-001091,development_candidate_train,success,missing,missing_or_conflicting_label,False,False,['Label status is missing']
SIMP-EN-001092__ORIG,SIMP-EN-001092,simplification_pair,source_text,SIMP-EN-001092,development_candidate_test,skipped_locked_test,expert_verified,locked_test,False,False,['Locked candidate test split quarantined']
SIMP-EN-001092__SIMP,SIMP-EN-001092,simplification_pair,simplified_text,SIMP-EN-001092,development_candidate_test,skipped_locked_test,missing,locked_test,False,False,['Locked candidate test split quarantined']
SIMP-EN-001093__ORIG,SIMP-EN-001093,simplification_pair,source_text,SIMP-EN-001093,development_candidate_test,skipped_locked_test,expert_verified,locked_test,False,False,['Locked candidate test split quarantined']
SIMP-EN-001093__SIMP,SIMP-EN-001093,simplification_pair,simplified_text,SIMP-EN-001093,development_candidate_test,skipped_locked_test,missing,locked_test,False,False,['Locked candidate test split quarantined']
SIMP-EN-001094__ORIG,SIMP-EN-001094,simplification_pair,source_text,SIMP-EN-001094,development_candidate_test,skipped_locked_test,expert_verified,locked_test,False,False,['Locked candidate test split quarantined']
SIMP-EN-001094__SIMP,SIMP-EN-001094,simplification_pair,simplified_text,SIMP-EN-001094,development_candidate_test,skipped_locked_test,missing,locked_test,False,False,['Locked candidate test split quarantined']
SIMP-EN-001095__ORIG,SIMP-EN-001095,simplification_pair,source_text,SIMP-EN-001095,development_candidate_validation,success,expert_verified,primary_validation_eligible,False,False,[]
SIMP-EN-001095__SIMP,SIMP-EN-001095,simplification_pair,simplified_text,SIMP-EN-001095,development_candidate_validation,success,missing,missing_or_conflicting_label,False,False,['Label status is missing']
SIMP-EN-001096__ORIG,SIMP-EN-001096,simplification_pair,source_text,SIMP-EN-001096,development_candidate_validation,success,expert_verified,primary_validation_eligible,False,False,[]
SIMP-EN-001096__SIMP,SIMP-EN-001096,simplification_pair,simplified_text,SIMP-EN-001096,development_candidate_validation,success,missing,missing_or_conflicting_label,False,False,['Label status is missing']
SIMP-EN-001097__ORIG,SIMP-EN-001097,simplification_pair,source_text,SIMP-EN-001097,development_candidate_validation,success,expert_verified,primary_validation_eligible,False,False,[]
SIMP-EN-001097__SIMP,SIMP-EN-001097,simplification_pair,simplified_text,SIMP-EN-001097,development_candidate_validation,success,missing,missing_or_conflicting_label,False,False,['Label status is missing']
SIMP-EN-001098__ORIG,SIMP-EN-001098,simplification_pair,source_text,SIMP-EN-001098,development_candidate_test,skipped_locked_test,expert_verified,locked_test,False,False,['Locked candidate test split quarantined']
SIMP-EN-001098__SIMP,SIMP-EN-001098,simplification_pair,simplified_text,SIMP-EN-001098,development_candidate_test,skipped_locked_test,missing,locked_test,False,False,['Locked candidate test split quarantined']
SIMP-EN-001099__ORIG,SIMP-EN-001099,simplification_pair,source_text,SIMP-EN-001099,development_candidate_test,skipped_locked_test,expert_verified,locked_test,False,False,['Locked candidate test split quarantined']
SIMP-EN-001099__SIMP,SIMP-EN-001099,simplification_pair,simplified_text,SIMP-EN-001099,development_candidate_test,skipped_locked_test,missing,locked_test,False,False,['Locked candidate test split quarantined']
SIMP-EN-001100__ORIG,SIMP-EN-001100,simplification_pair,source_text,SIMP-EN-001100,development_candidate_test,skipped_locked_test,expert_verified,locked_test,False,False,['Locked candidate test split quarantined']
SIMP-EN-001100__SIMP,SIMP-EN-001100,simplification_pair,simplified_text,SIMP-EN-001100,development_candidate_test,skipped_locked_test,missing,locked_test,False,False,['Locked candidate test split quarantined']
SIMP-EN-001101__ORIG,SIMP-EN-001101,simplification_pair,source_text,SIMP-EN-001101,development_candidate_train,success,expert_verified,primary_train_eligible,True,True,[]
SIMP-EN-001101__SIMP,SIMP-EN-001101,simplification_pair,simplified_text,SIMP-EN-001101,development_candidate_train,success,missing,missing_or_conflicting_label,False,False,['Label status is missing']
SIMP-EN-001102__ORIG,SIMP-EN-001102,simplification_pair,source_text,SIMP-EN-001102,development_candidate_train,success,expert_verified,primary_train_eligible,True,True,[]
SIMP-EN-001102__SIMP,SIMP-EN-001102,simplification_pair,simplified_text,SIMP-EN-001102,development_candidate_train,success,missing,missing_or_conflicting_label,False,False,['Label status is missing']
SIMP-EN-001103__ORIG,SIMP-EN-001103,simplification_pair,source_text,SIMP-EN-001103,development_candidate_train,success,expert_verified,primary_train_eligible,True,True,[]
SIMP-EN-001103__SIMP,SIMP-EN-001103,simplification_pair,simplified_text,SIMP-EN-001103,development_candidate_train,success,missing,missing_or_conflicting_label,False,False,['Label status is missing']
SIMP-EN-001104__ORIG,SIMP-EN-001104,simplification_pair,source_text,SIMP-EN-001104,development_candidate_train,success,expert_verified,primary_train_eligible,True,True,[]
SIMP-EN-001104__SIMP,SIMP-EN-001104,simplification_pair,simplified_text,SIMP-EN-001104,development_candidate_train,success,missing,missing_or_conflicting_label,False,False,['Label status is missing']
SIMP-EN-001105__ORIG,SIMP-EN-001105,simplification_pair,source_text,SIMP-EN-001105,development_candidate_train,success,expert_verified,primary_train_eligible,True,True,[]
SIMP-EN-001105__SIMP,SIMP-EN-001105,simplification_pair,simplified_text,SIMP-EN-001105,development_candidate_train,success,missing,missing_or_conflicting_label,False,False,['Label status is missing']
SIMP-EN-001106__ORIG,SIMP-EN-001106,simplification_pair,source_text,SIMP-EN-001106,development_candidate_train,success,expert_verified,primary_train_eligible,True,True,[]
SIMP-EN-001106__SIMP,SIMP-EN-001106,simplification_pair,simplified_text,SIMP-EN-001106,development_candidate_train,success,missing,missing_or_conflicting_label,False,False,['Label status is missing']
SIMP-EN-001107__ORIG,SIMP-EN-001107,simplification_pair,source_text,SIMP-EN-001107,development_candidate_validation,success,expert_verified,primary_validation_eligible,False,False,[]
SIMP-EN-001107__SIMP,SIMP-EN-001107,simplification_pair,simplified_text,SIMP-EN-001107,development_candidate_validation,success,missing,missing_or_conflicting_label,False,False,['Label status is missing']
SIMP-EN-001108__ORIG,SIMP-EN-001108,simplification_pair,source_text,SIMP-EN-001108,development_candidate_validation,success,expert_verified,primary_validation_eligible,False,False,[]
SIMP-EN-001108__SIMP,SIMP-EN-001108,simplification_pair,simplified_text,SIMP-EN-001108,development_candidate_validation,success,missing,missing_or_conflicting_label,False,False,['Label status is missing']
SIMP-EN-001109__ORIG,SIMP-EN-001109,simplification_pair,source_text,SIMP-EN-001109,development_candidate_validation,success,expert_verified,primary_validation_eligible,False,False,[]
SIMP-EN-001109__SIMP,SIMP-EN-001109,simplification_pair,simplified_text,SIMP-EN-001109,development_candidate_validation,success,missing,missing_or_conflicting_label,False,False,['Label status is missing']
SIMP-EN-000435__ORIG,SIMP-EN-000435,simplification_pair,source_text,SIMP-EN-000435,development_candidate_validation,success,expert_verified,primary_validation_eligible,False,False,[]
SIMP-EN-000435__SIMP,SIMP-EN-000435,simplification_pair,simplified_text,SIMP-EN-000435,development_candidate_validation,success,missing,missing_or_conflicting_label,False,False,['Label status is missing']
SIMP-EN-000436__ORIG,SIMP-EN-000436,simplification_pair,source_text,SIMP-EN-000436,development_candidate_validation,success,expert_verified,primary_validation_eligible,False,False,[]
SIMP-EN-000436__SIMP,SIMP-EN-000436,simplification_pair,simplified_text,SIMP-EN-000436,development_candidate_validation,success,missing,missing_or_conflicting_label,False,False,['Label status is missing']
SIMP-EN-000437__ORIG,SIMP-EN-000437,simplification_pair,source_text,SIMP-EN-000437,development_candidate_validation,success,expert_verified,primary_validation_eligible,False,False,[]
SIMP-EN-000437__SIMP,SIMP-EN-000437,simplification_pair,simplified_text,SIMP-EN-000437,development_candidate_validation,success,missing,missing_or_conflicting_label,False,False,['Label status is missing']
SIMP-EN-000438__ORIG,SIMP-EN-000438,simplification_pair,source_text,SIMP-EN-000438,development_candidate_train,success,expert_verified,primary_train_eligible,True,True,[]
SIMP-EN-000438__SIMP,SIMP-EN-000438,simplification_pair,simplified_text,SIMP-EN-000438,development_candidate_train,success,missing,missing_or_conflicting_label,False,False,['Label status is missing']
SIMP-EN-000439__ORIG,SIMP-EN-000439,simplification_pair,source_text,SIMP-EN-000439,development_candidate_train,success,expert_verified,primary_train_eligible,True,True,[]
SIMP-EN-000439__SIMP,SIMP-EN-000439,simplification_pair,simplified_text,SIMP-EN-000439,development_candidate_train,success,missing,missing_or_conflicting_label,False,False,['Label status is missing']
SIMP-EN-000440__ORIG,SIMP-EN-000440,simplification_pair,source_text,SIMP-EN-000440,development_candidate_train,success,expert_verified,primary_train_eligible,True,True,[]
SIMP-EN-000440__SIMP,SIMP-EN-000440,simplification_pair,simplified_text,SIMP-EN-000440,development_candidate_train,success,missing,missing_or_conflicting_label,False,False,['Label status is missing']
SIMP-EN-000441__ORIG,SIMP-EN-000441,simplification_pair,source_text,SIMP-EN-000441,development_candidate_train,success,expert_verified,primary_train_eligible,True,True,[]
SIMP-EN-000441__SIMP,SIMP-EN-000441,simplification_pair,simplified_text,SIMP-EN-000441,development_candidate_train,success,missing,missing_or_conflicting_label,False,False,['Label status is missing']
SIMP-EN-000442__ORIG,SIMP-EN-000442,simplification_pair,source_text,SIMP-EN-000442,development_candidate_train,success,expert_verified,primary_train_eligible,True,True,[]
SIMP-EN-000442__SIMP,SIMP-EN-000442,simplification_pair,simplified_text,SIMP-EN-000442,development_candidate_train,success,missing,missing_or_conflicting_label,False,False,['Label status is missing']
SIMP-EN-000443__ORIG,SIMP-EN-000443,simplification_pair,source_text,SIMP-EN-000443,development_candidate_train,success,expert_verified,primary_train_eligible,True,True,[]
SIMP-EN-000443__SIMP,SIMP-EN-000443,simplification_pair,simplified_text,SIMP-EN-000443,development_candidate_train,success,missing,missing_or_conflicting_label,False,False,['Label status is missing']
SIMP-EN-000444__ORIG,SIMP-EN-000444,simplification_pair,source_text,SIMP-EN-000444,development_candidate_test,skipped_locked_test,expert_verified,locked_test,False,False,['Locked candidate test split quarantined']
SIMP-EN-000444__SIMP,SIMP-EN-000444,simplification_pair,simplified_text,SIMP-EN-000444,development_candidate_test,skipped_locked_test,missing,locked_test,False,False,['Locked candidate test split quarantined']
SIMP-EN-000445__ORIG,SIMP-EN-000445,simplification_pair,source_text,SIMP-EN-000445,development_candidate_test,skipped_locked_test,expert_verified,locked_test,False,False,['Locked candidate test split quarantined']
SIMP-EN-000445__SIMP,SIMP-EN-000445,simplification_pair,simplified_text,SIMP-EN-000445,development_candidate_test,skipped_locked_test,missing,locked_test,False,False,['Locked candidate test split quarantined']
SIMP-EN-000446__ORIG,SIMP-EN-000446,simplification_pair,source_text,SIMP-EN-000446,development_candidate_test,skipped_locked_test,expert_verified,locked_test,False,False,['Locked candidate test split quarantined']
SIMP-EN-000446__SIMP,SIMP-EN-000446,simplification_pair,simplified_text,SIMP-EN-000446,development_candidate_test,skipped_locked_test,missing,locked_test,False,False,['Locked candidate test split quarantined']
SIMP-EN-000447__ORIG,SIMP-EN-000447,simplification_pair,source_text,SIMP-EN-000447,development_candidate_train,success,expert_verified,primary_train_eligible,True,True,[]
SIMP-EN-000447__SIMP,SIMP-EN-000447,simplification_pair,simplified_text,SIMP-EN-000447,development_candidate_train,success,missing,missing_or_conflicting_label,False,False,['Label status is missing']
SIMP-EN-000448__ORIG,SIMP-EN-000448,simplification_pair,source_text,SIMP-EN-000448,development_candidate_train,success,expert_verified,primary_train_eligible,True,True,[]
SIMP-EN-000448__SIMP,SIMP-EN-000448,simplification_pair,simplified_text,SIMP-EN-000448,development_candidate_train,success,missing,missing_or_conflicting_label,False,False,['Label status is missing']
SIMP-EN-000449__ORIG,SIMP-EN-000449,simplification_pair,source_text,SIMP-EN-000449,development_candidate_train,success,expert_verified,primary_train_eligible,True,True,[]
SIMP-EN-000449__SIMP,SIMP-EN-000449,simplification_pair,simplified_text,SIMP-EN-000449,development_candidate_train,success,missing,missing_or_conflicting_label,False,False,['Label status is missing']
SIMP-EN-000450__ORIG,SIMP-EN-000450,simplification_pair,source_text,SIMP-EN-000450,development_candidate_test,skipped_locked_test,expert_verified,locked_test,False,False,['Locked candidate test split quarantined']
SIMP-EN-000450__SIMP,SIMP-EN-000450,simplification_pair,simplified_text,SIMP-EN-000450,development_candidate_test,skipped_locked_test,missing,locked_test,False,False,['Locked candidate test split quarantined']
SIMP-EN-000451__ORIG,SIMP-EN-000451,simplification_pair,source_text,SIMP-EN-000451,development_candidate_test,skipped_locked_test,expert_verified,locked_test,False,False,['Locked candidate test split quarantined']
SIMP-EN-000451__SIMP,SIMP-EN-000451,simplification_pair,simplified_text,SIMP-EN-000451,development_candidate_test,skipped_locked_test,missing,locked_test,False,False,['Locked candidate test split quarantined']
SIMP-EN-000452__ORIG,SIMP-EN-000452,simplification_pair,source_text,SIMP-EN-000452,development_candidate_test,skipped_locked_test,expert_verified,locked_test,False,False,['Locked candidate test split quarantined']
SIMP-EN-000452__SIMP,SIMP-EN-000452,simplification_pair,simplified_text,SIMP-EN-000452,development_candidate_test,skipped_locked_test,missing,locked_test,False,False,['Locked candidate test split quarantined']
SIMP-EN-000453__ORIG,SIMP-EN-000453,simplification_pair,source_text,SIMP-EN-000453,development_candidate_validation,success,expert_verified,primary_validation_eligible,False,False,[]
SIMP-EN-000453__SIMP,SIMP-EN-000453,simplification_pair,simplified_text,SIMP-EN-000453,development_candidate_validation,success,missing,missing_or_conflicting_label,False,False,['Label status is missing']
SIMP-EN-000454__ORIG,SIMP-EN-000454,simplification_pair,source_text,SIMP-EN-000454,development_candidate_validation,success,expert_verified,primary_validation_eligible,False,False,[]
SIMP-EN-000454__SIMP,SIMP-EN-000454,simplification_pair,simplified_text,SIMP-EN-000454,development_candidate_validation,success,missing,missing_or_conflicting_label,False,False,['Label status is missing']
SIMP-EN-000455__ORIG,SIMP-EN-000455,simplification_pair,source_text,SIMP-EN-000455,development_candidate_validation,success,expert_verified,primary_validation_eligible,False,False,[]
SIMP-EN-000455__SIMP,SIMP-EN-000455,simplification_pair,simplified_text,SIMP-EN-000455,development_candidate_validation,success,missing,missing_or_conflicting_label,False,False,['Label status is missing']
SIMP-EN-000456__ORIG,SIMP-EN-000456,simplification_pair,source_text,SIMP-EN-000456,development_candidate_train,success,expert_verified,primary_train_eligible,True,True,[]
SIMP-EN-000456__SIMP,SIMP-EN-000456,simplification_pair,simplified_text,SIMP-EN-000456,development_candidate_train,success,missing,missing_or_conflicting_label,False,False,['Label status is missing']
SIMP-EN-000457__ORIG,SIMP-EN-000457,simplification_pair,source_text,SIMP-EN-000457,development_candidate_train,success,expert_verified,primary_train_eligible,True,True,[]
SIMP-EN-000457__SIMP,SIMP-EN-000457,simplification_pair,simplified_text,SIMP-EN-000457,development_candidate_train,success,missing,missing_or_conflicting_label,False,False,['Label status is missing']
SIMP-EN-000458__ORIG,SIMP-EN-000458,simplification_pair,source_text,SIMP-EN-000458,development_candidate_train,success,expert_verified,primary_train_eligible,True,True,[]
SIMP-EN-000458__SIMP,SIMP-EN-000458,simplification_pair,simplified_text,SIMP-EN-000458,development_candidate_train,success,missing,missing_or_conflicting_label,False,False,['Label status is missing']
SIMP-EN-000459__ORIG,SIMP-EN-000459,simplification_pair,source_text,SIMP-EN-000459,development_candidate_train,success,expert_verified,primary_train_eligible,True,True,[]
SIMP-EN-000459__SIMP,SIMP-EN-000459,simplification_pair,simplified_text,SIMP-EN-000459,development_candidate_train,success,missing,missing_or_conflicting_label,False,False,['Label status is missing']
SIMP-EN-000460__ORIG,SIMP-EN-000460,simplification_pair,source_text,SIMP-EN-000460,development_candidate_train,success,expert_verified,primary_train_eligible,True,True,[]
SIMP-EN-000460__SIMP,SIMP-EN-000460,simplification_pair,simplified_text,SIMP-EN-000460,development_candidate_train,success,missing,missing_or_conflicting_label,False,False,['Label status is missing']
SIMP-EN-000461__ORIG,SIMP-EN-000461,simplification_pair,source_text,SIMP-EN-000461,development_candidate_train,success,expert_verified,primary_train_eligible,True,True,[]
SIMP-EN-000461__SIMP,SIMP-EN-000461,simplification_pair,simplified_text,SIMP-EN-000461,development_candidate_train,success,missing,missing_or_conflicting_label,False,False,['Label status is missing']
SIMP-EN-000462__ORIG,SIMP-EN-000462,simplification_pair,source_text,SIMP-EN-000462,development_candidate_train,success,expert_verified,primary_train_eligible,True,True,[]
SIMP-EN-000462__SIMP,SIMP-EN-000462,simplification_pair,simplified_text,SIMP-EN-000462,development_candidate_train,success,missing,missing_or_conflicting_label,False,False,['Label status is missing']
SIMP-EN-000463__ORIG,SIMP-EN-000463,simplification_pair,source_text,SIMP-EN-000463,development_candidate_train,success,expert_verified,primary_train_eligible,True,True,[]
SIMP-EN-000463__SIMP,SIMP-EN-000463,simplification_pair,simplified_text,SIMP-EN-000463,development_candidate_train,success,missing,missing_or_conflicting_label,False,False,['Label status is missing']
SIMP-EN-000464__ORIG,SIMP-EN-000464,simplification_pair,source_text,SIMP-EN-000464,development_candidate_train,success,expert_verified,primary_train_eligible,True,True,[]
SIMP-EN-000464__SIMP,SIMP-EN-000464,simplification_pair,simplified_text,SIMP-EN-000464,development_candidate_train,success,missing,missing_or_conflicting_label,False,False,['Label status is missing']
SIMP-EN-000675__ORIG,SIMP-EN-000675,simplification_pair,source_text,SIMP-EN-000675,development_candidate_train,success,expert_verified,primary_train_eligible,True,True,[]
SIMP-EN-000675__SIMP,SIMP-EN-000675,simplification_pair,simplified_text,SIMP-EN-000675,development_candidate_train,success,missing,missing_or_conflicting_label,False,False,['Label status is missing']
SIMP-EN-000676__ORIG,SIMP-EN-000676,simplification_pair,source_text,SIMP-EN-000676,development_candidate_train,success,expert_verified,primary_train_eligible,True,True,[]
SIMP-EN-000676__SIMP,SIMP-EN-000676,simplification_pair,simplified_text,SIMP-EN-000676,development_candidate_train,success,missing,missing_or_conflicting_label,False,False,['Label status is missing']
SIMP-EN-000677__ORIG,SIMP-EN-000677,simplification_pair,source_text,SIMP-EN-000677,development_candidate_train,success,expert_verified,primary_train_eligible,True,True,[]
SIMP-EN-000677__SIMP,SIMP-EN-000677,simplification_pair,simplified_text,SIMP-EN-000677,development_candidate_train,success,missing,missing_or_conflicting_label,False,False,['Label status is missing']
SIMP-EN-000678__ORIG,SIMP-EN-000678,simplification_pair,source_text,SIMP-EN-000678,development_candidate_train,success,expert_verified,primary_train_eligible,True,True,[]
SIMP-EN-000678__SIMP,SIMP-EN-000678,simplification_pair,simplified_text,SIMP-EN-000678,development_candidate_train,success,missing,missing_or_conflicting_label,False,False,['Label status is missing']
SIMP-EN-000679__ORIG,SIMP-EN-000679,simplification_pair,source_text,SIMP-EN-000679,development_candidate_train,success,expert_verified,primary_train_eligible,True,True,[]
SIMP-EN-000679__SIMP,SIMP-EN-000679,simplification_pair,simplified_text,SIMP-EN-000679,development_candidate_train,success,missing,missing_or_conflicting_label,False,False,['Label status is missing']
SIMP-EN-000680__ORIG,SIMP-EN-000680,simplification_pair,source_text,SIMP-EN-000680,development_candidate_train,success,expert_verified,primary_train_eligible,True,True,[]
SIMP-EN-000680__SIMP,SIMP-EN-000680,simplification_pair,simplified_text,SIMP-EN-000680,development_candidate_train,success,missing,missing_or_conflicting_label,False,False,['Label status is missing']
SIMP-EN-000681__ORIG,SIMP-EN-000681,simplification_pair,source_text,SIMP-EN-000681,development_candidate_train,success,expert_verified,primary_train_eligible,True,True,[]
SIMP-EN-000681__SIMP,SIMP-EN-000681,simplification_pair,simplified_text,SIMP-EN-000681,development_candidate_train,success,missing,missing_or_conflicting_label,False,False,['Label status is missing']
SIMP-EN-000682__ORIG,SIMP-EN-000682,simplification_pair,source_text,SIMP-EN-000682,development_candidate_train,success,expert_verified,primary_train_eligible,True,True,[]
SIMP-EN-000682__SIMP,SIMP-EN-000682,simplification_pair,simplified_text,SIMP-EN-000682,development_candidate_train,success,missing,missing_or_conflicting_label,False,False,['Label status is missing']
SIMP-EN-000683__ORIG,SIMP-EN-000683,simplification_pair,source_text,SIMP-EN-000683,development_candidate_train,success,expert_verified,primary_train_eligible,True,True,[]
SIMP-EN-000683__SIMP,SIMP-EN-000683,simplification_pair,simplified_text,SIMP-EN-000683,development_candidate_train,success,missing,missing_or_conflicting_label,False,False,['Label status is missing']
SIMP-EN-000684__ORIG,SIMP-EN-000684,simplification_pair,source_text,SIMP-EN-000684,development_candidate_test,skipped_locked_test,expert_verified,locked_test,False,False,['Locked candidate test split quarantined']
SIMP-EN-000684__SIMP,SIMP-EN-000684,simplification_pair,simplified_text,SIMP-EN-000684,development_candidate_test,skipped_locked_test,missing,locked_test,False,False,['Locked candidate test split quarantined']
SIMP-EN-000685__ORIG,SIMP-EN-000685,simplification_pair,source_text,SIMP-EN-000685,development_candidate_test,skipped_locked_test,expert_verified,locked_test,False,False,['Locked candidate test split quarantined']
SIMP-EN-000685__SIMP,SIMP-EN-000685,simplification_pair,simplified_text,SIMP-EN-000685,development_candidate_test,skipped_locked_test,missing,locked_test,False,False,['Locked candidate test split quarantined']
SIMP-EN-000686__ORIG,SIMP-EN-000686,simplification_pair,source_text,SIMP-EN-000686,development_candidate_test,skipped_locked_test,expert_verified,locked_test,False,False,['Locked candidate test split quarantined']
SIMP-EN-000686__SIMP,SIMP-EN-000686,simplification_pair,simplified_text,SIMP-EN-000686,development_candidate_test,skipped_locked_test,missing,locked_test,False,False,['Locked candidate test split quarantined']
SIMP-EN-000687__ORIG,SIMP-EN-000687,simplification_pair,source_text,SIMP-EN-000687,development_candidate_test,skipped_locked_test,expert_verified,locked_test,False,False,['Locked candidate test split quarantined']
SIMP-EN-000687__SIMP,SIMP-EN-000687,simplification_pair,simplified_text,SIMP-EN-000687,development_candidate_test,skipped_locked_test,missing,locked_test,False,False,['Locked candidate test split quarantined']
SIMP-EN-000688__ORIG,SIMP-EN-000688,simplification_pair,source_text,SIMP-EN-000688,development_candidate_test,skipped_locked_test,expert_verified,locked_test,False,False,['Locked candidate test split quarantined']
SIMP-EN-000688__SIMP,SIMP-EN-000688,simplification_pair,simplified_text,SIMP-EN-000688,development_candidate_test,skipped_locked_test,missing,locked_test,False,False,['Locked candidate test split quarantined']
SIMP-EN-000689__ORIG,SIMP-EN-000689,simplification_pair,source_text,SIMP-EN-000689,development_candidate_test,skipped_locked_test,expert_verified,locked_test,False,False,['Locked candidate test split quarantined']
SIMP-EN-000689__SIMP,SIMP-EN-000689,simplification_pair,simplified_text,SIMP-EN-000689,development_candidate_test,skipped_locked_test,missing,locked_test,False,False,['Locked candidate test split quarantined']
SIMP-EN-000690__ORIG,SIMP-EN-000690,simplification_pair,source_text,SIMP-EN-000690,development_candidate_train,success,expert_verified,primary_train_eligible,True,True,[]
SIMP-EN-000690__SIMP,SIMP-EN-000690,simplification_pair,simplified_text,SIMP-EN-000690,development_candidate_train,success,missing,missing_or_conflicting_label,False,False,['Label status is missing']
SIMP-EN-000691__ORIG,SIMP-EN-000691,simplification_pair,source_text,SIMP-EN-000691,development_candidate_train,success,expert_verified,primary_train_eligible,True,True,[]
SIMP-EN-000691__SIMP,SIMP-EN-000691,simplification_pair,simplified_text,SIMP-EN-000691,development_candidate_train,success,missing,missing_or_conflicting_label,False,False,['Label status is missing']
SIMP-EN-000692__ORIG,SIMP-EN-000692,simplification_pair,source_text,SIMP-EN-000692,development_candidate_train,success,expert_verified,primary_train_eligible,True,True,[]
SIMP-EN-000692__SIMP,SIMP-EN-000692,simplification_pair,simplified_text,SIMP-EN-000692,development_candidate_train,success,missing,missing_or_conflicting_label,False,False,['Label status is missing']
SIMP-EN-000693__ORIG,SIMP-EN-000693,simplification_pair,source_text,SIMP-EN-000693,development_candidate_train,success,expert_verified,primary_train_eligible,True,True,[]
SIMP-EN-000693__SIMP,SIMP-EN-000693,simplification_pair,simplified_text,SIMP-EN-000693,development_candidate_train,success,missing,missing_or_conflicting_label,False,False,['Label status is missing']
SIMP-EN-000694__ORIG,SIMP-EN-000694,simplification_pair,source_text,SIMP-EN-000694,development_candidate_train,success,expert_verified,primary_train_eligible,True,True,[]
SIMP-EN-000694__SIMP,SIMP-EN-000694,simplification_pair,simplified_text,SIMP-EN-000694,development_candidate_train,success,missing,missing_or_conflicting_label,False,False,['Label status is missing']
SIMP-EN-000695__ORIG,SIMP-EN-000695,simplification_pair,source_text,SIMP-EN-000695,development_candidate_train,success,expert_verified,primary_train_eligible,True,True,[]
SIMP-EN-000695__SIMP,SIMP-EN-000695,simplification_pair,simplified_text,SIMP-EN-000695,development_candidate_train,success,missing,missing_or_conflicting_label,False,False,['Label status is missing']
SIMP-EN-000696__ORIG,SIMP-EN-000696,simplification_pair,source_text,SIMP-EN-000696,development_candidate_validation,success,expert_verified,primary_validation_eligible,False,False,[]
SIMP-EN-000696__SIMP,SIMP-EN-000696,simplification_pair,simplified_text,SIMP-EN-000696,development_candidate_validation,success,missing,missing_or_conflicting_label,False,False,['Label status is missing']
SIMP-EN-000697__ORIG,SIMP-EN-000697,simplification_pair,source_text,SIMP-EN-000697,development_candidate_validation,success,expert_verified,primary_validation_eligible,False,False,[]
SIMP-EN-000697__SIMP,SIMP-EN-000697,simplification_pair,simplified_text,SIMP-EN-000697,development_candidate_validation,success,missing,missing_or_conflicting_label,False,False,['Label status is missing']
SIMP-EN-000698__ORIG,SIMP-EN-000698,simplification_pair,source_text,SIMP-EN-000698,development_candidate_validation,success,expert_verified,primary_validation_eligible,False,False,[]
SIMP-EN-000698__SIMP,SIMP-EN-000698,simplification_pair,simplified_text,SIMP-EN-000698,development_candidate_validation,success,missing,missing_or_conflicting_label,False,False,['Label status is missing']
SIMP-EN-000699__ORIG,SIMP-EN-000699,simplification_pair,source_text,SIMP-EN-000699,development_candidate_train,success,expert_verified,primary_train_eligible,True,True,[]
SIMP-EN-000699__SIMP,SIMP-EN-000699,simplification_pair,simplified_text,SIMP-EN-000699,development_candidate_train,success,missing,missing_or_conflicting_label,False,False,['Label status is missing']
SIMP-EN-000700__ORIG,SIMP-EN-000700,simplification_pair,source_text,SIMP-EN-000700,development_candidate_train,success,expert_verified,primary_train_eligible,True,True,[]
SIMP-EN-000700__SIMP,SIMP-EN-000700,simplification_pair,simplified_text,SIMP-EN-000700,development_candidate_train,success,missing,missing_or_conflicting_label,False,False,['Label status is missing']
SIMP-EN-000701__ORIG,SIMP-EN-000701,simplification_pair,source_text,SIMP-EN-000701,development_candidate_train,success,expert_verified,primary_train_eligible,True,True,[]
SIMP-EN-000701__SIMP,SIMP-EN-000701,simplification_pair,simplified_text,SIMP-EN-000701,development_candidate_train,success,missing,missing_or_conflicting_label,False,False,['Label status is missing']
SIMP-EN-000702__ORIG,SIMP-EN-000702,simplification_pair,source_text,SIMP-EN-000702,development_candidate_train,success,expert_verified,primary_train_eligible,True,True,[]
SIMP-EN-000702__SIMP,SIMP-EN-000702,simplification_pair,simplified_text,SIMP-EN-000702,development_candidate_train,success,missing,missing_or_conflicting_label,False,False,['Label status is missing']
SIMP-EN-000703__ORIG,SIMP-EN-000703,simplification_pair,source_text,SIMP-EN-000703,development_candidate_train,success,expert_verified,primary_train_eligible,True,True,[]
SIMP-EN-000703__SIMP,SIMP-EN-000703,simplification_pair,simplified_text,SIMP-EN-000703,development_candidate_train,success,missing,missing_or_conflicting_label,False,False,['Label status is missing']
SIMP-EN-000704__ORIG,SIMP-EN-000704,simplification_pair,source_text,SIMP-EN-000704,development_candidate_train,success,expert_verified,primary_train_eligible,True,True,[]
SIMP-EN-000704__SIMP,SIMP-EN-000704,simplification_pair,simplified_text,SIMP-EN-000704,development_candidate_train,success,missing,missing_or_conflicting_label,False,False,['Label status is missing']
SIMP-EN-000870__ORIG,SIMP-EN-000870,simplification_pair,source_text,SIMP-EN-000870,development_candidate_train,success,expert_verified,primary_train_eligible,True,True,[]
SIMP-EN-000870__SIMP,SIMP-EN-000870,simplification_pair,simplified_text,SIMP-EN-000870,development_candidate_train,success,missing,missing_or_conflicting_label,False,False,['Label status is missing']
SIMP-EN-000871__ORIG,SIMP-EN-000871,simplification_pair,source_text,SIMP-EN-000871,development_candidate_train,success,expert_verified,primary_train_eligible,True,True,[]
SIMP-EN-000871__SIMP,SIMP-EN-000871,simplification_pair,simplified_text,SIMP-EN-000871,development_candidate_train,success,missing,missing_or_conflicting_label,False,False,['Label status is missing']
SIMP-EN-000872__ORIG,SIMP-EN-000872,simplification_pair,source_text,SIMP-EN-000872,development_candidate_train,success,expert_verified,primary_train_eligible,True,True,[]
SIMP-EN-000872__SIMP,SIMP-EN-000872,simplification_pair,simplified_text,SIMP-EN-000872,development_candidate_train,success,missing,missing_or_conflicting_label,False,False,['Label status is missing']
SIMP-EN-000873__ORIG,SIMP-EN-000873,simplification_pair,source_text,SIMP-EN-000873,development_candidate_train,success,expert_verified,primary_train_eligible,True,True,[]
SIMP-EN-000873__SIMP,SIMP-EN-000873,simplification_pair,simplified_text,SIMP-EN-000873,development_candidate_train,success,missing,missing_or_conflicting_label,False,False,['Label status is missing']
SIMP-EN-000874__ORIG,SIMP-EN-000874,simplification_pair,source_text,SIMP-EN-000874,development_candidate_train,success,expert_verified,primary_train_eligible,True,True,[]
SIMP-EN-000874__SIMP,SIMP-EN-000874,simplification_pair,simplified_text,SIMP-EN-000874,development_candidate_train,success,missing,missing_or_conflicting_label,False,False,['Label status is missing']
SIMP-EN-000875__ORIG,SIMP-EN-000875,simplification_pair,source_text,SIMP-EN-000875,development_candidate_train,success,expert_verified,primary_train_eligible,True,True,[]
SIMP-EN-000875__SIMP,SIMP-EN-000875,simplification_pair,simplified_text,SIMP-EN-000875,development_candidate_train,success,missing,missing_or_conflicting_label,False,False,['Label status is missing']
SIMP-EN-000876__ORIG,SIMP-EN-000876,simplification_pair,source_text,SIMP-EN-000876,development_candidate_train,success,expert_verified,primary_train_eligible,True,True,[]
SIMP-EN-000876__SIMP,SIMP-EN-000876,simplification_pair,simplified_text,SIMP-EN-000876,development_candidate_train,success,missing,missing_or_conflicting_label,False,False,['Label status is missing']
SIMP-EN-000877__ORIG,SIMP-EN-000877,simplification_pair,source_text,SIMP-EN-000877,development_candidate_train,success,expert_verified,primary_train_eligible,True,True,[]
SIMP-EN-000877__SIMP,SIMP-EN-000877,simplification_pair,simplified_text,SIMP-EN-000877,development_candidate_train,success,missing,missing_or_conflicting_label,False,False,['Label status is missing']
SIMP-EN-000878__ORIG,SIMP-EN-000878,simplification_pair,source_text,SIMP-EN-000878,development_candidate_train,success,expert_verified,primary_train_eligible,True,True,[]
SIMP-EN-000878__SIMP,SIMP-EN-000878,simplification_pair,simplified_text,SIMP-EN-000878,development_candidate_train,success,missing,missing_or_conflicting_label,False,False,['Label status is missing']
SIMP-EN-000879__ORIG,SIMP-EN-000879,simplification_pair,source_text,SIMP-EN-000879,development_candidate_train,success,expert_verified,primary_train_eligible,True,True,[]
SIMP-EN-000879__SIMP,SIMP-EN-000879,simplification_pair,simplified_text,SIMP-EN-000879,development_candidate_train,success,missing,missing_or_conflicting_label,False,False,['Label status is missing']
SIMP-EN-000880__ORIG,SIMP-EN-000880,simplification_pair,source_text,SIMP-EN-000880,development_candidate_train,success,expert_verified,primary_train_eligible,True,True,[]
SIMP-EN-000880__SIMP,SIMP-EN-000880,simplification_pair,simplified_text,SIMP-EN-000880,development_candidate_train,success,missing,missing_or_conflicting_label,False,False,['Label status is missing']
SIMP-EN-000881__ORIG,SIMP-EN-000881,simplification_pair,source_text,SIMP-EN-000881,development_candidate_train,success,expert_verified,primary_train_eligible,True,True,[]
SIMP-EN-000881__SIMP,SIMP-EN-000881,simplification_pair,simplified_text,SIMP-EN-000881,development_candidate_train,success,missing,missing_or_conflicting_label,False,False,['Label status is missing']
SIMP-EN-000882__ORIG,SIMP-EN-000882,simplification_pair,source_text,SIMP-EN-000882,development_candidate_train,success,expert_verified,primary_train_eligible,True,True,[]
SIMP-EN-000882__SIMP,SIMP-EN-000882,simplification_pair,simplified_text,SIMP-EN-000882,development_candidate_train,manual_review_required,missing,missing_or_conflicting_label,False,False,['Label status is missing']
SIMP-EN-000883__ORIG,SIMP-EN-000883,simplification_pair,source_text,SIMP-EN-000883,development_candidate_train,success,expert_verified,primary_train_eligible,True,True,[]
SIMP-EN-000883__SIMP,SIMP-EN-000883,simplification_pair,simplified_text,SIMP-EN-000883,development_candidate_train,success,missing,missing_or_conflicting_label,False,False,['Label status is missing']
SIMP-EN-000884__ORIG,SIMP-EN-000884,simplification_pair,source_text,SIMP-EN-000884,development_candidate_train,success,expert_verified,primary_train_eligible,True,True,[]
SIMP-EN-000884__SIMP,SIMP-EN-000884,simplification_pair,simplified_text,SIMP-EN-000884,development_candidate_train,manual_review_required,missing,missing_or_conflicting_label,False,False,['Label status is missing']
SIMP-EN-000885__ORIG,SIMP-EN-000885,simplification_pair,source_text,SIMP-EN-000885,development_candidate_train,success,expert_verified,primary_train_eligible,True,True,[]
SIMP-EN-000885__SIMP,SIMP-EN-000885,simplification_pair,simplified_text,SIMP-EN-000885,development_candidate_train,success,missing,missing_or_conflicting_label,False,False,['Label status is missing']
SIMP-EN-000886__ORIG,SIMP-EN-000886,simplification_pair,source_text,SIMP-EN-000886,development_candidate_train,success,expert_verified,primary_train_eligible,True,True,[]
SIMP-EN-000886__SIMP,SIMP-EN-000886,simplification_pair,simplified_text,SIMP-EN-000886,development_candidate_train,success,missing,missing_or_conflicting_label,False,False,['Label status is missing']
SIMP-EN-000887__ORIG,SIMP-EN-000887,simplification_pair,source_text,SIMP-EN-000887,development_candidate_train,success,expert_verified,primary_train_eligible,True,True,[]
SIMP-EN-000887__SIMP,SIMP-EN-000887,simplification_pair,simplified_text,SIMP-EN-000887,development_candidate_train,success,missing,missing_or_conflicting_label,False,False,['Label status is missing']
SIMP-EN-000888__ORIG,SIMP-EN-000888,simplification_pair,source_text,SIMP-EN-000888,development_candidate_train,success,expert_verified,primary_train_eligible,True,True,[]
SIMP-EN-000888__SIMP,SIMP-EN-000888,simplification_pair,simplified_text,SIMP-EN-000888,development_candidate_train,success,missing,missing_or_conflicting_label,False,False,['Label status is missing']
SIMP-EN-000889__ORIG,SIMP-EN-000889,simplification_pair,source_text,SIMP-EN-000889,development_candidate_train,success,expert_verified,primary_train_eligible,True,True,[]
SIMP-EN-000889__SIMP,SIMP-EN-000889,simplification_pair,simplified_text,SIMP-EN-000889,development_candidate_train,success,missing,missing_or_conflicting_label,False,False,['Label status is missing']
SIMP-EN-000890__ORIG,SIMP-EN-000890,simplification_pair,source_text,SIMP-EN-000890,development_candidate_train,success,expert_verified,primary_train_eligible,True,True,[]
SIMP-EN-000890__SIMP,SIMP-EN-000890,simplification_pair,simplified_text,SIMP-EN-000890,development_candidate_train,success,missing,missing_or_conflicting_label,False,False,['Label status is missing']
SIMP-EN-000891__ORIG,SIMP-EN-000891,simplification_pair,source_text,SIMP-EN-000891,development_candidate_train,success,expert_verified,primary_train_eligible,True,True,[]
SIMP-EN-000891__SIMP,SIMP-EN-000891,simplification_pair,simplified_text,SIMP-EN-000891,development_candidate_train,success,missing,missing_or_conflicting_label,False,False,['Label status is missing']
SIMP-EN-000892__ORIG,SIMP-EN-000892,simplification_pair,source_text,SIMP-EN-000892,development_candidate_train,success,expert_verified,primary_train_eligible,True,True,[]
SIMP-EN-000892__SIMP,SIMP-EN-000892,simplification_pair,simplified_text,SIMP-EN-000892,development_candidate_train,success,missing,missing_or_conflicting_label,False,False,['Label status is missing']
SIMP-EN-000893__ORIG,SIMP-EN-000893,simplification_pair,source_text,SIMP-EN-000893,development_candidate_train,success,expert_verified,primary_train_eligible,True,True,[]
SIMP-EN-000893__SIMP,SIMP-EN-000893,simplification_pair,simplified_text,SIMP-EN-000893,development_candidate_train,success,missing,missing_or_conflicting_label,False,False,['Label status is missing']
SIMP-EN-000894__ORIG,SIMP-EN-000894,simplification_pair,source_text,SIMP-EN-000894,development_candidate_train,success,expert_verified,primary_train_eligible,True,True,[]
SIMP-EN-000894__SIMP,SIMP-EN-000894,simplification_pair,simplified_text,SIMP-EN-000894,development_candidate_train,success,missing,missing_or_conflicting_label,False,False,['Label status is missing']
SIMP-EN-000895__ORIG,SIMP-EN-000895,simplification_pair,source_text,SIMP-EN-000895,development_candidate_train,success,expert_verified,primary_train_eligible,True,True,[]
SIMP-EN-000895__SIMP,SIMP-EN-000895,simplification_pair,simplified_text,SIMP-EN-000895,development_candidate_train,success,missing,missing_or_conflicting_label,False,False,['Label status is missing']
SIMP-EN-000896__ORIG,SIMP-EN-000896,simplification_pair,source_text,SIMP-EN-000896,development_candidate_train,success,expert_verified,primary_train_eligible,True,True,[]
SIMP-EN-000896__SIMP,SIMP-EN-000896,simplification_pair,simplified_text,SIMP-EN-000896,development_candidate_train,success,missing,missing_or_conflicting_label,False,False,['Label status is missing']
SIMP-EN-000897__ORIG,SIMP-EN-000897,simplification_pair,source_text,SIMP-EN-000897,development_candidate_train,success,expert_verified,primary_train_eligible,True,True,[]
SIMP-EN-000897__SIMP,SIMP-EN-000897,simplification_pair,simplified_text,SIMP-EN-000897,development_candidate_train,success,missing,missing_or_conflicting_label,False,False,['Label status is missing']
SIMP-EN-000898__ORIG,SIMP-EN-000898,simplification_pair,source_text,SIMP-EN-000898,development_candidate_train,success,expert_verified,primary_train_eligible,True,True,[]
SIMP-EN-000898__SIMP,SIMP-EN-000898,simplification_pair,simplified_text,SIMP-EN-000898,development_candidate_train,success,missing,missing_or_conflicting_label,False,False,['Label status is missing']
SIMP-EN-000899__ORIG,SIMP-EN-000899,simplification_pair,source_text,SIMP-EN-000899,development_candidate_train,success,expert_verified,primary_train_eligible,True,True,[]
SIMP-EN-000899__SIMP,SIMP-EN-000899,simplification_pair,simplified_text,SIMP-EN-000899,development_candidate_train,success,missing,missing_or_conflicting_label,False,False,['Label status is missing']
SIMP-EN-000900__ORIG,SIMP-EN-000900,simplification_pair,source_text,SIMP-EN-000900,development_candidate_train,success,expert_verified,primary_train_eligible,True,True,[]
SIMP-EN-000900__SIMP,SIMP-EN-000900,simplification_pair,simplified_text,SIMP-EN-000900,development_candidate_train,success,missing,missing_or_conflicting_label,False,False,['Label status is missing']
SIMP-EN-000901__ORIG,SIMP-EN-000901,simplification_pair,source_text,SIMP-EN-000901,development_candidate_train,success,expert_verified,primary_train_eligible,True,True,[]
SIMP-EN-000901__SIMP,SIMP-EN-000901,simplification_pair,simplified_text,SIMP-EN-000901,development_candidate_train,success,missing,missing_or_conflicting_label,False,False,['Label status is missing']
SIMP-EN-000902__ORIG,SIMP-EN-000902,simplification_pair,source_text,SIMP-EN-000902,development_candidate_train,success,expert_verified,primary_train_eligible,True,True,[]
SIMP-EN-000902__SIMP,SIMP-EN-000902,simplification_pair,simplified_text,SIMP-EN-000902,development_candidate_train,success,missing,missing_or_conflicting_label,False,False,['Label status is missing']
SIMP-EN-000903__ORIG,SIMP-EN-000903,simplification_pair,source_text,SIMP-EN-000903,development_candidate_train,success,expert_verified,primary_train_eligible,True,True,[]
SIMP-EN-000903__SIMP,SIMP-EN-000903,simplification_pair,simplified_text,SIMP-EN-000903,development_candidate_train,success,missing,missing_or_conflicting_label,False,False,['Label status is missing']
SIMP-EN-000904__ORIG,SIMP-EN-000904,simplification_pair,source_text,SIMP-EN-000904,development_candidate_train,success,expert_verified,primary_train_eligible,True,True,[]
SIMP-EN-000904__SIMP,SIMP-EN-000904,simplification_pair,simplified_text,SIMP-EN-000904,development_candidate_train,success,missing,missing_or_conflicting_label,False,False,['Label status is missing']
SIMP-EN-000905__ORIG,SIMP-EN-000905,simplification_pair,source_text,SIMP-EN-000905,development_candidate_train,success,expert_verified,primary_train_eligible,True,True,[]
SIMP-EN-000905__SIMP,SIMP-EN-000905,simplification_pair,simplified_text,SIMP-EN-000905,development_candidate_train,success,missing,missing_or_conflicting_label,False,False,['Label status is missing']
SIMP-EN-000906__ORIG,SIMP-EN-000906,simplification_pair,source_text,SIMP-EN-000906,development_candidate_train,success,expert_verified,primary_train_eligible,True,True,[]
SIMP-EN-000906__SIMP,SIMP-EN-000906,simplification_pair,simplified_text,SIMP-EN-000906,development_candidate_train,success,missing,missing_or_conflicting_label,False,False,['Label status is missing']
SIMP-EN-000907__ORIG,SIMP-EN-000907,simplification_pair,source_text,SIMP-EN-000907,development_candidate_train,success,expert_verified,primary_train_eligible,True,True,[]
SIMP-EN-000907__SIMP,SIMP-EN-000907,simplification_pair,simplified_text,SIMP-EN-000907,development_candidate_train,success,missing,missing_or_conflicting_label,False,False,['Label status is missing']
SIMP-EN-000908__ORIG,SIMP-EN-000908,simplification_pair,source_text,SIMP-EN-000908,development_candidate_train,success,expert_verified,primary_train_eligible,True,True,[]
SIMP-EN-000908__SIMP,SIMP-EN-000908,simplification_pair,simplified_text,SIMP-EN-000908,development_candidate_train,success,missing,missing_or_conflicting_label,False,False,['Label status is missing']
SIMP-EN-000909__ORIG,SIMP-EN-000909,simplification_pair,source_text,SIMP-EN-000909,development_candidate_validation,success,expert_verified,primary_validation_eligible,False,False,[]
SIMP-EN-000909__SIMP,SIMP-EN-000909,simplification_pair,simplified_text,SIMP-EN-000909,development_candidate_validation,success,missing,missing_or_conflicting_label,False,False,['Label status is missing']
SIMP-EN-000910__ORIG,SIMP-EN-000910,simplification_pair,source_text,SIMP-EN-000910,development_candidate_validation,success,expert_verified,primary_validation_eligible,False,False,[]
SIMP-EN-000910__SIMP,SIMP-EN-000910,simplification_pair,simplified_text,SIMP-EN-000910,development_candidate_validation,success,missing,missing_or_conflicting_label,False,False,['Label status is missing']
SIMP-EN-000911__ORIG,SIMP-EN-000911,simplification_pair,source_text,SIMP-EN-000911,development_candidate_validation,success,expert_verified,primary_validation_eligible,False,False,[]
SIMP-EN-000911__SIMP,SIMP-EN-000911,simplification_pair,simplified_text,SIMP-EN-000911,development_candidate_validation,success,missing,missing_or_conflicting_label,False,False,['Label status is missing']
SIMP-EN-000912__ORIG,SIMP-EN-000912,simplification_pair,source_text,SIMP-EN-000912,development_candidate_test,skipped_locked_test,expert_verified,locked_test,False,False,['Locked candidate test split quarantined']
SIMP-EN-000912__SIMP,SIMP-EN-000912,simplification_pair,simplified_text,SIMP-EN-000912,development_candidate_test,skipped_locked_test,missing,locked_test,False,False,['Locked candidate test split quarantined']
SIMP-EN-000913__ORIG,SIMP-EN-000913,simplification_pair,source_text,SIMP-EN-000913,development_candidate_test,skipped_locked_test,expert_verified,locked_test,False,False,['Locked candidate test split quarantined']
SIMP-EN-000913__SIMP,SIMP-EN-000913,simplification_pair,simplified_text,SIMP-EN-000913,development_candidate_test,skipped_locked_test,missing,locked_test,False,False,['Locked candidate test split quarantined']
SIMP-EN-000914__ORIG,SIMP-EN-000914,simplification_pair,source_text,SIMP-EN-000914,development_candidate_test,skipped_locked_test,expert_verified,locked_test,False,False,['Locked candidate test split quarantined']
SIMP-EN-000914__SIMP,SIMP-EN-000914,simplification_pair,simplified_text,SIMP-EN-000914,development_candidate_test,skipped_locked_test,missing,locked_test,False,False,['Locked candidate test split quarantined']
SIMP-EN-001110__ORIG,SIMP-EN-001110,simplification_pair,source_text,SIMP-EN-001110,development_candidate_train,success,expert_verified,primary_train_eligible,True,True,[]
SIMP-EN-001110__SIMP,SIMP-EN-001110,simplification_pair,simplified_text,SIMP-EN-001110,development_candidate_train,success,missing,missing_or_conflicting_label,False,False,['Label status is missing']
SIMP-EN-001111__ORIG,SIMP-EN-001111,simplification_pair,source_text,SIMP-EN-001111,development_candidate_train,success,expert_verified,primary_train_eligible,True,True,[]
SIMP-EN-001111__SIMP,SIMP-EN-001111,simplification_pair,simplified_text,SIMP-EN-001111,development_candidate_train,manual_review_required,missing,missing_or_conflicting_label,False,False,['Label status is missing']
SIMP-EN-001112__ORIG,SIMP-EN-001112,simplification_pair,source_text,SIMP-EN-001112,development_candidate_train,success,expert_verified,primary_train_eligible,True,True,[]
SIMP-EN-001112__SIMP,SIMP-EN-001112,simplification_pair,simplified_text,SIMP-EN-001112,development_candidate_train,manual_review_required,missing,missing_or_conflicting_label,False,False,['Label status is missing']
SIMP-EN-001113__ORIG,SIMP-EN-001113,simplification_pair,source_text,SIMP-EN-001113,development_candidate_test,skipped_locked_test,expert_verified,locked_test,False,False,['Locked candidate test split quarantined']
SIMP-EN-001113__SIMP,SIMP-EN-001113,simplification_pair,simplified_text,SIMP-EN-001113,development_candidate_test,skipped_locked_test,missing,locked_test,False,False,['Locked candidate test split quarantined']
SIMP-EN-001114__ORIG,SIMP-EN-001114,simplification_pair,source_text,SIMP-EN-001114,development_candidate_test,skipped_locked_test,expert_verified,locked_test,False,False,['Locked candidate test split quarantined']
SIMP-EN-001114__SIMP,SIMP-EN-001114,simplification_pair,simplified_text,SIMP-EN-001114,development_candidate_test,skipped_locked_test,missing,locked_test,False,False,['Locked candidate test split quarantined']
SIMP-EN-001115__ORIG,SIMP-EN-001115,simplification_pair,source_text,SIMP-EN-001115,development_candidate_test,skipped_locked_test,expert_verified,locked_test,False,False,['Locked candidate test split quarantined']
SIMP-EN-001115__SIMP,SIMP-EN-001115,simplification_pair,simplified_text,SIMP-EN-001115,development_candidate_test,skipped_locked_test,missing,locked_test,False,False,['Locked candidate test split quarantined']
SIMP-EN-001116__ORIG,SIMP-EN-001116,simplification_pair,source_text,SIMP-EN-001116,development_candidate_train,success,expert_verified,primary_train_eligible,True,True,[]
SIMP-EN-001116__SIMP,SIMP-EN-001116,simplification_pair,simplified_text,SIMP-EN-001116,development_candidate_train,success,missing,missing_or_conflicting_label,False,False,['Label status is missing']
SIMP-EN-001117__ORIG,SIMP-EN-001117,simplification_pair,source_text,SIMP-EN-001117,development_candidate_train,success,expert_verified,primary_train_eligible,True,True,[]
SIMP-EN-001117__SIMP,SIMP-EN-001117,simplification_pair,simplified_text,SIMP-EN-001117,development_candidate_train,manual_review_required,missing,missing_or_conflicting_label,False,False,['Label status is missing']
SIMP-EN-001118__ORIG,SIMP-EN-001118,simplification_pair,source_text,SIMP-EN-001118,development_candidate_train,success,expert_verified,primary_train_eligible,True,True,[]
SIMP-EN-001118__SIMP,SIMP-EN-001118,simplification_pair,simplified_text,SIMP-EN-001118,development_candidate_train,manual_review_required,missing,missing_or_conflicting_label,False,False,['Label status is missing']
SIMP-EN-001119__ORIG,SIMP-EN-001119,simplification_pair,source_text,SIMP-EN-001119,development_candidate_validation,success,expert_verified,primary_validation_eligible,False,False,[]
SIMP-EN-001119__SIMP,SIMP-EN-001119,simplification_pair,simplified_text,SIMP-EN-001119,development_candidate_validation,success,missing,missing_or_conflicting_label,False,False,['Label status is missing']
SIMP-EN-001120__ORIG,SIMP-EN-001120,simplification_pair,source_text,SIMP-EN-001120,development_candidate_validation,success,expert_verified,primary_validation_eligible,False,False,[]
SIMP-EN-001120__SIMP,SIMP-EN-001120,simplification_pair,simplified_text,SIMP-EN-001120,development_candidate_validation,success,missing,missing_or_conflicting_label,False,False,['Label status is missing']
SIMP-EN-001121__ORIG,SIMP-EN-001121,simplification_pair,source_text,SIMP-EN-001121,development_candidate_validation,success,expert_verified,primary_validation_eligible,False,False,[]
SIMP-EN-001121__SIMP,SIMP-EN-001121,simplification_pair,simplified_text,SIMP-EN-001121,development_candidate_validation,success,missing,missing_or_conflicting_label,False,False,['Label status is missing']
SIMP-EN-001122__ORIG,SIMP-EN-001122,simplification_pair,source_text,SIMP-EN-001122,development_candidate_train,success,expert_verified,primary_train_eligible,True,True,[]
SIMP-EN-001122__SIMP,SIMP-EN-001122,simplification_pair,simplified_text,SIMP-EN-001122,development_candidate_train,success,missing,missing_or_conflicting_label,False,False,['Label status is missing']
SIMP-EN-001123__ORIG,SIMP-EN-001123,simplification_pair,source_text,SIMP-EN-001123,development_candidate_train,success,expert_verified,primary_train_eligible,True,True,[]
SIMP-EN-001123__SIMP,SIMP-EN-001123,simplification_pair,simplified_text,SIMP-EN-001123,development_candidate_train,success,missing,missing_or_conflicting_label,False,False,['Label status is missing']
SIMP-EN-001124__ORIG,SIMP-EN-001124,simplification_pair,source_text,SIMP-EN-001124,development_candidate_train,success,expert_verified,primary_train_eligible,True,True,[]
SIMP-EN-001124__SIMP,SIMP-EN-001124,simplification_pair,simplified_text,SIMP-EN-001124,development_candidate_train,manual_review_required,missing,missing_or_conflicting_label,False,False,['Label status is missing']
SIMP-EN-001125__ORIG,SIMP-EN-001125,simplification_pair,source_text,SIMP-EN-001125,development_candidate_train,success,expert_verified,primary_train_eligible,True,True,[]
SIMP-EN-001125__SIMP,SIMP-EN-001125,simplification_pair,simplified_text,SIMP-EN-001125,development_candidate_train,success,missing,missing_or_conflicting_label,False,False,['Label status is missing']
SIMP-EN-001126__ORIG,SIMP-EN-001126,simplification_pair,source_text,SIMP-EN-001126,development_candidate_train,success,expert_verified,primary_train_eligible,True,True,[]
SIMP-EN-001126__SIMP,SIMP-EN-001126,simplification_pair,simplified_text,SIMP-EN-001126,development_candidate_train,success,missing,missing_or_conflicting_label,False,False,['Label status is missing']
SIMP-EN-001127__ORIG,SIMP-EN-001127,simplification_pair,source_text,SIMP-EN-001127,development_candidate_train,success,expert_verified,primary_train_eligible,True,True,[]
SIMP-EN-001127__SIMP,SIMP-EN-001127,simplification_pair,simplified_text,SIMP-EN-001127,development_candidate_train,success,missing,missing_or_conflicting_label,False,False,['Label status is missing']
SIMP-EN-001128__ORIG,SIMP-EN-001128,simplification_pair,source_text,SIMP-EN-001128,development_candidate_validation,success,expert_verified,primary_validation_eligible,False,False,[]
SIMP-EN-001128__SIMP,SIMP-EN-001128,simplification_pair,simplified_text,SIMP-EN-001128,development_candidate_validation,success,missing,missing_or_conflicting_label,False,False,['Label status is missing']
SIMP-EN-001129__ORIG,SIMP-EN-001129,simplification_pair,source_text,SIMP-EN-001129,development_candidate_validation,success,expert_verified,primary_validation_eligible,False,False,[]
SIMP-EN-001129__SIMP,SIMP-EN-001129,simplification_pair,simplified_text,SIMP-EN-001129,development_candidate_validation,success,missing,missing_or_conflicting_label,False,False,['Label status is missing']
SIMP-EN-001130__ORIG,SIMP-EN-001130,simplification_pair,source_text,SIMP-EN-001130,development_candidate_validation,success,expert_verified,primary_validation_eligible,False,False,[]
SIMP-EN-001130__SIMP,SIMP-EN-001130,simplification_pair,simplified_text,SIMP-EN-001130,development_candidate_validation,success,missing,missing_or_conflicting_label,False,False,['Label status is missing']
SIMP-EN-001131__ORIG,SIMP-EN-001131,simplification_pair,source_text,SIMP-EN-001131,development_candidate_train,success,expert_verified,primary_train_eligible,True,True,[]
SIMP-EN-001131__SIMP,SIMP-EN-001131,simplification_pair,simplified_text,SIMP-EN-001131,development_candidate_train,success,missing,missing_or_conflicting_label,False,False,['Label status is missing']
SIMP-EN-001132__ORIG,SIMP-EN-001132,simplification_pair,source_text,SIMP-EN-001132,development_candidate_train,success,expert_verified,primary_train_eligible,True,True,[]
SIMP-EN-001132__SIMP,SIMP-EN-001132,simplification_pair,simplified_text,SIMP-EN-001132,development_candidate_train,success,missing,missing_or_conflicting_label,False,False,['Label status is missing']
SIMP-EN-001133__ORIG,SIMP-EN-001133,simplification_pair,source_text,SIMP-EN-001133,development_candidate_train,success,expert_verified,primary_train_eligible,True,True,[]
SIMP-EN-001133__SIMP,SIMP-EN-001133,simplification_pair,simplified_text,SIMP-EN-001133,development_candidate_train,success,missing,missing_or_conflicting_label,False,False,['Label status is missing']
SIMP-EN-001134__ORIG,SIMP-EN-001134,simplification_pair,source_text,SIMP-EN-001134,development_candidate_train,success,expert_verified,primary_train_eligible,True,True,[]
SIMP-EN-001134__SIMP,SIMP-EN-001134,simplification_pair,simplified_text,SIMP-EN-001134,development_candidate_train,success,missing,missing_or_conflicting_label,False,False,['Label status is missing']
SIMP-EN-001135__ORIG,SIMP-EN-001135,simplification_pair,source_text,SIMP-EN-001135,development_candidate_train,success,expert_verified,primary_train_eligible,True,True,[]
SIMP-EN-001135__SIMP,SIMP-EN-001135,simplification_pair,simplified_text,SIMP-EN-001135,development_candidate_train,success,missing,missing_or_conflicting_label,False,False,['Label status is missing']
SIMP-EN-001136__ORIG,SIMP-EN-001136,simplification_pair,source_text,SIMP-EN-001136,development_candidate_train,success,expert_verified,primary_train_eligible,True,True,[]
SIMP-EN-001136__SIMP,SIMP-EN-001136,simplification_pair,simplified_text,SIMP-EN-001136,development_candidate_train,success,missing,missing_or_conflicting_label,False,False,['Label status is missing']
SIMP-EN-001137__ORIG,SIMP-EN-001137,simplification_pair,source_text,SIMP-EN-001137,development_candidate_train,success,expert_verified,primary_train_eligible,True,True,[]
SIMP-EN-001137__SIMP,SIMP-EN-001137,simplification_pair,simplified_text,SIMP-EN-001137,development_candidate_train,success,missing,missing_or_conflicting_label,False,False,['Label status is missing']
SIMP-EN-001138__ORIG,SIMP-EN-001138,simplification_pair,source_text,SIMP-EN-001138,development_candidate_train,success,expert_verified,primary_train_eligible,True,True,[]
SIMP-EN-001138__SIMP,SIMP-EN-001138,simplification_pair,simplified_text,SIMP-EN-001138,development_candidate_train,success,missing,missing_or_conflicting_label,False,False,['Label status is missing']
SIMP-EN-001139__ORIG,SIMP-EN-001139,simplification_pair,source_text,SIMP-EN-001139,development_candidate_train,success,expert_verified,primary_train_eligible,True,True,[]
SIMP-EN-001139__SIMP,SIMP-EN-001139,simplification_pair,simplified_text,SIMP-EN-001139,development_candidate_train,success,missing,missing_or_conflicting_label,False,False,['Label status is missing']
SIMP-EN-001140__ORIG,SIMP-EN-001140,simplification_pair,source_text,SIMP-EN-001140,development_candidate_train,success,expert_verified,primary_train_eligible,True,True,[]
SIMP-EN-001140__SIMP,SIMP-EN-001140,simplification_pair,simplified_text,SIMP-EN-001140,development_candidate_train,success,missing,missing_or_conflicting_label,False,False,['Label status is missing']
SIMP-EN-001141__ORIG,SIMP-EN-001141,simplification_pair,source_text,SIMP-EN-001141,development_candidate_train,success,expert_verified,primary_train_eligible,True,True,[]
SIMP-EN-001141__SIMP,SIMP-EN-001141,simplification_pair,simplified_text,SIMP-EN-001141,development_candidate_train,manual_review_required,missing,missing_or_conflicting_label,False,False,['Label status is missing']
SIMP-EN-001142__ORIG,SIMP-EN-001142,simplification_pair,source_text,SIMP-EN-001142,development_candidate_train,success,expert_verified,primary_train_eligible,True,True,[]
SIMP-EN-001142__SIMP,SIMP-EN-001142,simplification_pair,simplified_text,SIMP-EN-001142,development_candidate_train,manual_review_required,missing,missing_or_conflicting_label,False,False,['Label status is missing']
SIMP-EN-001143__ORIG,SIMP-EN-001143,simplification_pair,source_text,SIMP-EN-001143,development_candidate_train,success,expert_verified,primary_train_eligible,True,True,[]
SIMP-EN-001143__SIMP,SIMP-EN-001143,simplification_pair,simplified_text,SIMP-EN-001143,development_candidate_train,success,missing,missing_or_conflicting_label,False,False,['Label status is missing']
SIMP-EN-001144__ORIG,SIMP-EN-001144,simplification_pair,source_text,SIMP-EN-001144,development_candidate_train,success,expert_verified,primary_train_eligible,True,True,[]
SIMP-EN-001144__SIMP,SIMP-EN-001144,simplification_pair,simplified_text,SIMP-EN-001144,development_candidate_train,success,missing,missing_or_conflicting_label,False,False,['Label status is missing']
SIMP-EN-001145__ORIG,SIMP-EN-001145,simplification_pair,source_text,SIMP-EN-001145,development_candidate_train,success,expert_verified,primary_train_eligible,True,True,[]
SIMP-EN-001145__SIMP,SIMP-EN-001145,simplification_pair,simplified_text,SIMP-EN-001145,development_candidate_train,success,missing,missing_or_conflicting_label,False,False,['Label status is missing']
SIMP-EN-001146__ORIG,SIMP-EN-001146,simplification_pair,source_text,SIMP-EN-001146,development_candidate_train,success,expert_verified,primary_train_eligible,True,True,[]
SIMP-EN-001146__SIMP,SIMP-EN-001146,simplification_pair,simplified_text,SIMP-EN-001146,development_candidate_train,success,missing,missing_or_conflicting_label,False,False,['Label status is missing']
SIMP-EN-001147__ORIG,SIMP-EN-001147,simplification_pair,source_text,SIMP-EN-001147,development_candidate_train,success,expert_verified,primary_train_eligible,True,True,[]
SIMP-EN-001147__SIMP,SIMP-EN-001147,simplification_pair,simplified_text,SIMP-EN-001147,development_candidate_train,manual_review_required,missing,missing_or_conflicting_label,False,False,['Label status is missing']
SIMP-EN-001148__ORIG,SIMP-EN-001148,simplification_pair,source_text,SIMP-EN-001148,development_candidate_train,success,expert_verified,primary_train_eligible,True,True,[]
SIMP-EN-001148__SIMP,SIMP-EN-001148,simplification_pair,simplified_text,SIMP-EN-001148,development_candidate_train,manual_review_required,missing,missing_or_conflicting_label,False,False,['Label status is missing']
SIMP-EN-001149__ORIG,SIMP-EN-001149,simplification_pair,source_text,SIMP-EN-001149,development_candidate_train,success,expert_verified,primary_train_eligible,True,True,[]
SIMP-EN-001149__SIMP,SIMP-EN-001149,simplification_pair,simplified_text,SIMP-EN-001149,development_candidate_train,success,missing,missing_or_conflicting_label,False,False,['Label status is missing']
SIMP-EN-001150__ORIG,SIMP-EN-001150,simplification_pair,source_text,SIMP-EN-001150,development_candidate_train,success,expert_verified,primary_train_eligible,True,True,[]
SIMP-EN-001150__SIMP,SIMP-EN-001150,simplification_pair,simplified_text,SIMP-EN-001150,development_candidate_train,success,missing,missing_or_conflicting_label,False,False,['Label status is missing']
SIMP-EN-001151__ORIG,SIMP-EN-001151,simplification_pair,source_text,SIMP-EN-001151,development_candidate_train,success,expert_verified,primary_train_eligible,True,True,[]
SIMP-EN-001151__SIMP,SIMP-EN-001151,simplification_pair,simplified_text,SIMP-EN-001151,development_candidate_train,success,missing,missing_or_conflicting_label,False,False,['Label status is missing']
SIMP-EN-001152__ORIG,SIMP-EN-001152,simplification_pair,source_text,SIMP-EN-001152,development_candidate_test,skipped_locked_test,expert_verified,locked_test,False,False,['Locked candidate test split quarantined']
SIMP-EN-001152__SIMP,SIMP-EN-001152,simplification_pair,simplified_text,SIMP-EN-001152,development_candidate_test,skipped_locked_test,missing,locked_test,False,False,['Locked candidate test split quarantined']
SIMP-EN-001153__ORIG,SIMP-EN-001153,simplification_pair,source_text,SIMP-EN-001153,development_candidate_test,skipped_locked_test,expert_verified,locked_test,False,False,['Locked candidate test split quarantined']
SIMP-EN-001153__SIMP,SIMP-EN-001153,simplification_pair,simplified_text,SIMP-EN-001153,development_candidate_test,skipped_locked_test,missing,locked_test,False,False,['Locked candidate test split quarantined']
SIMP-EN-001154__ORIG,SIMP-EN-001154,simplification_pair,source_text,SIMP-EN-001154,development_candidate_test,skipped_locked_test,expert_verified,locked_test,False,False,['Locked candidate test split quarantined']
SIMP-EN-001154__SIMP,SIMP-EN-001154,simplification_pair,simplified_text,SIMP-EN-001154,development_candidate_test,skipped_locked_test,missing,locked_test,False,False,['Locked candidate test split quarantined']
SIMP-EN-000465__ORIG,SIMP-EN-000465,simplification_pair,source_text,SIMP-EN-000465,development_candidate_train,success,expert_verified,primary_train_eligible,True,True,[]
SIMP-EN-000465__SIMP,SIMP-EN-000465,simplification_pair,simplified_text,SIMP-EN-000465,development_candidate_train,success,missing,missing_or_conflicting_label,False,False,['Label status is missing']
SIMP-EN-000466__ORIG,SIMP-EN-000466,simplification_pair,source_text,SIMP-EN-000466,development_candidate_train,success,expert_verified,primary_train_eligible,True,True,[]
SIMP-EN-000466__SIMP,SIMP-EN-000466,simplification_pair,simplified_text,SIMP-EN-000466,development_candidate_train,success,missing,missing_or_conflicting_label,False,False,['Label status is missing']
SIMP-EN-000467__ORIG,SIMP-EN-000467,simplification_pair,source_text,SIMP-EN-000467,development_candidate_train,success,expert_verified,primary_train_eligible,True,True,[]
SIMP-EN-000467__SIMP,SIMP-EN-000467,simplification_pair,simplified_text,SIMP-EN-000467,development_candidate_train,success,missing,missing_or_conflicting_label,False,False,['Label status is missing']
SIMP-EN-000468__ORIG,SIMP-EN-000468,simplification_pair,source_text,SIMP-EN-000468,development_candidate_train,success,expert_verified,primary_train_eligible,True,True,[]
SIMP-EN-000468__SIMP,SIMP-EN-000468,simplification_pair,simplified_text,SIMP-EN-000468,development_candidate_train,success,missing,missing_or_conflicting_label,False,False,['Label status is missing']
SIMP-EN-000469__ORIG,SIMP-EN-000469,simplification_pair,source_text,SIMP-EN-000469,development_candidate_train,success,expert_verified,primary_train_eligible,True,True,[]
SIMP-EN-000469__SIMP,SIMP-EN-000469,simplification_pair,simplified_text,SIMP-EN-000469,development_candidate_train,success,missing,missing_or_conflicting_label,False,False,['Label status is missing']
SIMP-EN-000470__ORIG,SIMP-EN-000470,simplification_pair,source_text,SIMP-EN-000470,development_candidate_train,success,expert_verified,primary_train_eligible,True,True,[]
SIMP-EN-000470__SIMP,SIMP-EN-000470,simplification_pair,simplified_text,SIMP-EN-000470,development_candidate_train,success,missing,missing_or_conflicting_label,False,False,['Label status is missing']
SIMP-EN-000471__ORIG,SIMP-EN-000471,simplification_pair,source_text,SIMP-EN-000471,development_candidate_train,success,expert_verified,primary_train_eligible,True,True,[]
SIMP-EN-000471__SIMP,SIMP-EN-000471,simplification_pair,simplified_text,SIMP-EN-000471,development_candidate_train,success,missing,missing_or_conflicting_label,False,False,['Label status is missing']
SIMP-EN-000472__ORIG,SIMP-EN-000472,simplification_pair,source_text,SIMP-EN-000472,development_candidate_train,success,expert_verified,primary_train_eligible,True,True,[]
SIMP-EN-000472__SIMP,SIMP-EN-000472,simplification_pair,simplified_text,SIMP-EN-000472,development_candidate_train,success,missing,missing_or_conflicting_label,False,False,['Label status is missing']
SIMP-EN-000473__ORIG,SIMP-EN-000473,simplification_pair,source_text,SIMP-EN-000473,development_candidate_train,success,expert_verified,primary_train_eligible,True,True,[]
SIMP-EN-000473__SIMP,SIMP-EN-000473,simplification_pair,simplified_text,SIMP-EN-000473,development_candidate_train,success,missing,missing_or_conflicting_label,False,False,['Label status is missing']
SIMP-EN-000474__ORIG,SIMP-EN-000474,simplification_pair,source_text,SIMP-EN-000474,development_candidate_train,success,expert_verified,primary_train_eligible,True,True,[]
SIMP-EN-000474__SIMP,SIMP-EN-000474,simplification_pair,simplified_text,SIMP-EN-000474,development_candidate_train,success,missing,missing_or_conflicting_label,False,False,['Label status is missing']
SIMP-EN-000475__ORIG,SIMP-EN-000475,simplification_pair,source_text,SIMP-EN-000475,development_candidate_train,success,expert_verified,primary_train_eligible,True,True,[]
SIMP-EN-000475__SIMP,SIMP-EN-000475,simplification_pair,simplified_text,SIMP-EN-000475,development_candidate_train,success,missing,missing_or_conflicting_label,False,False,['Label status is missing']
SIMP-EN-000476__ORIG,SIMP-EN-000476,simplification_pair,source_text,SIMP-EN-000476,development_candidate_train,success,expert_verified,primary_train_eligible,True,True,[]
SIMP-EN-000476__SIMP,SIMP-EN-000476,simplification_pair,simplified_text,SIMP-EN-000476,development_candidate_train,success,missing,missing_or_conflicting_label,False,False,['Label status is missing']
SIMP-EN-000477__ORIG,SIMP-EN-000477,simplification_pair,source_text,SIMP-EN-000477,development_candidate_validation,success,expert_verified,primary_validation_eligible,False,False,[]
SIMP-EN-000477__SIMP,SIMP-EN-000477,simplification_pair,simplified_text,SIMP-EN-000477,development_candidate_validation,success,missing,missing_or_conflicting_label,False,False,['Label status is missing']
SIMP-EN-000478__ORIG,SIMP-EN-000478,simplification_pair,source_text,SIMP-EN-000478,development_candidate_validation,success,expert_verified,primary_validation_eligible,False,False,[]
SIMP-EN-000478__SIMP,SIMP-EN-000478,simplification_pair,simplified_text,SIMP-EN-000478,development_candidate_validation,success,missing,missing_or_conflicting_label,False,False,['Label status is missing']
SIMP-EN-000479__ORIG,SIMP-EN-000479,simplification_pair,source_text,SIMP-EN-000479,development_candidate_validation,success,expert_verified,primary_validation_eligible,False,False,[]
SIMP-EN-000479__SIMP,SIMP-EN-000479,simplification_pair,simplified_text,SIMP-EN-000479,development_candidate_validation,success,missing,missing_or_conflicting_label,False,False,['Label status is missing']
SIMP-EN-000480__ORIG,SIMP-EN-000480,simplification_pair,source_text,SIMP-EN-000480,development_candidate_test,skipped_locked_test,expert_verified,locked_test,False,False,['Locked candidate test split quarantined']
SIMP-EN-000480__SIMP,SIMP-EN-000480,simplification_pair,simplified_text,SIMP-EN-000480,development_candidate_test,skipped_locked_test,missing,locked_test,False,False,['Locked candidate test split quarantined']
SIMP-EN-000481__ORIG,SIMP-EN-000481,simplification_pair,source_text,SIMP-EN-000481,development_candidate_test,skipped_locked_test,expert_verified,locked_test,False,False,['Locked candidate test split quarantined']
SIMP-EN-000481__SIMP,SIMP-EN-000481,simplification_pair,simplified_text,SIMP-EN-000481,development_candidate_test,skipped_locked_test,missing,locked_test,False,False,['Locked candidate test split quarantined']
SIMP-EN-000482__ORIG,SIMP-EN-000482,simplification_pair,source_text,SIMP-EN-000482,development_candidate_test,skipped_locked_test,expert_verified,locked_test,False,False,['Locked candidate test split quarantined']
SIMP-EN-000482__SIMP,SIMP-EN-000482,simplification_pair,simplified_text,SIMP-EN-000482,development_candidate_test,skipped_locked_test,missing,locked_test,False,False,['Locked candidate test split quarantined']
SIMP-EN-000483__ORIG,SIMP-EN-000483,simplification_pair,source_text,SIMP-EN-000483,development_candidate_train,success,expert_verified,primary_train_eligible,True,True,[]
SIMP-EN-000483__SIMP,SIMP-EN-000483,simplification_pair,simplified_text,SIMP-EN-000483,development_candidate_train,success,missing,missing_or_conflicting_label,False,False,['Label status is missing']
SIMP-EN-000484__ORIG,SIMP-EN-000484,simplification_pair,source_text,SIMP-EN-000484,development_candidate_train,success,expert_verified,primary_train_eligible,True,True,[]
SIMP-EN-000484__SIMP,SIMP-EN-000484,simplification_pair,simplified_text,SIMP-EN-000484,development_candidate_train,success,missing,missing_or_conflicting_label,False,False,['Label status is missing']
SIMP-EN-000485__ORIG,SIMP-EN-000485,simplification_pair,source_text,SIMP-EN-000485,development_candidate_train,success,expert_verified,primary_train_eligible,True,True,[]
SIMP-EN-000485__SIMP,SIMP-EN-000485,simplification_pair,simplified_text,SIMP-EN-000485,development_candidate_train,success,missing,missing_or_conflicting_label,False,False,['Label status is missing']
SIMP-EN-000486__ORIG,SIMP-EN-000486,simplification_pair,source_text,SIMP-EN-000486,development_candidate_validation,success,expert_verified,primary_validation_eligible,False,False,[]
SIMP-EN-000486__SIMP,SIMP-EN-000486,simplification_pair,simplified_text,SIMP-EN-000486,development_candidate_validation,success,missing,missing_or_conflicting_label,False,False,['Label status is missing']
SIMP-EN-000487__ORIG,SIMP-EN-000487,simplification_pair,source_text,SIMP-EN-000487,development_candidate_validation,success,expert_verified,primary_validation_eligible,False,False,[]
SIMP-EN-000487__SIMP,SIMP-EN-000487,simplification_pair,simplified_text,SIMP-EN-000487,development_candidate_validation,success,missing,missing_or_conflicting_label,False,False,['Label status is missing']
SIMP-EN-000488__ORIG,SIMP-EN-000488,simplification_pair,source_text,SIMP-EN-000488,development_candidate_validation,success,expert_verified,primary_validation_eligible,False,False,[]
SIMP-EN-000488__SIMP,SIMP-EN-000488,simplification_pair,simplified_text,SIMP-EN-000488,development_candidate_validation,success,missing,missing_or_conflicting_label,False,False,['Label status is missing']
SIMP-EN-000489__ORIG,SIMP-EN-000489,simplification_pair,source_text,SIMP-EN-000489,development_candidate_train,success,expert_verified,primary_train_eligible,True,True,[]
SIMP-EN-000489__SIMP,SIMP-EN-000489,simplification_pair,simplified_text,SIMP-EN-000489,development_candidate_train,success,missing,missing_or_conflicting_label,False,False,['Label status is missing']
SIMP-EN-000490__ORIG,SIMP-EN-000490,simplification_pair,source_text,SIMP-EN-000490,development_candidate_train,success,expert_verified,primary_train_eligible,True,True,[]
SIMP-EN-000490__SIMP,SIMP-EN-000490,simplification_pair,simplified_text,SIMP-EN-000490,development_candidate_train,success,missing,missing_or_conflicting_label,False,False,['Label status is missing']
SIMP-EN-000491__ORIG,SIMP-EN-000491,simplification_pair,source_text,SIMP-EN-000491,development_candidate_train,success,expert_verified,primary_train_eligible,True,True,[]
SIMP-EN-000491__SIMP,SIMP-EN-000491,simplification_pair,simplified_text,SIMP-EN-000491,development_candidate_train,success,missing,missing_or_conflicting_label,False,False,['Label status is missing']
SIMP-EN-000492__ORIG,SIMP-EN-000492,simplification_pair,source_text,SIMP-EN-000492,development_candidate_train,success,expert_verified,primary_train_eligible,True,True,[]
SIMP-EN-000492__SIMP,SIMP-EN-000492,simplification_pair,simplified_text,SIMP-EN-000492,development_candidate_train,success,missing,missing_or_conflicting_label,False,False,['Label status is missing']
SIMP-EN-000493__ORIG,SIMP-EN-000493,simplification_pair,source_text,SIMP-EN-000493,development_candidate_train,success,expert_verified,primary_train_eligible,True,True,[]
SIMP-EN-000493__SIMP,SIMP-EN-000493,simplification_pair,simplified_text,SIMP-EN-000493,development_candidate_train,success,missing,missing_or_conflicting_label,False,False,['Label status is missing']
SIMP-EN-000494__ORIG,SIMP-EN-000494,simplification_pair,source_text,SIMP-EN-000494,development_candidate_train,success,expert_verified,primary_train_eligible,True,True,[]
SIMP-EN-000494__SIMP,SIMP-EN-000494,simplification_pair,simplified_text,SIMP-EN-000494,development_candidate_train,success,missing,missing_or_conflicting_label,False,False,['Label status is missing']
SIMP-EN-000495__ORIG,SIMP-EN-000495,simplification_pair,source_text,SIMP-EN-000495,development_candidate_validation,success,expert_verified,primary_validation_eligible,False,False,[]
SIMP-EN-000495__SIMP,SIMP-EN-000495,simplification_pair,simplified_text,SIMP-EN-000495,development_candidate_validation,success,missing,missing_or_conflicting_label,False,False,['Label status is missing']
SIMP-EN-000496__ORIG,SIMP-EN-000496,simplification_pair,source_text,SIMP-EN-000496,development_candidate_validation,success,expert_verified,primary_validation_eligible,False,False,[]
SIMP-EN-000496__SIMP,SIMP-EN-000496,simplification_pair,simplified_text,SIMP-EN-000496,development_candidate_validation,success,missing,missing_or_conflicting_label,False,False,['Label status is missing']
SIMP-EN-000497__ORIG,SIMP-EN-000497,simplification_pair,source_text,SIMP-EN-000497,development_candidate_validation,success,expert_verified,primary_validation_eligible,False,False,[]
SIMP-EN-000497__SIMP,SIMP-EN-000497,simplification_pair,simplified_text,SIMP-EN-000497,development_candidate_validation,success,missing,missing_or_conflicting_label,False,False,['Label status is missing']
SIMP-EN-000498__ORIG,SIMP-EN-000498,simplification_pair,source_text,SIMP-EN-000498,development_candidate_train,success,expert_verified,primary_train_eligible,True,True,[]
SIMP-EN-000498__SIMP,SIMP-EN-000498,simplification_pair,simplified_text,SIMP-EN-000498,development_candidate_train,success,missing,missing_or_conflicting_label,False,False,['Label status is missing']
SIMP-EN-000499__ORIG,SIMP-EN-000499,simplification_pair,source_text,SIMP-EN-000499,development_candidate_train,success,expert_verified,primary_train_eligible,True,True,[]
SIMP-EN-000499__SIMP,SIMP-EN-000499,simplification_pair,simplified_text,SIMP-EN-000499,development_candidate_train,success,missing,missing_or_conflicting_label,False,False,['Label status is missing']
SIMP-EN-000500__ORIG,SIMP-EN-000500,simplification_pair,source_text,SIMP-EN-000500,development_candidate_train,success,expert_verified,primary_train_eligible,True,True,[]
SIMP-EN-000500__SIMP,SIMP-EN-000500,simplification_pair,simplified_text,SIMP-EN-000500,development_candidate_train,success,missing,missing_or_conflicting_label,False,False,['Label status is missing']
SIMP-EN-000501__ORIG,SIMP-EN-000501,simplification_pair,source_text,SIMP-EN-000501,development_candidate_train,success,expert_verified,primary_train_eligible,True,True,[]
SIMP-EN-000501__SIMP,SIMP-EN-000501,simplification_pair,simplified_text,SIMP-EN-000501,development_candidate_train,success,missing,missing_or_conflicting_label,False,False,['Label status is missing']
SIMP-EN-000502__ORIG,SIMP-EN-000502,simplification_pair,source_text,SIMP-EN-000502,development_candidate_train,success,expert_verified,primary_train_eligible,True,True,[]
SIMP-EN-000502__SIMP,SIMP-EN-000502,simplification_pair,simplified_text,SIMP-EN-000502,development_candidate_train,success,missing,missing_or_conflicting_label,False,False,['Label status is missing']
SIMP-EN-000503__ORIG,SIMP-EN-000503,simplification_pair,source_text,SIMP-EN-000503,development_candidate_train,success,expert_verified,primary_train_eligible,True,True,[]
SIMP-EN-000503__SIMP,SIMP-EN-000503,simplification_pair,simplified_text,SIMP-EN-000503,development_candidate_train,success,missing,missing_or_conflicting_label,False,False,['Label status is missing']
SIMP-EN-000504__ORIG,SIMP-EN-000504,simplification_pair,source_text,SIMP-EN-000504,development_candidate_train,success,expert_verified,primary_train_eligible,True,True,[]
SIMP-EN-000504__SIMP,SIMP-EN-000504,simplification_pair,simplified_text,SIMP-EN-000504,development_candidate_train,success,missing,missing_or_conflicting_label,False,False,['Label status is missing']
SIMP-EN-000505__ORIG,SIMP-EN-000505,simplification_pair,source_text,SIMP-EN-000505,development_candidate_train,success,expert_verified,primary_train_eligible,True,True,[]
SIMP-EN-000505__SIMP,SIMP-EN-000505,simplification_pair,simplified_text,SIMP-EN-000505,development_candidate_train,success,missing,missing_or_conflicting_label,False,False,['Label status is missing']
SIMP-EN-000506__ORIG,SIMP-EN-000506,simplification_pair,source_text,SIMP-EN-000506,development_candidate_train,success,expert_verified,primary_train_eligible,True,True,[]
SIMP-EN-000506__SIMP,SIMP-EN-000506,simplification_pair,simplified_text,SIMP-EN-000506,development_candidate_train,success,missing,missing_or_conflicting_label,False,False,['Label status is missing']
SIMP-EN-000507__ORIG,SIMP-EN-000507,simplification_pair,source_text,SIMP-EN-000507,development_candidate_train,success,expert_verified,primary_train_eligible,True,True,[]
SIMP-EN-000507__SIMP,SIMP-EN-000507,simplification_pair,simplified_text,SIMP-EN-000507,development_candidate_train,success,missing,missing_or_conflicting_label,False,False,['Label status is missing']
SIMP-EN-000508__ORIG,SIMP-EN-000508,simplification_pair,source_text,SIMP-EN-000508,development_candidate_train,success,expert_verified,primary_train_eligible,True,True,[]
SIMP-EN-000508__SIMP,SIMP-EN-000508,simplification_pair,simplified_text,SIMP-EN-000508,development_candidate_train,success,missing,missing_or_conflicting_label,False,False,['Label status is missing']
SIMP-EN-000509__ORIG,SIMP-EN-000509,simplification_pair,source_text,SIMP-EN-000509,development_candidate_train,success,expert_verified,primary_train_eligible,True,True,[]
SIMP-EN-000509__SIMP,SIMP-EN-000509,simplification_pair,simplified_text,SIMP-EN-000509,development_candidate_train,success,missing,missing_or_conflicting_label,False,False,['Label status is missing']
SIMP-EN-000510__ORIG,SIMP-EN-000510,simplification_pair,source_text,SIMP-EN-000510,development_candidate_train,success,expert_verified,primary_train_eligible,True,True,[]
SIMP-EN-000510__SIMP,SIMP-EN-000510,simplification_pair,simplified_text,SIMP-EN-000510,development_candidate_train,success,missing,missing_or_conflicting_label,False,False,['Label status is missing']
SIMP-EN-000511__ORIG,SIMP-EN-000511,simplification_pair,source_text,SIMP-EN-000511,development_candidate_train,success,expert_verified,primary_train_eligible,True,True,[]
SIMP-EN-000511__SIMP,SIMP-EN-000511,simplification_pair,simplified_text,SIMP-EN-000511,development_candidate_train,success,missing,missing_or_conflicting_label,False,False,['Label status is missing']
SIMP-EN-000512__ORIG,SIMP-EN-000512,simplification_pair,source_text,SIMP-EN-000512,development_candidate_train,success,expert_verified,primary_train_eligible,True,True,[]
SIMP-EN-000512__SIMP,SIMP-EN-000512,simplification_pair,simplified_text,SIMP-EN-000512,development_candidate_train,success,missing,missing_or_conflicting_label,False,False,['Label status is missing']
SIMP-EN-000513__ORIG,SIMP-EN-000513,simplification_pair,source_text,SIMP-EN-000513,development_candidate_train,success,expert_verified,primary_train_eligible,True,True,[]
SIMP-EN-000513__SIMP,SIMP-EN-000513,simplification_pair,simplified_text,SIMP-EN-000513,development_candidate_train,success,missing,missing_or_conflicting_label,False,False,['Label status is missing']
SIMP-EN-000514__ORIG,SIMP-EN-000514,simplification_pair,source_text,SIMP-EN-000514,development_candidate_train,success,expert_verified,primary_train_eligible,True,True,[]
SIMP-EN-000514__SIMP,SIMP-EN-000514,simplification_pair,simplified_text,SIMP-EN-000514,development_candidate_train,success,missing,missing_or_conflicting_label,False,False,['Label status is missing']
SIMP-EN-000515__ORIG,SIMP-EN-000515,simplification_pair,source_text,SIMP-EN-000515,development_candidate_train,success,expert_verified,primary_train_eligible,True,True,[]
SIMP-EN-000515__SIMP,SIMP-EN-000515,simplification_pair,simplified_text,SIMP-EN-000515,development_candidate_train,success,missing,missing_or_conflicting_label,False,False,['Label status is missing']
SIMP-EN-000516__ORIG,SIMP-EN-000516,simplification_pair,source_text,SIMP-EN-000516,development_candidate_train,success,expert_verified,primary_train_eligible,True,True,[]
SIMP-EN-000516__SIMP,SIMP-EN-000516,simplification_pair,simplified_text,SIMP-EN-000516,development_candidate_train,success,missing,missing_or_conflicting_label,False,False,['Label status is missing']
SIMP-EN-000517__ORIG,SIMP-EN-000517,simplification_pair,source_text,SIMP-EN-000517,development_candidate_train,success,expert_verified,primary_train_eligible,True,True,[]
SIMP-EN-000517__SIMP,SIMP-EN-000517,simplification_pair,simplified_text,SIMP-EN-000517,development_candidate_train,success,missing,missing_or_conflicting_label,False,False,['Label status is missing']
SIMP-EN-000518__ORIG,SIMP-EN-000518,simplification_pair,source_text,SIMP-EN-000518,development_candidate_train,success,expert_verified,primary_train_eligible,True,True,[]
SIMP-EN-000518__SIMP,SIMP-EN-000518,simplification_pair,simplified_text,SIMP-EN-000518,development_candidate_train,success,missing,missing_or_conflicting_label,False,False,['Label status is missing']
SIMP-EN-000519__ORIG,SIMP-EN-000519,simplification_pair,source_text,SIMP-EN-000519,development_candidate_train,success,expert_verified,primary_train_eligible,True,True,[]
SIMP-EN-000519__SIMP,SIMP-EN-000519,simplification_pair,simplified_text,SIMP-EN-000519,development_candidate_train,success,missing,missing_or_conflicting_label,False,False,['Label status is missing']
SIMP-EN-000520__ORIG,SIMP-EN-000520,simplification_pair,source_text,SIMP-EN-000520,development_candidate_train,success,expert_verified,primary_train_eligible,True,True,[]
SIMP-EN-000520__SIMP,SIMP-EN-000520,simplification_pair,simplified_text,SIMP-EN-000520,development_candidate_train,success,missing,missing_or_conflicting_label,False,False,['Label status is missing']
SIMP-EN-000521__ORIG,SIMP-EN-000521,simplification_pair,source_text,SIMP-EN-000521,development_candidate_train,success,expert_verified,primary_train_eligible,True,True,[]
SIMP-EN-000521__SIMP,SIMP-EN-000521,simplification_pair,simplified_text,SIMP-EN-000521,development_candidate_train,success,missing,missing_or_conflicting_label,False,False,['Label status is missing']
SIMP-EN-000522__ORIG,SIMP-EN-000522,simplification_pair,source_text,SIMP-EN-000522,development_candidate_train,success,expert_verified,primary_train_eligible,True,True,[]
SIMP-EN-000522__SIMP,SIMP-EN-000522,simplification_pair,simplified_text,SIMP-EN-000522,development_candidate_train,success,missing,missing_or_conflicting_label,False,False,['Label status is missing']
SIMP-EN-000523__ORIG,SIMP-EN-000523,simplification_pair,source_text,SIMP-EN-000523,development_candidate_train,success,expert_verified,primary_train_eligible,True,True,[]
SIMP-EN-000523__SIMP,SIMP-EN-000523,simplification_pair,simplified_text,SIMP-EN-000523,development_candidate_train,success,missing,missing_or_conflicting_label,False,False,['Label status is missing']
SIMP-EN-000524__ORIG,SIMP-EN-000524,simplification_pair,source_text,SIMP-EN-000524,development_candidate_train,success,expert_verified,primary_train_eligible,True,True,[]
SIMP-EN-000524__SIMP,SIMP-EN-000524,simplification_pair,simplified_text,SIMP-EN-000524,development_candidate_train,success,missing,missing_or_conflicting_label,False,False,['Label status is missing']
SIMP-EN-000705__ORIG,SIMP-EN-000705,simplification_pair,source_text,SIMP-EN-000705,development_candidate_train,success,expert_verified,primary_train_eligible,True,True,[]
SIMP-EN-000705__SIMP,SIMP-EN-000705,simplification_pair,simplified_text,SIMP-EN-000705,development_candidate_train,success,missing,missing_or_conflicting_label,False,False,['Label status is missing']
SIMP-EN-000706__ORIG,SIMP-EN-000706,simplification_pair,source_text,SIMP-EN-000706,development_candidate_train,success,expert_verified,primary_train_eligible,True,True,[]
SIMP-EN-000706__SIMP,SIMP-EN-000706,simplification_pair,simplified_text,SIMP-EN-000706,development_candidate_train,manual_review_required,missing,missing_or_conflicting_label,False,False,['Label status is missing']
SIMP-EN-000707__ORIG,SIMP-EN-000707,simplification_pair,source_text,SIMP-EN-000707,development_candidate_train,success,expert_verified,primary_train_eligible,True,True,[]
SIMP-EN-000707__SIMP,SIMP-EN-000707,simplification_pair,simplified_text,SIMP-EN-000707,development_candidate_train,manual_review_required,missing,missing_or_conflicting_label,False,False,['Label status is missing']
SIMP-EN-000708__ORIG,SIMP-EN-000708,simplification_pair,source_text,SIMP-EN-000708,development_candidate_train,success,expert_verified,primary_train_eligible,True,True,[]
SIMP-EN-000708__SIMP,SIMP-EN-000708,simplification_pair,simplified_text,SIMP-EN-000708,development_candidate_train,success,missing,missing_or_conflicting_label,False,False,['Label status is missing']
SIMP-EN-000709__ORIG,SIMP-EN-000709,simplification_pair,source_text,SIMP-EN-000709,development_candidate_train,success,expert_verified,primary_train_eligible,True,True,[]
SIMP-EN-000709__SIMP,SIMP-EN-000709,simplification_pair,simplified_text,SIMP-EN-000709,development_candidate_train,manual_review_required,missing,missing_or_conflicting_label,False,False,['Label status is missing']
SIMP-EN-000710__ORIG,SIMP-EN-000710,simplification_pair,source_text,SIMP-EN-000710,development_candidate_train,success,expert_verified,primary_train_eligible,True,True,[]
SIMP-EN-000710__SIMP,SIMP-EN-000710,simplification_pair,simplified_text,SIMP-EN-000710,development_candidate_train,success,missing,missing_or_conflicting_label,False,False,['Label status is missing']
SIMP-EN-000711__ORIG,SIMP-EN-000711,simplification_pair,source_text,SIMP-EN-000711,development_candidate_train,success,expert_verified,primary_train_eligible,True,True,[]
SIMP-EN-000711__SIMP,SIMP-EN-000711,simplification_pair,simplified_text,SIMP-EN-000711,development_candidate_train,success,missing,missing_or_conflicting_label,False,False,['Label status is missing']
SIMP-EN-000712__ORIG,SIMP-EN-000712,simplification_pair,source_text,SIMP-EN-000712,development_candidate_train,success,expert_verified,primary_train_eligible,True,True,[]
SIMP-EN-000712__SIMP,SIMP-EN-000712,simplification_pair,simplified_text,SIMP-EN-000712,development_candidate_train,manual_review_required,missing,missing_or_conflicting_label,False,False,['Label status is missing']
SIMP-EN-000713__ORIG,SIMP-EN-000713,simplification_pair,source_text,SIMP-EN-000713,development_candidate_train,success,expert_verified,primary_train_eligible,True,True,[]
SIMP-EN-000713__SIMP,SIMP-EN-000713,simplification_pair,simplified_text,SIMP-EN-000713,development_candidate_train,manual_review_required,missing,missing_or_conflicting_label,False,False,['Label status is missing']
SIMP-EN-000714__ORIG,SIMP-EN-000714,simplification_pair,source_text,SIMP-EN-000714,development_candidate_train,success,expert_verified,primary_train_eligible,True,True,[]
SIMP-EN-000714__SIMP,SIMP-EN-000714,simplification_pair,simplified_text,SIMP-EN-000714,development_candidate_train,success,missing,missing_or_conflicting_label,False,False,['Label status is missing']
SIMP-EN-000715__ORIG,SIMP-EN-000715,simplification_pair,source_text,SIMP-EN-000715,development_candidate_train,success,expert_verified,primary_train_eligible,True,True,[]
SIMP-EN-000715__SIMP,SIMP-EN-000715,simplification_pair,simplified_text,SIMP-EN-000715,development_candidate_train,success,missing,missing_or_conflicting_label,False,False,['Label status is missing']
SIMP-EN-000716__ORIG,SIMP-EN-000716,simplification_pair,source_text,SIMP-EN-000716,development_candidate_train,success,expert_verified,primary_train_eligible,True,True,[]
SIMP-EN-000716__SIMP,SIMP-EN-000716,simplification_pair,simplified_text,SIMP-EN-000716,development_candidate_train,success,missing,missing_or_conflicting_label,False,False,['Label status is missing']
SIMP-EN-000717__ORIG,SIMP-EN-000717,simplification_pair,source_text,SIMP-EN-000717,development_candidate_train,success,expert_verified,primary_train_eligible,True,True,[]
SIMP-EN-000717__SIMP,SIMP-EN-000717,simplification_pair,simplified_text,SIMP-EN-000717,development_candidate_train,success,missing,missing_or_conflicting_label,False,False,['Label status is missing']
SIMP-EN-000718__ORIG,SIMP-EN-000718,simplification_pair,source_text,SIMP-EN-000718,development_candidate_train,success,expert_verified,primary_train_eligible,True,True,[]
SIMP-EN-000718__SIMP,SIMP-EN-000718,simplification_pair,simplified_text,SIMP-EN-000718,development_candidate_train,manual_review_required,missing,missing_or_conflicting_label,False,False,['Label status is missing']
SIMP-EN-000719__ORIG,SIMP-EN-000719,simplification_pair,source_text,SIMP-EN-000719,development_candidate_train,success,expert_verified,primary_train_eligible,True,True,[]
SIMP-EN-000719__SIMP,SIMP-EN-000719,simplification_pair,simplified_text,SIMP-EN-000719,development_candidate_train,success,missing,missing_or_conflicting_label,False,False,['Label status is missing']
SIMP-EN-000720__ORIG,SIMP-EN-000720,simplification_pair,source_text,SIMP-EN-000720,development_candidate_train,success,expert_verified,primary_train_eligible,True,True,[]
SIMP-EN-000720__SIMP,SIMP-EN-000720,simplification_pair,simplified_text,SIMP-EN-000720,development_candidate_train,success,missing,missing_or_conflicting_label,False,False,['Label status is missing']
SIMP-EN-000721__ORIG,SIMP-EN-000721,simplification_pair,source_text,SIMP-EN-000721,development_candidate_train,success,expert_verified,primary_train_eligible,True,True,[]
SIMP-EN-000721__SIMP,SIMP-EN-000721,simplification_pair,simplified_text,SIMP-EN-000721,development_candidate_train,manual_review_required,missing,missing_or_conflicting_label,False,False,['Label status is missing']
SIMP-EN-000722__ORIG,SIMP-EN-000722,simplification_pair,source_text,SIMP-EN-000722,development_candidate_train,success,expert_verified,primary_train_eligible,True,True,[]
SIMP-EN-000722__SIMP,SIMP-EN-000722,simplification_pair,simplified_text,SIMP-EN-000722,development_candidate_train,success,missing,missing_or_conflicting_label,False,False,['Label status is missing']
SIMP-EN-000723__ORIG,SIMP-EN-000723,simplification_pair,source_text,SIMP-EN-000723,development_candidate_train,success,expert_verified,primary_train_eligible,True,True,[]
SIMP-EN-000723__SIMP,SIMP-EN-000723,simplification_pair,simplified_text,SIMP-EN-000723,development_candidate_train,success,missing,missing_or_conflicting_label,False,False,['Label status is missing']
SIMP-EN-000724__ORIG,SIMP-EN-000724,simplification_pair,source_text,SIMP-EN-000724,development_candidate_train,success,expert_verified,primary_train_eligible,True,True,[]
SIMP-EN-000724__SIMP,SIMP-EN-000724,simplification_pair,simplified_text,SIMP-EN-000724,development_candidate_train,manual_review_required,missing,missing_or_conflicting_label,False,False,['Label status is missing']
SIMP-EN-000725__ORIG,SIMP-EN-000725,simplification_pair,source_text,SIMP-EN-000725,development_candidate_train,success,expert_verified,primary_train_eligible,True,True,[]
SIMP-EN-000725__SIMP,SIMP-EN-000725,simplification_pair,simplified_text,SIMP-EN-000725,development_candidate_train,success,missing,missing_or_conflicting_label,False,False,['Label status is missing']
SIMP-EN-000726__ORIG,SIMP-EN-000726,simplification_pair,source_text,SIMP-EN-000726,development_candidate_train,success,expert_verified,primary_train_eligible,True,True,[]
SIMP-EN-000726__SIMP,SIMP-EN-000726,simplification_pair,simplified_text,SIMP-EN-000726,development_candidate_train,success,missing,missing_or_conflicting_label,False,False,['Label status is missing']
SIMP-EN-000727__ORIG,SIMP-EN-000727,simplification_pair,source_text,SIMP-EN-000727,development_candidate_train,success,expert_verified,primary_train_eligible,True,True,[]
SIMP-EN-000727__SIMP,SIMP-EN-000727,simplification_pair,simplified_text,SIMP-EN-000727,development_candidate_train,manual_review_required,missing,missing_or_conflicting_label,False,False,['Label status is missing']
SIMP-EN-000728__ORIG,SIMP-EN-000728,simplification_pair,source_text,SIMP-EN-000728,development_candidate_train,success,expert_verified,primary_train_eligible,True,True,[]
SIMP-EN-000728__SIMP,SIMP-EN-000728,simplification_pair,simplified_text,SIMP-EN-000728,development_candidate_train,success,missing,missing_or_conflicting_label,False,False,['Label status is missing']
SIMP-EN-000729__ORIG,SIMP-EN-000729,simplification_pair,source_text,SIMP-EN-000729,development_candidate_test,skipped_locked_test,expert_verified,locked_test,False,False,['Locked candidate test split quarantined']
SIMP-EN-000729__SIMP,SIMP-EN-000729,simplification_pair,simplified_text,SIMP-EN-000729,development_candidate_test,skipped_locked_test,missing,locked_test,False,False,['Locked candidate test split quarantined']
SIMP-EN-000730__ORIG,SIMP-EN-000730,simplification_pair,source_text,SIMP-EN-000730,development_candidate_test,skipped_locked_test,expert_verified,locked_test,False,False,['Locked candidate test split quarantined']
SIMP-EN-000730__SIMP,SIMP-EN-000730,simplification_pair,simplified_text,SIMP-EN-000730,development_candidate_test,skipped_locked_test,missing,locked_test,False,False,['Locked candidate test split quarantined']
SIMP-EN-000731__ORIG,SIMP-EN-000731,simplification_pair,source_text,SIMP-EN-000731,development_candidate_test,skipped_locked_test,expert_verified,locked_test,False,False,['Locked candidate test split quarantined']
SIMP-EN-000731__SIMP,SIMP-EN-000731,simplification_pair,simplified_text,SIMP-EN-000731,development_candidate_test,skipped_locked_test,missing,locked_test,False,False,['Locked candidate test split quarantined']
SIMP-EN-000732__ORIG,SIMP-EN-000732,simplification_pair,source_text,SIMP-EN-000732,development_candidate_train,success,expert_verified,primary_train_eligible,True,True,[]
SIMP-EN-000732__SIMP,SIMP-EN-000732,simplification_pair,simplified_text,SIMP-EN-000732,development_candidate_train,success,missing,missing_or_conflicting_label,False,False,['Label status is missing']
SIMP-EN-000733__ORIG,SIMP-EN-000733,simplification_pair,source_text,SIMP-EN-000733,development_candidate_train,success,expert_verified,primary_train_eligible,True,True,[]
SIMP-EN-000733__SIMP,SIMP-EN-000733,simplification_pair,simplified_text,SIMP-EN-000733,development_candidate_train,manual_review_required,missing,missing_or_conflicting_label,False,False,['Label status is missing']
SIMP-EN-000734__ORIG,SIMP-EN-000734,simplification_pair,source_text,SIMP-EN-000734,development_candidate_train,success,expert_verified,primary_train_eligible,True,True,[]
SIMP-EN-000734__SIMP,SIMP-EN-000734,simplification_pair,simplified_text,SIMP-EN-000734,development_candidate_train,success,missing,missing_or_conflicting_label,False,False,['Label status is missing']
SIMP-EN-000735__ORIG,SIMP-EN-000735,simplification_pair,source_text,SIMP-EN-000735,development_candidate_train,success,expert_verified,primary_train_eligible,True,True,[]
SIMP-EN-000735__SIMP,SIMP-EN-000735,simplification_pair,simplified_text,SIMP-EN-000735,development_candidate_train,success,missing,missing_or_conflicting_label,False,False,['Label status is missing']
SIMP-EN-000736__ORIG,SIMP-EN-000736,simplification_pair,source_text,SIMP-EN-000736,development_candidate_train,success,expert_verified,primary_train_eligible,True,True,[]
SIMP-EN-000736__SIMP,SIMP-EN-000736,simplification_pair,simplified_text,SIMP-EN-000736,development_candidate_train,manual_review_required,missing,missing_or_conflicting_label,False,False,['Label status is missing']
SIMP-EN-000737__ORIG,SIMP-EN-000737,simplification_pair,source_text,SIMP-EN-000737,development_candidate_train,success,expert_verified,primary_train_eligible,True,True,[]
SIMP-EN-000737__SIMP,SIMP-EN-000737,simplification_pair,simplified_text,SIMP-EN-000737,development_candidate_train,success,missing,missing_or_conflicting_label,False,False,['Label status is missing']
SIMP-EN-000738__ORIG,SIMP-EN-000738,simplification_pair,source_text,SIMP-EN-000738,development_candidate_train,success,expert_verified,primary_train_eligible,True,True,[]
SIMP-EN-000738__SIMP,SIMP-EN-000738,simplification_pair,simplified_text,SIMP-EN-000738,development_candidate_train,success,missing,missing_or_conflicting_label,False,False,['Label status is missing']
SIMP-EN-000739__ORIG,SIMP-EN-000739,simplification_pair,source_text,SIMP-EN-000739,development_candidate_train,success,expert_verified,primary_train_eligible,True,True,[]
SIMP-EN-000739__SIMP,SIMP-EN-000739,simplification_pair,simplified_text,SIMP-EN-000739,development_candidate_train,manual_review_required,missing,missing_or_conflicting_label,False,False,['Label status is missing']
SIMP-EN-000740__ORIG,SIMP-EN-000740,simplification_pair,source_text,SIMP-EN-000740,development_candidate_train,success,expert_verified,primary_train_eligible,True,True,[]
SIMP-EN-000740__SIMP,SIMP-EN-000740,simplification_pair,simplified_text,SIMP-EN-000740,development_candidate_train,success,missing,missing_or_conflicting_label,False,False,['Label status is missing']
SIMP-EN-000741__ORIG,SIMP-EN-000741,simplification_pair,source_text,SIMP-EN-000741,development_candidate_train,success,expert_verified,primary_train_eligible,True,True,[]
SIMP-EN-000741__SIMP,SIMP-EN-000741,simplification_pair,simplified_text,SIMP-EN-000741,development_candidate_train,success,missing,missing_or_conflicting_label,False,False,['Label status is missing']
SIMP-EN-000742__ORIG,SIMP-EN-000742,simplification_pair,source_text,SIMP-EN-000742,development_candidate_train,success,expert_verified,primary_train_eligible,True,True,[]
SIMP-EN-000742__SIMP,SIMP-EN-000742,simplification_pair,simplified_text,SIMP-EN-000742,development_candidate_train,manual_review_required,missing,missing_or_conflicting_label,False,False,['Label status is missing']
SIMP-EN-000743__ORIG,SIMP-EN-000743,simplification_pair,source_text,SIMP-EN-000743,development_candidate_train,success,expert_verified,primary_train_eligible,True,True,[]
SIMP-EN-000743__SIMP,SIMP-EN-000743,simplification_pair,simplified_text,SIMP-EN-000743,development_candidate_train,success,missing,missing_or_conflicting_label,False,False,['Label status is missing']
SIMP-EN-000744__ORIG,SIMP-EN-000744,simplification_pair,source_text,SIMP-EN-000744,development_candidate_validation,success,expert_verified,primary_validation_eligible,False,False,[]
SIMP-EN-000744__SIMP,SIMP-EN-000744,simplification_pair,simplified_text,SIMP-EN-000744,development_candidate_validation,success,missing,missing_or_conflicting_label,False,False,['Label status is missing']
SIMP-EN-000745__ORIG,SIMP-EN-000745,simplification_pair,source_text,SIMP-EN-000745,development_candidate_validation,success,expert_verified,primary_validation_eligible,False,False,[]
SIMP-EN-000745__SIMP,SIMP-EN-000745,simplification_pair,simplified_text,SIMP-EN-000745,development_candidate_validation,success,missing,missing_or_conflicting_label,False,False,['Label status is missing']
SIMP-EN-000746__ORIG,SIMP-EN-000746,simplification_pair,source_text,SIMP-EN-000746,development_candidate_validation,success,expert_verified,primary_validation_eligible,False,False,[]
SIMP-EN-000746__SIMP,SIMP-EN-000746,simplification_pair,simplified_text,SIMP-EN-000746,development_candidate_validation,success,missing,missing_or_conflicting_label,False,False,['Label status is missing']
SIMP-EN-000747__ORIG,SIMP-EN-000747,simplification_pair,source_text,SIMP-EN-000747,development_candidate_train,success,expert_verified,primary_train_eligible,True,True,[]
SIMP-EN-000747__SIMP,SIMP-EN-000747,simplification_pair,simplified_text,SIMP-EN-000747,development_candidate_train,manual_review_required,missing,missing_or_conflicting_label,False,False,['Label status is missing']
SIMP-EN-000748__ORIG,SIMP-EN-000748,simplification_pair,source_text,SIMP-EN-000748,development_candidate_train,success,expert_verified,primary_train_eligible,True,True,[]
SIMP-EN-000748__SIMP,SIMP-EN-000748,simplification_pair,simplified_text,SIMP-EN-000748,development_candidate_train,manual_review_required,missing,missing_or_conflicting_label,False,False,['Label status is missing']
SIMP-EN-000749__ORIG,SIMP-EN-000749,simplification_pair,source_text,SIMP-EN-000749,development_candidate_train,success,expert_verified,primary_train_eligible,True,True,[]
SIMP-EN-000749__SIMP,SIMP-EN-000749,simplification_pair,simplified_text,SIMP-EN-000749,development_candidate_train,success,missing,missing_or_conflicting_label,False,False,['Label status is missing']
SIMP-EN-000915__ORIG,SIMP-EN-000915,simplification_pair,source_text,SIMP-EN-000915,development_candidate_validation,success,expert_verified,primary_validation_eligible,False,False,[]
SIMP-EN-000915__SIMP,SIMP-EN-000915,simplification_pair,simplified_text,SIMP-EN-000915,development_candidate_validation,success,missing,missing_or_conflicting_label,False,False,['Label status is missing']
SIMP-EN-000916__ORIG,SIMP-EN-000916,simplification_pair,source_text,SIMP-EN-000916,development_candidate_validation,success,expert_verified,primary_validation_eligible,False,False,[]
SIMP-EN-000916__SIMP,SIMP-EN-000916,simplification_pair,simplified_text,SIMP-EN-000916,development_candidate_validation,success,missing,missing_or_conflicting_label,False,False,['Label status is missing']
SIMP-EN-000917__ORIG,SIMP-EN-000917,simplification_pair,source_text,SIMP-EN-000917,development_candidate_validation,success,expert_verified,primary_validation_eligible,False,False,[]
SIMP-EN-000917__SIMP,SIMP-EN-000917,simplification_pair,simplified_text,SIMP-EN-000917,development_candidate_validation,success,missing,missing_or_conflicting_label,False,False,['Label status is missing']
SIMP-EN-000918__ORIG,SIMP-EN-000918,simplification_pair,source_text,SIMP-EN-000918,development_candidate_train,success,expert_verified,primary_train_eligible,True,True,[]
SIMP-EN-000918__SIMP,SIMP-EN-000918,simplification_pair,simplified_text,SIMP-EN-000918,development_candidate_train,success,missing,missing_or_conflicting_label,False,False,['Label status is missing']
SIMP-EN-000919__ORIG,SIMP-EN-000919,simplification_pair,source_text,SIMP-EN-000919,development_candidate_train,success,expert_verified,primary_train_eligible,True,True,[]
SIMP-EN-000919__SIMP,SIMP-EN-000919,simplification_pair,simplified_text,SIMP-EN-000919,development_candidate_train,success,missing,missing_or_conflicting_label,False,False,['Label status is missing']
SIMP-EN-000920__ORIG,SIMP-EN-000920,simplification_pair,source_text,SIMP-EN-000920,development_candidate_train,success,expert_verified,primary_train_eligible,True,True,[]
SIMP-EN-000920__SIMP,SIMP-EN-000920,simplification_pair,simplified_text,SIMP-EN-000920,development_candidate_train,success,missing,missing_or_conflicting_label,False,False,['Label status is missing']
SIMP-EN-000921__ORIG,SIMP-EN-000921,simplification_pair,source_text,SIMP-EN-000921,development_candidate_train,success,expert_verified,primary_train_eligible,True,True,[]
SIMP-EN-000921__SIMP,SIMP-EN-000921,simplification_pair,simplified_text,SIMP-EN-000921,development_candidate_train,success,missing,missing_or_conflicting_label,False,False,['Label status is missing']
SIMP-EN-000922__ORIG,SIMP-EN-000922,simplification_pair,source_text,SIMP-EN-000922,development_candidate_train,success,expert_verified,primary_train_eligible,True,True,[]
SIMP-EN-000922__SIMP,SIMP-EN-000922,simplification_pair,simplified_text,SIMP-EN-000922,development_candidate_train,success,missing,missing_or_conflicting_label,False,False,['Label status is missing']
SIMP-EN-000923__ORIG,SIMP-EN-000923,simplification_pair,source_text,SIMP-EN-000923,development_candidate_train,success,expert_verified,primary_train_eligible,True,True,[]
SIMP-EN-000923__SIMP,SIMP-EN-000923,simplification_pair,simplified_text,SIMP-EN-000923,development_candidate_train,success,missing,missing_or_conflicting_label,False,False,['Label status is missing']
SIMP-EN-000924__ORIG,SIMP-EN-000924,simplification_pair,source_text,SIMP-EN-000924,development_candidate_train,success,expert_verified,primary_train_eligible,True,True,[]
SIMP-EN-000924__SIMP,SIMP-EN-000924,simplification_pair,simplified_text,SIMP-EN-000924,development_candidate_train,success,missing,missing_or_conflicting_label,False,False,['Label status is missing']
SIMP-EN-000925__ORIG,SIMP-EN-000925,simplification_pair,source_text,SIMP-EN-000925,development_candidate_train,success,expert_verified,primary_train_eligible,True,True,[]
SIMP-EN-000925__SIMP,SIMP-EN-000925,simplification_pair,simplified_text,SIMP-EN-000925,development_candidate_train,success,missing,missing_or_conflicting_label,False,False,['Label status is missing']
SIMP-EN-000926__ORIG,SIMP-EN-000926,simplification_pair,source_text,SIMP-EN-000926,development_candidate_train,success,expert_verified,primary_train_eligible,True,True,[]
SIMP-EN-000926__SIMP,SIMP-EN-000926,simplification_pair,simplified_text,SIMP-EN-000926,development_candidate_train,success,missing,missing_or_conflicting_label,False,False,['Label status is missing']
SIMP-EN-000927__ORIG,SIMP-EN-000927,simplification_pair,source_text,SIMP-EN-000927,development_candidate_train,success,expert_verified,primary_train_eligible,True,True,[]
SIMP-EN-000927__SIMP,SIMP-EN-000927,simplification_pair,simplified_text,SIMP-EN-000927,development_candidate_train,success,missing,missing_or_conflicting_label,False,False,['Label status is missing']
SIMP-EN-000928__ORIG,SIMP-EN-000928,simplification_pair,source_text,SIMP-EN-000928,development_candidate_train,success,expert_verified,primary_train_eligible,True,True,[]
SIMP-EN-000928__SIMP,SIMP-EN-000928,simplification_pair,simplified_text,SIMP-EN-000928,development_candidate_train,success,missing,missing_or_conflicting_label,False,False,['Label status is missing']
SIMP-EN-000929__ORIG,SIMP-EN-000929,simplification_pair,source_text,SIMP-EN-000929,development_candidate_train,success,expert_verified,primary_train_eligible,True,True,[]
SIMP-EN-000929__SIMP,SIMP-EN-000929,simplification_pair,simplified_text,SIMP-EN-000929,development_candidate_train,success,missing,missing_or_conflicting_label,False,False,['Label status is missing']
SIMP-EN-000930__ORIG,SIMP-EN-000930,simplification_pair,source_text,SIMP-EN-000930,development_candidate_train,success,expert_verified,primary_train_eligible,True,True,[]
SIMP-EN-000930__SIMP,SIMP-EN-000930,simplification_pair,simplified_text,SIMP-EN-000930,development_candidate_train,success,missing,missing_or_conflicting_label,False,False,['Label status is missing']
SIMP-EN-000931__ORIG,SIMP-EN-000931,simplification_pair,source_text,SIMP-EN-000931,development_candidate_train,success,expert_verified,primary_train_eligible,True,True,[]
SIMP-EN-000931__SIMP,SIMP-EN-000931,simplification_pair,simplified_text,SIMP-EN-000931,development_candidate_train,success,missing,missing_or_conflicting_label,False,False,['Label status is missing']
SIMP-EN-000932__ORIG,SIMP-EN-000932,simplification_pair,source_text,SIMP-EN-000932,development_candidate_train,success,expert_verified,primary_train_eligible,True,True,[]
SIMP-EN-000932__SIMP,SIMP-EN-000932,simplification_pair,simplified_text,SIMP-EN-000932,development_candidate_train,success,missing,missing_or_conflicting_label,False,False,['Label status is missing']
SIMP-EN-000933__ORIG,SIMP-EN-000933,simplification_pair,source_text,SIMP-EN-000933,development_candidate_train,success,expert_verified,primary_train_eligible,True,True,[]
SIMP-EN-000933__SIMP,SIMP-EN-000933,simplification_pair,simplified_text,SIMP-EN-000933,development_candidate_train,success,missing,missing_or_conflicting_label,False,False,['Label status is missing']
SIMP-EN-000934__ORIG,SIMP-EN-000934,simplification_pair,source_text,SIMP-EN-000934,development_candidate_train,success,expert_verified,primary_train_eligible,True,True,[]
SIMP-EN-000934__SIMP,SIMP-EN-000934,simplification_pair,simplified_text,SIMP-EN-000934,development_candidate_train,success,missing,missing_or_conflicting_label,False,False,['Label status is missing']
SIMP-EN-000935__ORIG,SIMP-EN-000935,simplification_pair,source_text,SIMP-EN-000935,development_candidate_train,success,expert_verified,primary_train_eligible,True,True,[]
SIMP-EN-000935__SIMP,SIMP-EN-000935,simplification_pair,simplified_text,SIMP-EN-000935,development_candidate_train,success,missing,missing_or_conflicting_label,False,False,['Label status is missing']
SIMP-EN-000936__ORIG,SIMP-EN-000936,simplification_pair,source_text,SIMP-EN-000936,development_candidate_validation,success,expert_verified,primary_validation_eligible,False,False,[]
SIMP-EN-000936__SIMP,SIMP-EN-000936,simplification_pair,simplified_text,SIMP-EN-000936,development_candidate_validation,success,missing,missing_or_conflicting_label,False,False,['Label status is missing']
SIMP-EN-000937__ORIG,SIMP-EN-000937,simplification_pair,source_text,SIMP-EN-000937,development_candidate_validation,success,expert_verified,primary_validation_eligible,False,False,[]
SIMP-EN-000937__SIMP,SIMP-EN-000937,simplification_pair,simplified_text,SIMP-EN-000937,development_candidate_validation,success,missing,missing_or_conflicting_label,False,False,['Label status is missing']
SIMP-EN-000938__ORIG,SIMP-EN-000938,simplification_pair,source_text,SIMP-EN-000938,development_candidate_validation,success,expert_verified,primary_validation_eligible,False,False,[]
SIMP-EN-000938__SIMP,SIMP-EN-000938,simplification_pair,simplified_text,SIMP-EN-000938,development_candidate_validation,success,missing,missing_or_conflicting_label,False,False,['Label status is missing']
SIMP-EN-000939__ORIG,SIMP-EN-000939,simplification_pair,source_text,SIMP-EN-000939,development_candidate_validation,success,expert_verified,primary_validation_eligible,False,False,[]
SIMP-EN-000939__SIMP,SIMP-EN-000939,simplification_pair,simplified_text,SIMP-EN-000939,development_candidate_validation,success,missing,missing_or_conflicting_label,False,False,['Label status is missing']
SIMP-EN-000940__ORIG,SIMP-EN-000940,simplification_pair,source_text,SIMP-EN-000940,development_candidate_validation,success,expert_verified,primary_validation_eligible,False,False,[]
SIMP-EN-000940__SIMP,SIMP-EN-000940,simplification_pair,simplified_text,SIMP-EN-000940,development_candidate_validation,success,missing,missing_or_conflicting_label,False,False,['Label status is missing']
SIMP-EN-000941__ORIG,SIMP-EN-000941,simplification_pair,source_text,SIMP-EN-000941,development_candidate_validation,success,expert_verified,primary_validation_eligible,False,False,[]
SIMP-EN-000941__SIMP,SIMP-EN-000941,simplification_pair,simplified_text,SIMP-EN-000941,development_candidate_validation,success,missing,missing_or_conflicting_label,False,False,['Label status is missing']
SIMP-EN-000942__ORIG,SIMP-EN-000942,simplification_pair,source_text,SIMP-EN-000942,development_candidate_train,success,expert_verified,primary_train_eligible,True,True,[]
SIMP-EN-000942__SIMP,SIMP-EN-000942,simplification_pair,simplified_text,SIMP-EN-000942,development_candidate_train,manual_review_required,missing,missing_or_conflicting_label,False,False,['Label status is missing']
SIMP-EN-000943__ORIG,SIMP-EN-000943,simplification_pair,source_text,SIMP-EN-000943,development_candidate_train,success,expert_verified,primary_train_eligible,True,True,[]
SIMP-EN-000943__SIMP,SIMP-EN-000943,simplification_pair,simplified_text,SIMP-EN-000943,development_candidate_train,success,missing,missing_or_conflicting_label,False,False,['Label status is missing']
SIMP-EN-000944__ORIG,SIMP-EN-000944,simplification_pair,source_text,SIMP-EN-000944,development_candidate_train,success,expert_verified,primary_train_eligible,True,True,[]
SIMP-EN-000944__SIMP,SIMP-EN-000944,simplification_pair,simplified_text,SIMP-EN-000944,development_candidate_train,manual_review_required,missing,missing_or_conflicting_label,False,False,['Label status is missing']
SIMP-EN-000945__ORIG,SIMP-EN-000945,simplification_pair,source_text,SIMP-EN-000945,development_candidate_train,success,expert_verified,primary_train_eligible,True,True,[]
SIMP-EN-000945__SIMP,SIMP-EN-000945,simplification_pair,simplified_text,SIMP-EN-000945,development_candidate_train,success,missing,missing_or_conflicting_label,False,False,['Label status is missing']
SIMP-EN-000946__ORIG,SIMP-EN-000946,simplification_pair,source_text,SIMP-EN-000946,development_candidate_train,success,expert_verified,primary_train_eligible,True,True,[]
SIMP-EN-000946__SIMP,SIMP-EN-000946,simplification_pair,simplified_text,SIMP-EN-000946,development_candidate_train,success,missing,missing_or_conflicting_label,False,False,['Label status is missing']
SIMP-EN-000947__ORIG,SIMP-EN-000947,simplification_pair,source_text,SIMP-EN-000947,development_candidate_train,success,expert_verified,primary_train_eligible,True,True,[]
SIMP-EN-000947__SIMP,SIMP-EN-000947,simplification_pair,simplified_text,SIMP-EN-000947,development_candidate_train,success,missing,missing_or_conflicting_label,False,False,['Label status is missing']
SIMP-EN-000948__ORIG,SIMP-EN-000948,simplification_pair,source_text,SIMP-EN-000948,development_candidate_train,success,expert_verified,primary_train_eligible,True,True,[]
SIMP-EN-000948__SIMP,SIMP-EN-000948,simplification_pair,simplified_text,SIMP-EN-000948,development_candidate_train,success,missing,missing_or_conflicting_label,False,False,['Label status is missing']
SIMP-EN-000949__ORIG,SIMP-EN-000949,simplification_pair,source_text,SIMP-EN-000949,development_candidate_train,success,expert_verified,primary_train_eligible,True,True,[]
SIMP-EN-000949__SIMP,SIMP-EN-000949,simplification_pair,simplified_text,SIMP-EN-000949,development_candidate_train,success,missing,missing_or_conflicting_label,False,False,['Label status is missing']
SIMP-EN-000950__ORIG,SIMP-EN-000950,simplification_pair,source_text,SIMP-EN-000950,development_candidate_train,success,expert_verified,primary_train_eligible,True,True,[]
SIMP-EN-000950__SIMP,SIMP-EN-000950,simplification_pair,simplified_text,SIMP-EN-000950,development_candidate_train,success,missing,missing_or_conflicting_label,False,False,['Label status is missing']
SIMP-EN-000951__ORIG,SIMP-EN-000951,simplification_pair,source_text,SIMP-EN-000951,development_candidate_test,skipped_locked_test,expert_verified,locked_test,False,False,['Locked candidate test split quarantined']
SIMP-EN-000951__SIMP,SIMP-EN-000951,simplification_pair,simplified_text,SIMP-EN-000951,development_candidate_test,skipped_locked_test,missing,locked_test,False,False,['Locked candidate test split quarantined']
SIMP-EN-000952__ORIG,SIMP-EN-000952,simplification_pair,source_text,SIMP-EN-000952,development_candidate_test,skipped_locked_test,expert_verified,locked_test,False,False,['Locked candidate test split quarantined']
SIMP-EN-000952__SIMP,SIMP-EN-000952,simplification_pair,simplified_text,SIMP-EN-000952,development_candidate_test,skipped_locked_test,missing,locked_test,False,False,['Locked candidate test split quarantined']
SIMP-EN-000953__ORIG,SIMP-EN-000953,simplification_pair,source_text,SIMP-EN-000953,development_candidate_test,skipped_locked_test,expert_verified,locked_test,False,False,['Locked candidate test split quarantined']
SIMP-EN-000953__SIMP,SIMP-EN-000953,simplification_pair,simplified_text,SIMP-EN-000953,development_candidate_test,skipped_locked_test,missing,locked_test,False,False,['Locked candidate test split quarantined']
SIMP-EN-000954__ORIG,SIMP-EN-000954,simplification_pair,source_text,SIMP-EN-000954,development_candidate_train,success,expert_verified,primary_train_eligible,True,True,[]
SIMP-EN-000954__SIMP,SIMP-EN-000954,simplification_pair,simplified_text,SIMP-EN-000954,development_candidate_train,success,missing,missing_or_conflicting_label,False,False,['Label status is missing']
SIMP-EN-000955__ORIG,SIMP-EN-000955,simplification_pair,source_text,SIMP-EN-000955,development_candidate_train,success,expert_verified,primary_train_eligible,True,True,[]
SIMP-EN-000955__SIMP,SIMP-EN-000955,simplification_pair,simplified_text,SIMP-EN-000955,development_candidate_train,success,missing,missing_or_conflicting_label,False,False,['Label status is missing']
SIMP-EN-000956__ORIG,SIMP-EN-000956,simplification_pair,source_text,SIMP-EN-000956,development_candidate_train,success,expert_verified,primary_train_eligible,True,True,[]
SIMP-EN-000956__SIMP,SIMP-EN-000956,simplification_pair,simplified_text,SIMP-EN-000956,development_candidate_train,success,missing,missing_or_conflicting_label,False,False,['Label status is missing']
SIMP-EN-000957__ORIG,SIMP-EN-000957,simplification_pair,source_text,SIMP-EN-000957,development_candidate_test,skipped_locked_test,expert_verified,locked_test,False,False,['Locked candidate test split quarantined']
SIMP-EN-000957__SIMP,SIMP-EN-000957,simplification_pair,simplified_text,SIMP-EN-000957,development_candidate_test,skipped_locked_test,missing,locked_test,False,False,['Locked candidate test split quarantined']
SIMP-EN-000958__ORIG,SIMP-EN-000958,simplification_pair,source_text,SIMP-EN-000958,development_candidate_test,skipped_locked_test,expert_verified,locked_test,False,False,['Locked candidate test split quarantined']
SIMP-EN-000958__SIMP,SIMP-EN-000958,simplification_pair,simplified_text,SIMP-EN-000958,development_candidate_test,skipped_locked_test,missing,locked_test,False,False,['Locked candidate test split quarantined']
SIMP-EN-000959__ORIG,SIMP-EN-000959,simplification_pair,source_text,SIMP-EN-000959,development_candidate_test,skipped_locked_test,expert_verified,locked_test,False,False,['Locked candidate test split quarantined']
SIMP-EN-000959__SIMP,SIMP-EN-000959,simplification_pair,simplified_text,SIMP-EN-000959,development_candidate_test,skipped_locked_test,missing,locked_test,False,False,['Locked candidate test split quarantined']
SIMP-EN-000960__ORIG,SIMP-EN-000960,simplification_pair,source_text,SIMP-EN-000960,development_candidate_train,success,expert_verified,primary_train_eligible,True,True,[]
SIMP-EN-000960__SIMP,SIMP-EN-000960,simplification_pair,simplified_text,SIMP-EN-000960,development_candidate_train,success,missing,missing_or_conflicting_label,False,False,['Label status is missing']
SIMP-EN-000961__ORIG,SIMP-EN-000961,simplification_pair,source_text,SIMP-EN-000961,development_candidate_train,success,expert_verified,primary_train_eligible,True,True,[]
SIMP-EN-000961__SIMP,SIMP-EN-000961,simplification_pair,simplified_text,SIMP-EN-000961,development_candidate_train,success,missing,missing_or_conflicting_label,False,False,['Label status is missing']
SIMP-EN-000962__ORIG,SIMP-EN-000962,simplification_pair,source_text,SIMP-EN-000962,development_candidate_train,success,expert_verified,primary_train_eligible,True,True,[]
SIMP-EN-000962__SIMP,SIMP-EN-000962,simplification_pair,simplified_text,SIMP-EN-000962,development_candidate_train,success,missing,missing_or_conflicting_label,False,False,['Label status is missing']
SIMP-EN-000963__ORIG,SIMP-EN-000963,simplification_pair,source_text,SIMP-EN-000963,development_candidate_train,success,expert_verified,primary_train_eligible,True,True,[]
SIMP-EN-000963__SIMP,SIMP-EN-000963,simplification_pair,simplified_text,SIMP-EN-000963,development_candidate_train,success,missing,missing_or_conflicting_label,False,False,['Label status is missing']
SIMP-EN-000964__ORIG,SIMP-EN-000964,simplification_pair,source_text,SIMP-EN-000964,development_candidate_train,success,expert_verified,primary_train_eligible,True,True,[]
SIMP-EN-000964__SIMP,SIMP-EN-000964,simplification_pair,simplified_text,SIMP-EN-000964,development_candidate_train,success,missing,missing_or_conflicting_label,False,False,['Label status is missing']
SIMP-EN-000965__ORIG,SIMP-EN-000965,simplification_pair,source_text,SIMP-EN-000965,development_candidate_train,success,expert_verified,primary_train_eligible,True,True,[]
SIMP-EN-000965__SIMP,SIMP-EN-000965,simplification_pair,simplified_text,SIMP-EN-000965,development_candidate_train,success,missing,missing_or_conflicting_label,False,False,['Label status is missing']
SIMP-EN-000966__ORIG,SIMP-EN-000966,simplification_pair,source_text,SIMP-EN-000966,development_candidate_train,success,expert_verified,primary_train_eligible,True,True,[]
SIMP-EN-000966__SIMP,SIMP-EN-000966,simplification_pair,simplified_text,SIMP-EN-000966,development_candidate_train,success,missing,missing_or_conflicting_label,False,False,['Label status is missing']
SIMP-EN-000967__ORIG,SIMP-EN-000967,simplification_pair,source_text,SIMP-EN-000967,development_candidate_train,success,expert_verified,primary_train_eligible,True,True,[]
SIMP-EN-000967__SIMP,SIMP-EN-000967,simplification_pair,simplified_text,SIMP-EN-000967,development_candidate_train,success,missing,missing_or_conflicting_label,False,False,['Label status is missing']
SIMP-EN-000968__ORIG,SIMP-EN-000968,simplification_pair,source_text,SIMP-EN-000968,development_candidate_train,success,expert_verified,primary_train_eligible,True,True,[]
SIMP-EN-000968__SIMP,SIMP-EN-000968,simplification_pair,simplified_text,SIMP-EN-000968,development_candidate_train,success,missing,missing_or_conflicting_label,False,False,['Label status is missing']
SIMP-EN-000969__ORIG,SIMP-EN-000969,simplification_pair,source_text,SIMP-EN-000969,development_candidate_train,success,expert_verified,primary_train_eligible,True,True,[]
SIMP-EN-000969__SIMP,SIMP-EN-000969,simplification_pair,simplified_text,SIMP-EN-000969,development_candidate_train,success,missing,missing_or_conflicting_label,False,False,['Label status is missing']
SIMP-EN-000970__ORIG,SIMP-EN-000970,simplification_pair,source_text,SIMP-EN-000970,development_candidate_train,success,expert_verified,primary_train_eligible,True,True,[]
SIMP-EN-000970__SIMP,SIMP-EN-000970,simplification_pair,simplified_text,SIMP-EN-000970,development_candidate_train,success,missing,missing_or_conflicting_label,False,False,['Label status is missing']
SIMP-EN-000971__ORIG,SIMP-EN-000971,simplification_pair,source_text,SIMP-EN-000971,development_candidate_train,success,expert_verified,primary_train_eligible,True,True,[]
SIMP-EN-000971__SIMP,SIMP-EN-000971,simplification_pair,simplified_text,SIMP-EN-000971,development_candidate_train,success,missing,missing_or_conflicting_label,False,False,['Label status is missing']
SIMP-EN-000972__ORIG,SIMP-EN-000972,simplification_pair,source_text,SIMP-EN-000972,development_candidate_train,success,expert_verified,primary_train_eligible,True,True,[]
SIMP-EN-000972__SIMP,SIMP-EN-000972,simplification_pair,simplified_text,SIMP-EN-000972,development_candidate_train,manual_review_required,missing,missing_or_conflicting_label,False,False,['Label status is missing']
SIMP-EN-000973__ORIG,SIMP-EN-000973,simplification_pair,source_text,SIMP-EN-000973,development_candidate_train,success,expert_verified,primary_train_eligible,True,True,[]
SIMP-EN-000973__SIMP,SIMP-EN-000973,simplification_pair,simplified_text,SIMP-EN-000973,development_candidate_train,success,missing,missing_or_conflicting_label,False,False,['Label status is missing']
SIMP-EN-000974__ORIG,SIMP-EN-000974,simplification_pair,source_text,SIMP-EN-000974,development_candidate_train,success,expert_verified,primary_train_eligible,True,True,[]
SIMP-EN-000974__SIMP,SIMP-EN-000974,simplification_pair,simplified_text,SIMP-EN-000974,development_candidate_train,manual_review_required,missing,missing_or_conflicting_label,False,False,['Label status is missing']
SIMP-EN-001155__ORIG,SIMP-EN-001155,simplification_pair,source_text,SIMP-EN-001155,development_candidate_train,success,expert_verified,primary_train_eligible,True,True,[]
SIMP-EN-001155__SIMP,SIMP-EN-001155,simplification_pair,simplified_text,SIMP-EN-001155,development_candidate_train,success,missing,missing_or_conflicting_label,False,False,['Label status is missing']
SIMP-EN-001156__ORIG,SIMP-EN-001156,simplification_pair,source_text,SIMP-EN-001156,development_candidate_train,success,expert_verified,primary_train_eligible,True,True,[]
SIMP-EN-001156__SIMP,SIMP-EN-001156,simplification_pair,simplified_text,SIMP-EN-001156,development_candidate_train,success,missing,missing_or_conflicting_label,False,False,['Label status is missing']
SIMP-EN-001157__ORIG,SIMP-EN-001157,simplification_pair,source_text,SIMP-EN-001157,development_candidate_train,success,expert_verified,primary_train_eligible,True,True,[]
SIMP-EN-001157__SIMP,SIMP-EN-001157,simplification_pair,simplified_text,SIMP-EN-001157,development_candidate_train,success,missing,missing_or_conflicting_label,False,False,['Label status is missing']
SIMP-EN-001158__ORIG,SIMP-EN-001158,simplification_pair,source_text,SIMP-EN-001158,development_candidate_train,success,expert_verified,primary_train_eligible,True,True,[]
SIMP-EN-001158__SIMP,SIMP-EN-001158,simplification_pair,simplified_text,SIMP-EN-001158,development_candidate_train,success,missing,missing_or_conflicting_label,False,False,['Label status is missing']
SIMP-EN-001159__ORIG,SIMP-EN-001159,simplification_pair,source_text,SIMP-EN-001159,development_candidate_train,success,expert_verified,primary_train_eligible,True,True,[]
SIMP-EN-001159__SIMP,SIMP-EN-001159,simplification_pair,simplified_text,SIMP-EN-001159,development_candidate_train,success,missing,missing_or_conflicting_label,False,False,['Label status is missing']
SIMP-EN-001160__ORIG,SIMP-EN-001160,simplification_pair,source_text,SIMP-EN-001160,development_candidate_train,success,expert_verified,primary_train_eligible,True,True,[]
SIMP-EN-001160__SIMP,SIMP-EN-001160,simplification_pair,simplified_text,SIMP-EN-001160,development_candidate_train,success,missing,missing_or_conflicting_label,False,False,['Label status is missing']
SIMP-EN-001161__ORIG,SIMP-EN-001161,simplification_pair,source_text,SIMP-EN-001161,development_candidate_test,skipped_locked_test,expert_verified,locked_test,False,False,['Locked candidate test split quarantined']
SIMP-EN-001161__SIMP,SIMP-EN-001161,simplification_pair,simplified_text,SIMP-EN-001161,development_candidate_test,skipped_locked_test,missing,locked_test,False,False,['Locked candidate test split quarantined']
SIMP-EN-001162__ORIG,SIMP-EN-001162,simplification_pair,source_text,SIMP-EN-001162,development_candidate_test,skipped_locked_test,expert_verified,locked_test,False,False,['Locked candidate test split quarantined']
SIMP-EN-001162__SIMP,SIMP-EN-001162,simplification_pair,simplified_text,SIMP-EN-001162,development_candidate_test,skipped_locked_test,missing,locked_test,False,False,['Locked candidate test split quarantined']
SIMP-EN-001163__ORIG,SIMP-EN-001163,simplification_pair,source_text,SIMP-EN-001163,development_candidate_test,skipped_locked_test,expert_verified,locked_test,False,False,['Locked candidate test split quarantined']
SIMP-EN-001163__SIMP,SIMP-EN-001163,simplification_pair,simplified_text,SIMP-EN-001163,development_candidate_test,skipped_locked_test,missing,locked_test,False,False,['Locked candidate test split quarantined']
SIMP-EN-001164__ORIG,SIMP-EN-001164,simplification_pair,source_text,SIMP-EN-001164,development_candidate_train,success,expert_verified,primary_train_eligible,True,True,[]
SIMP-EN-001164__SIMP,SIMP-EN-001164,simplification_pair,simplified_text,SIMP-EN-001164,development_candidate_train,success,missing,missing_or_conflicting_label,False,False,['Label status is missing']
SIMP-EN-001165__ORIG,SIMP-EN-001165,simplification_pair,source_text,SIMP-EN-001165,development_candidate_train,success,expert_verified,primary_train_eligible,True,True,[]
SIMP-EN-001165__SIMP,SIMP-EN-001165,simplification_pair,simplified_text,SIMP-EN-001165,development_candidate_train,success,missing,missing_or_conflicting_label,False,False,['Label status is missing']
SIMP-EN-001166__ORIG,SIMP-EN-001166,simplification_pair,source_text,SIMP-EN-001166,development_candidate_train,success,expert_verified,primary_train_eligible,True,True,[]
SIMP-EN-001166__SIMP,SIMP-EN-001166,simplification_pair,simplified_text,SIMP-EN-001166,development_candidate_train,success,missing,missing_or_conflicting_label,False,False,['Label status is missing']
SIMP-EN-001167__ORIG,SIMP-EN-001167,simplification_pair,source_text,SIMP-EN-001167,development_candidate_train,success,expert_verified,primary_train_eligible,True,True,[]
SIMP-EN-001167__SIMP,SIMP-EN-001167,simplification_pair,simplified_text,SIMP-EN-001167,development_candidate_train,success,missing,missing_or_conflicting_label,False,False,['Label status is missing']
SIMP-EN-001168__ORIG,SIMP-EN-001168,simplification_pair,source_text,SIMP-EN-001168,development_candidate_train,success,expert_verified,primary_train_eligible,True,True,[]
SIMP-EN-001168__SIMP,SIMP-EN-001168,simplification_pair,simplified_text,SIMP-EN-001168,development_candidate_train,success,missing,missing_or_conflicting_label,False,False,['Label status is missing']
SIMP-EN-001169__ORIG,SIMP-EN-001169,simplification_pair,source_text,SIMP-EN-001169,development_candidate_train,success,expert_verified,primary_train_eligible,True,True,[]
SIMP-EN-001169__SIMP,SIMP-EN-001169,simplification_pair,simplified_text,SIMP-EN-001169,development_candidate_train,success,missing,missing_or_conflicting_label,False,False,['Label status is missing']
SIMP-EN-001170__ORIG,SIMP-EN-001170,simplification_pair,source_text,SIMP-EN-001170,development_candidate_test,skipped_locked_test,expert_verified,locked_test,False,False,['Locked candidate test split quarantined']
SIMP-EN-001170__SIMP,SIMP-EN-001170,simplification_pair,simplified_text,SIMP-EN-001170,development_candidate_test,skipped_locked_test,missing,locked_test,False,False,['Locked candidate test split quarantined']
SIMP-EN-001171__ORIG,SIMP-EN-001171,simplification_pair,source_text,SIMP-EN-001171,development_candidate_test,skipped_locked_test,expert_verified,locked_test,False,False,['Locked candidate test split quarantined']
SIMP-EN-001171__SIMP,SIMP-EN-001171,simplification_pair,simplified_text,SIMP-EN-001171,development_candidate_test,skipped_locked_test,missing,locked_test,False,False,['Locked candidate test split quarantined']
SIMP-EN-001172__ORIG,SIMP-EN-001172,simplification_pair,source_text,SIMP-EN-001172,development_candidate_test,skipped_locked_test,expert_verified,locked_test,False,False,['Locked candidate test split quarantined']
SIMP-EN-001172__SIMP,SIMP-EN-001172,simplification_pair,simplified_text,SIMP-EN-001172,development_candidate_test,skipped_locked_test,missing,locked_test,False,False,['Locked candidate test split quarantined']
SIMP-EN-001173__ORIG,SIMP-EN-001173,simplification_pair,source_text,SIMP-EN-001173,development_candidate_train,success,expert_verified,primary_train_eligible,True,True,[]
SIMP-EN-001173__SIMP,SIMP-EN-001173,simplification_pair,simplified_text,SIMP-EN-001173,development_candidate_train,success,missing,missing_or_conflicting_label,False,False,['Label status is missing']
SIMP-EN-001174__ORIG,SIMP-EN-001174,simplification_pair,source_text,SIMP-EN-001174,development_candidate_train,success,expert_verified,primary_train_eligible,True,True,[]
SIMP-EN-001174__SIMP,SIMP-EN-001174,simplification_pair,simplified_text,SIMP-EN-001174,development_candidate_train,success,missing,missing_or_conflicting_label,False,False,['Label status is missing']
SIMP-EN-001175__ORIG,SIMP-EN-001175,simplification_pair,source_text,SIMP-EN-001175,development_candidate_train,success,expert_verified,primary_train_eligible,True,True,[]
SIMP-EN-001175__SIMP,SIMP-EN-001175,simplification_pair,simplified_text,SIMP-EN-001175,development_candidate_train,success,missing,missing_or_conflicting_label,False,False,['Label status is missing']
SIMP-EN-001176__ORIG,SIMP-EN-001176,simplification_pair,source_text,SIMP-EN-001176,development_candidate_test,skipped_locked_test,expert_verified,locked_test,False,False,['Locked candidate test split quarantined']
SIMP-EN-001176__SIMP,SIMP-EN-001176,simplification_pair,simplified_text,SIMP-EN-001176,development_candidate_test,skipped_locked_test,missing,locked_test,False,False,['Locked candidate test split quarantined']
SIMP-EN-001177__ORIG,SIMP-EN-001177,simplification_pair,source_text,SIMP-EN-001177,development_candidate_test,skipped_locked_test,expert_verified,locked_test,False,False,['Locked candidate test split quarantined']
SIMP-EN-001177__SIMP,SIMP-EN-001177,simplification_pair,simplified_text,SIMP-EN-001177,development_candidate_test,skipped_locked_test,missing,locked_test,False,False,['Locked candidate test split quarantined']
SIMP-EN-001178__ORIG,SIMP-EN-001178,simplification_pair,source_text,SIMP-EN-001178,development_candidate_test,skipped_locked_test,expert_verified,locked_test,False,False,['Locked candidate test split quarantined']
SIMP-EN-001178__SIMP,SIMP-EN-001178,simplification_pair,simplified_text,SIMP-EN-001178,development_candidate_test,skipped_locked_test,missing,locked_test,False,False,['Locked candidate test split quarantined']
SIMP-EN-001179__ORIG,SIMP-EN-001179,simplification_pair,source_text,SIMP-EN-001179,development_candidate_test,skipped_locked_test,expert_verified,locked_test,False,False,['Locked candidate test split quarantined']
SIMP-EN-001179__SIMP,SIMP-EN-001179,simplification_pair,simplified_text,SIMP-EN-001179,development_candidate_test,skipped_locked_test,missing,locked_test,False,False,['Locked candidate test split quarantined']
SIMP-EN-001180__ORIG,SIMP-EN-001180,simplification_pair,source_text,SIMP-EN-001180,development_candidate_test,skipped_locked_test,expert_verified,locked_test,False,False,['Locked candidate test split quarantined']
SIMP-EN-001180__SIMP,SIMP-EN-001180,simplification_pair,simplified_text,SIMP-EN-001180,development_candidate_test,skipped_locked_test,missing,locked_test,False,False,['Locked candidate test split quarantined']
SIMP-EN-001181__ORIG,SIMP-EN-001181,simplification_pair,source_text,SIMP-EN-001181,development_candidate_test,skipped_locked_test,expert_verified,locked_test,False,False,['Locked candidate test split quarantined']
SIMP-EN-001181__SIMP,SIMP-EN-001181,simplification_pair,simplified_text,SIMP-EN-001181,development_candidate_test,skipped_locked_test,missing,locked_test,False,False,['Locked candidate test split quarantined']
SIMP-EN-001182__ORIG,SIMP-EN-001182,simplification_pair,source_text,SIMP-EN-001182,development_candidate_validation,success,expert_verified,primary_validation_eligible,False,False,[]
SIMP-EN-001182__SIMP,SIMP-EN-001182,simplification_pair,simplified_text,SIMP-EN-001182,development_candidate_validation,success,missing,missing_or_conflicting_label,False,False,['Label status is missing']
SIMP-EN-001183__ORIG,SIMP-EN-001183,simplification_pair,source_text,SIMP-EN-001183,development_candidate_validation,success,expert_verified,primary_validation_eligible,False,False,[]
SIMP-EN-001183__SIMP,SIMP-EN-001183,simplification_pair,simplified_text,SIMP-EN-001183,development_candidate_validation,success,missing,missing_or_conflicting_label,False,False,['Label status is missing']
SIMP-EN-001184__ORIG,SIMP-EN-001184,simplification_pair,source_text,SIMP-EN-001184,development_candidate_validation,success,expert_verified,primary_validation_eligible,False,False,[]
SIMP-EN-001184__SIMP,SIMP-EN-001184,simplification_pair,simplified_text,SIMP-EN-001184,development_candidate_validation,manual_review_required,missing,missing_or_conflicting_label,False,False,['Label status is missing']
SIMP-EN-001185__ORIG,SIMP-EN-001185,simplification_pair,source_text,SIMP-EN-001185,development_candidate_train,success,expert_verified,primary_train_eligible,True,True,[]
SIMP-EN-001185__SIMP,SIMP-EN-001185,simplification_pair,simplified_text,SIMP-EN-001185,development_candidate_train,success,missing,missing_or_conflicting_label,False,False,['Label status is missing']
SIMP-EN-001186__ORIG,SIMP-EN-001186,simplification_pair,source_text,SIMP-EN-001186,development_candidate_train,success,expert_verified,primary_train_eligible,True,True,[]
SIMP-EN-001186__SIMP,SIMP-EN-001186,simplification_pair,simplified_text,SIMP-EN-001186,development_candidate_train,success,missing,missing_or_conflicting_label,False,False,['Label status is missing']
SIMP-EN-001187__ORIG,SIMP-EN-001187,simplification_pair,source_text,SIMP-EN-001187,development_candidate_train,success,expert_verified,primary_train_eligible,True,True,[]
SIMP-EN-001187__SIMP,SIMP-EN-001187,simplification_pair,simplified_text,SIMP-EN-001187,development_candidate_train,success,missing,missing_or_conflicting_label,False,False,['Label status is missing']
SIMP-EN-001188__ORIG,SIMP-EN-001188,simplification_pair,source_text,SIMP-EN-001188,development_candidate_train,success,expert_verified,primary_train_eligible,True,True,[]
SIMP-EN-001188__SIMP,SIMP-EN-001188,simplification_pair,simplified_text,SIMP-EN-001188,development_candidate_train,success,missing,missing_or_conflicting_label,False,False,['Label status is missing']
SIMP-EN-001189__ORIG,SIMP-EN-001189,simplification_pair,source_text,SIMP-EN-001189,development_candidate_train,success,expert_verified,primary_train_eligible,True,True,[]
SIMP-EN-001189__SIMP,SIMP-EN-001189,simplification_pair,simplified_text,SIMP-EN-001189,development_candidate_train,success,missing,missing_or_conflicting_label,False,False,['Label status is missing']
SIMP-EN-001190__ORIG,SIMP-EN-001190,simplification_pair,source_text,SIMP-EN-001190,development_candidate_train,success,expert_verified,primary_train_eligible,True,True,[]
SIMP-EN-001190__SIMP,SIMP-EN-001190,simplification_pair,simplified_text,SIMP-EN-001190,development_candidate_train,success,missing,missing_or_conflicting_label,False,False,['Label status is missing']
SIMP-EN-001191__ORIG,SIMP-EN-001191,simplification_pair,source_text,SIMP-EN-001191,development_candidate_train,success,expert_verified,primary_train_eligible,True,True,[]
SIMP-EN-001191__SIMP,SIMP-EN-001191,simplification_pair,simplified_text,SIMP-EN-001191,development_candidate_train,success,missing,missing_or_conflicting_label,False,False,['Label status is missing']
SIMP-EN-001192__ORIG,SIMP-EN-001192,simplification_pair,source_text,SIMP-EN-001192,development_candidate_train,success,expert_verified,primary_train_eligible,True,True,[]
SIMP-EN-001192__SIMP,SIMP-EN-001192,simplification_pair,simplified_text,SIMP-EN-001192,development_candidate_train,success,missing,missing_or_conflicting_label,False,False,['Label status is missing']
SIMP-EN-001193__ORIG,SIMP-EN-001193,simplification_pair,source_text,SIMP-EN-001193,development_candidate_train,success,expert_verified,primary_train_eligible,True,True,[]
SIMP-EN-001193__SIMP,SIMP-EN-001193,simplification_pair,simplified_text,SIMP-EN-001193,development_candidate_train,success,missing,missing_or_conflicting_label,False,False,['Label status is missing']
SIMP-EN-001194__ORIG,SIMP-EN-001194,simplification_pair,source_text,SIMP-EN-001194,development_candidate_train,success,expert_verified,primary_train_eligible,True,True,[]
SIMP-EN-001194__SIMP,SIMP-EN-001194,simplification_pair,simplified_text,SIMP-EN-001194,development_candidate_train,success,missing,missing_or_conflicting_label,False,False,['Label status is missing']
SIMP-EN-001195__ORIG,SIMP-EN-001195,simplification_pair,source_text,SIMP-EN-001195,development_candidate_train,success,expert_verified,primary_train_eligible,True,True,[]
SIMP-EN-001195__SIMP,SIMP-EN-001195,simplification_pair,simplified_text,SIMP-EN-001195,development_candidate_train,success,missing,missing_or_conflicting_label,False,False,['Label status is missing']
SIMP-EN-001196__ORIG,SIMP-EN-001196,simplification_pair,source_text,SIMP-EN-001196,development_candidate_train,success,expert_verified,primary_train_eligible,True,True,[]
SIMP-EN-001196__SIMP,SIMP-EN-001196,simplification_pair,simplified_text,SIMP-EN-001196,development_candidate_train,success,missing,missing_or_conflicting_label,False,False,['Label status is missing']
SIMP-EN-001197__ORIG,SIMP-EN-001197,simplification_pair,source_text,SIMP-EN-001197,development_candidate_train,success,expert_verified,primary_train_eligible,True,True,[]
SIMP-EN-001197__SIMP,SIMP-EN-001197,simplification_pair,simplified_text,SIMP-EN-001197,development_candidate_train,success,missing,missing_or_conflicting_label,False,False,['Label status is missing']
SIMP-EN-001198__ORIG,SIMP-EN-001198,simplification_pair,source_text,SIMP-EN-001198,development_candidate_train,success,expert_verified,primary_train_eligible,True,True,[]
SIMP-EN-001198__SIMP,SIMP-EN-001198,simplification_pair,simplified_text,SIMP-EN-001198,development_candidate_train,success,missing,missing_or_conflicting_label,False,False,['Label status is missing']
SIMP-EN-001199__ORIG,SIMP-EN-001199,simplification_pair,source_text,SIMP-EN-001199,development_candidate_train,success,expert_verified,primary_train_eligible,True,True,[]
SIMP-EN-001199__SIMP,SIMP-EN-001199,simplification_pair,simplified_text,SIMP-EN-001199,development_candidate_train,success,missing,missing_or_conflicting_label,False,False,['Label status is missing']
C3-EN-VOC-NAMING-001__INST,C3-EN-VOC-NAMING-001,adaptation_activity,activity_instruction,C3-EN-VOC-NAMING-001,adaptation_test,success,missing,adaptation_test_excluded,False,False,['Adaptation activity parent / adaptation test set excluded from training']
C3-EN-VOC-NAMING-001__PROMPT,C3-EN-VOC-NAMING-001,adaptation_activity,activity_prompt,C3-EN-VOC-NAMING-001,adaptation_test,success,missing,adaptation_test_excluded,False,False,['Adaptation activity parent / adaptation test set excluded from training']
C3-EN-VOC-NAMING-002__INST,C3-EN-VOC-NAMING-002,adaptation_activity,activity_instruction,C3-EN-VOC-NAMING-002,adaptation_test,success,missing,adaptation_test_excluded,False,False,['Adaptation activity parent / adaptation test set excluded from training']
C3-EN-VOC-NAMING-002__PROMPT,C3-EN-VOC-NAMING-002,adaptation_activity,activity_prompt,C3-EN-VOC-NAMING-002,adaptation_test,success,missing,adaptation_test_excluded,False,False,['Adaptation activity parent / adaptation test set excluded from training']
C3-EN-VOC-MATCH-001__INST,C3-EN-VOC-MATCH-001,adaptation_activity,activity_instruction,C3-EN-VOC-MATCH-001,adaptation_test,success,missing,adaptation_test_excluded,False,False,['Adaptation activity parent / adaptation test set excluded from training']
C3-EN-VOC-MATCH-001__PROMPT,C3-EN-VOC-MATCH-001,adaptation_activity,activity_prompt,C3-EN-VOC-MATCH-001,adaptation_test,success,missing,adaptation_test_excluded,False,False,['Adaptation activity parent / adaptation test set excluded from training']
C3-EN-VOC-DEF-001__INST,C3-EN-VOC-DEF-001,adaptation_activity,activity_instruction,C3-EN-VOC-DEF-001,adaptation_test,success,missing,adaptation_test_excluded,False,False,['Adaptation activity parent / adaptation test set excluded from training']
C3-EN-VOC-DEF-001__PROMPT,C3-EN-VOC-DEF-001,adaptation_activity,activity_prompt,C3-EN-VOC-DEF-001,adaptation_test,success,missing,adaptation_test_excluded,False,False,['Adaptation activity parent / adaptation test set excluded from training']
C3-EN-VOC-SYN-001__INST,C3-EN-VOC-SYN-001,adaptation_activity,activity_instruction,C3-EN-VOC-SYN-001,adaptation_test,success,missing,adaptation_test_excluded,False,False,['Adaptation activity parent / adaptation test set excluded from training']
C3-EN-VOC-SYN-001__PROMPT,C3-EN-VOC-SYN-001,adaptation_activity,activity_prompt,C3-EN-VOC-SYN-001,adaptation_test,success,missing,adaptation_test_excluded,False,False,['Adaptation activity parent / adaptation test set excluded from training']
C3-EN-VOC-CAT-001__INST,C3-EN-VOC-CAT-001,adaptation_activity,activity_instruction,C3-EN-VOC-CAT-001,adaptation_test,success,missing,adaptation_test_excluded,False,False,['Adaptation activity parent / adaptation test set excluded from training']
C3-EN-VOC-CAT-001__PROMPT,C3-EN-VOC-CAT-001,adaptation_activity,activity_prompt,C3-EN-VOC-CAT-001,adaptation_test,success,missing,adaptation_test_excluded,False,False,['Adaptation activity parent / adaptation test set excluded from training']
C3-EN-VOC-ODD-001__INST,C3-EN-VOC-ODD-001,adaptation_activity,activity_instruction,C3-EN-VOC-ODD-001,adaptation_test,success,missing,adaptation_test_excluded,False,False,['Adaptation activity parent / adaptation test set excluded from training']
C3-EN-VOC-ODD-001__PROMPT,C3-EN-VOC-ODD-001,adaptation_activity,activity_prompt,C3-EN-VOC-ODD-001,adaptation_test,success,missing,adaptation_test_excluded,False,False,['Adaptation activity parent / adaptation test set excluded from training']
C3-EN-VOC-ACT-001__INST,C3-EN-VOC-ACT-001,adaptation_activity,activity_instruction,C3-EN-VOC-ACT-001,adaptation_test,success,missing,adaptation_test_excluded,False,False,['Adaptation activity parent / adaptation test set excluded from training']
C3-EN-VOC-ACT-001__PROMPT,C3-EN-VOC-ACT-001,adaptation_activity,activity_prompt,C3-EN-VOC-ACT-001,adaptation_test,success,missing,adaptation_test_excluded,False,False,['Adaptation activity parent / adaptation test set excluded from training']
C3-EN-GRAM-ART-001__INST,C3-EN-GRAM-ART-001,adaptation_activity,activity_instruction,C3-EN-GRAM-ART-001,adaptation_test,success,missing,adaptation_test_excluded,False,False,['Adaptation activity parent / adaptation test set excluded from training']
C3-EN-GRAM-ART-001__PROMPT,C3-EN-GRAM-ART-001,adaptation_activity,activity_prompt,C3-EN-GRAM-ART-001,adaptation_test,success,missing,adaptation_test_excluded,False,False,['Adaptation activity parent / adaptation test set excluded from training']
C3-EN-GRAM-PREP-001__INST,C3-EN-GRAM-PREP-001,adaptation_activity,activity_instruction,C3-EN-GRAM-PREP-001,adaptation_test,success,missing,adaptation_test_excluded,False,False,['Adaptation activity parent / adaptation test set excluded from training']
C3-EN-GRAM-PREP-001__PROMPT,C3-EN-GRAM-PREP-001,adaptation_activity,activity_prompt,C3-EN-GRAM-PREP-001,adaptation_test,success,missing,adaptation_test_excluded,False,False,['Adaptation activity parent / adaptation test set excluded from training']
C3-EN-GRAM-SVA-001__INST,C3-EN-GRAM-SVA-001,adaptation_activity,activity_instruction,C3-EN-GRAM-SVA-001,adaptation_test,success,missing,adaptation_test_excluded,False,False,['Adaptation activity parent / adaptation test set excluded from training']
C3-EN-GRAM-SVA-001__PROMPT,C3-EN-GRAM-SVA-001,adaptation_activity,activity_prompt,C3-EN-GRAM-SVA-001,adaptation_test,success,missing,adaptation_test_excluded,False,False,['Adaptation activity parent / adaptation test set excluded from training']
C3-EN-GRAM-PRON-001__INST,C3-EN-GRAM-PRON-001,adaptation_activity,activity_instruction,C3-EN-GRAM-PRON-001,adaptation_test,success,missing,adaptation_test_excluded,False,False,['Adaptation activity parent / adaptation test set excluded from training']
C3-EN-GRAM-PRON-001__PROMPT,C3-EN-GRAM-PRON-001,adaptation_activity,activity_prompt,C3-EN-GRAM-PRON-001,adaptation_test,success,missing,adaptation_test_excluded,False,False,['Adaptation activity parent / adaptation test set excluded from training']
C3-EN-GRAM-PLUR-001__INST,C3-EN-GRAM-PLUR-001,adaptation_activity,activity_instruction,C3-EN-GRAM-PLUR-001,adaptation_test,success,missing,adaptation_test_excluded,False,False,['Adaptation activity parent / adaptation test set excluded from training']
C3-EN-GRAM-PLUR-001__PROMPT,C3-EN-GRAM-PLUR-001,adaptation_activity,activity_prompt,C3-EN-GRAM-PLUR-001,adaptation_test,success,missing,adaptation_test_excluded,False,False,['Adaptation activity parent / adaptation test set excluded from training']
C3-EN-GRAM-TENSE-001__INST,C3-EN-GRAM-TENSE-001,adaptation_activity,activity_instruction,C3-EN-GRAM-TENSE-001,adaptation_test,success,missing,adaptation_test_excluded,False,False,['Adaptation activity parent / adaptation test set excluded from training']
C3-EN-GRAM-TENSE-001__PROMPT,C3-EN-GRAM-TENSE-001,adaptation_activity,activity_prompt,C3-EN-GRAM-TENSE-001,adaptation_test,success,missing,adaptation_test_excluded,False,False,['Adaptation activity parent / adaptation test set excluded from training']
C3-EN-GRAM-COMPL-001__INST,C3-EN-GRAM-COMPL-001,adaptation_activity,activity_instruction,C3-EN-GRAM-COMPL-001,adaptation_test,success,missing,adaptation_test_excluded,False,False,['Adaptation activity parent / adaptation test set excluded from training']
C3-EN-GRAM-COMPL-001__PROMPT,C3-EN-GRAM-COMPL-001,adaptation_activity,activity_prompt,C3-EN-GRAM-COMPL-001,adaptation_test,success,missing,adaptation_test_excluded,False,False,['Adaptation activity parent / adaptation test set excluded from training']
C3-EN-GRAM-WORD-001__INST,C3-EN-GRAM-WORD-001,adaptation_activity,activity_instruction,C3-EN-GRAM-WORD-001,adaptation_test,success,missing,adaptation_test_excluded,False,False,['Adaptation activity parent / adaptation test set excluded from training']
C3-EN-GRAM-WORD-001__PROMPT,C3-EN-GRAM-WORD-001,adaptation_activity,activity_prompt,C3-EN-GRAM-WORD-001,adaptation_test,success,missing,adaptation_test_excluded,False,False,['Adaptation activity parent / adaptation test set excluded from training']
C3-EN-INST-ONE-001__INST,C3-EN-INST-ONE-001,adaptation_activity,activity_instruction,C3-EN-INST-ONE-001,adaptation_test,success,missing,adaptation_test_excluded,False,False,['Adaptation activity parent / adaptation test set excluded from training']
C3-EN-INST-ONE-001__PROMPT,C3-EN-INST-ONE-001,adaptation_activity,activity_prompt,C3-EN-INST-ONE-001,adaptation_test,success,missing,adaptation_test_excluded,False,False,['Adaptation activity parent / adaptation test set excluded from training']
C3-EN-INST-TWO-001__INST,C3-EN-INST-TWO-001,adaptation_activity,activity_instruction,C3-EN-INST-TWO-001,adaptation_test,success,missing,adaptation_test_excluded,False,False,['Adaptation activity parent / adaptation test set excluded from training']
C3-EN-INST-TWO-001__PROMPT,C3-EN-INST-TWO-001,adaptation_activity,activity_prompt,C3-EN-INST-TWO-001,adaptation_test,success,missing,adaptation_test_excluded,False,False,['Adaptation activity parent / adaptation test set excluded from training']
C3-EN-INST-THREE-001__INST,C3-EN-INST-THREE-001,adaptation_activity,activity_instruction,C3-EN-INST-THREE-001,adaptation_test,success,missing,adaptation_test_excluded,False,False,['Adaptation activity parent / adaptation test set excluded from training']
C3-EN-INST-THREE-001__PROMPT,C3-EN-INST-THREE-001,adaptation_activity,activity_prompt,C3-EN-INST-THREE-001,adaptation_test,success,missing,adaptation_test_excluded,False,False,['Adaptation activity parent / adaptation test set excluded from training']
C3-EN-INST-BEFORE-001__INST,C3-EN-INST-BEFORE-001,adaptation_activity,activity_instruction,C3-EN-INST-BEFORE-001,adaptation_test,success,missing,adaptation_test_excluded,False,False,['Adaptation activity parent / adaptation test set excluded from training']
C3-EN-INST-BEFORE-001__PROMPT,C3-EN-INST-BEFORE-001,adaptation_activity,activity_prompt,C3-EN-INST-BEFORE-001,adaptation_test,success,missing,adaptation_test_excluded,False,False,['Adaptation activity parent / adaptation test set excluded from training']
C3-EN-INST-IFTHEN-001__INST,C3-EN-INST-IFTHEN-001,adaptation_activity,activity_instruction,C3-EN-INST-IFTHEN-001,adaptation_test,success,missing,adaptation_test_excluded,False,False,['Adaptation activity parent / adaptation test set excluded from training']
C3-EN-INST-IFTHEN-001__PROMPT,C3-EN-INST-IFTHEN-001,adaptation_activity,activity_prompt,C3-EN-INST-IFTHEN-001,adaptation_test,success,missing,adaptation_test_excluded,False,False,['Adaptation activity parent / adaptation test set excluded from training']
C3-EN-SENT-REL-001__INST,C3-EN-SENT-REL-001,adaptation_activity,activity_instruction,C3-EN-SENT-REL-001,adaptation_test,success,missing,adaptation_test_excluded,False,False,['Adaptation activity parent / adaptation test set excluded from training']
C3-EN-SENT-REL-001__PROMPT,C3-EN-SENT-REL-001,adaptation_activity,activity_prompt,C3-EN-SENT-REL-001,adaptation_test,success,missing,adaptation_test_excluded,False,False,['Adaptation activity parent / adaptation test set excluded from training']
C3-EN-SENT-PASS-001__INST,C3-EN-SENT-PASS-001,adaptation_activity,activity_instruction,C3-EN-SENT-PASS-001,adaptation_test,success,missing,adaptation_test_excluded,False,False,['Adaptation activity parent / adaptation test set excluded from training']
C3-EN-SENT-PASS-001__PROMPT,C3-EN-SENT-PASS-001,adaptation_activity,activity_prompt,C3-EN-SENT-PASS-001,adaptation_test,success,missing,adaptation_test_excluded,False,False,['Adaptation activity parent / adaptation test set excluded from training']
C3-EN-SENT-AR-001__INST,C3-EN-SENT-AR-001,adaptation_activity,activity_instruction,C3-EN-SENT-AR-001,adaptation_test,manual_review_required,missing,adaptation_test_excluded,False,False,['Adaptation activity parent / adaptation test set excluded from training']
C3-EN-SENT-AR-001__PROMPT,C3-EN-SENT-AR-001,adaptation_activity,activity_prompt,C3-EN-SENT-AR-001,adaptation_test,success,missing,adaptation_test_excluded,False,False,['Adaptation activity parent / adaptation test set excluded from training']
C3-EN-COMP-PASSAGE-001__INST,C3-EN-COMP-PASSAGE-001,adaptation_activity,activity_instruction,C3-EN-COMP-PASSAGE-001,adaptation_test,success,missing,adaptation_test_excluded,False,False,['Adaptation activity parent / adaptation test set excluded from training']
C3-EN-COMP-PASSAGE-001__PROMPT,C3-EN-COMP-PASSAGE-001,adaptation_activity,activity_prompt,C3-EN-COMP-PASSAGE-001,adaptation_test,success,missing,adaptation_test_excluded,False,False,['Adaptation activity parent / adaptation test set excluded from training']
C3-EN-COMP-PASSAGE-001__PASSAGE,C3-EN-COMP-PASSAGE-001,adaptation_activity,activity_passage,C3-EN-COMP-PASSAGE-001,adaptation_test,success,missing,adaptation_test_excluded,False,False,['Adaptation activity parent / adaptation test set excluded from training']
C3-EN-COMP-PASSAGE-002__INST,C3-EN-COMP-PASSAGE-002,adaptation_activity,activity_instruction,C3-EN-COMP-PASSAGE-002,adaptation_test,success,missing,adaptation_test_excluded,False,False,['Adaptation activity parent / adaptation test set excluded from training']
C3-EN-COMP-PASSAGE-002__PROMPT,C3-EN-COMP-PASSAGE-002,adaptation_activity,activity_prompt,C3-EN-COMP-PASSAGE-002,adaptation_test,success,missing,adaptation_test_excluded,False,False,['Adaptation activity parent / adaptation test set excluded from training']
C3-EN-COMP-PASSAGE-002__PASSAGE,C3-EN-COMP-PASSAGE-002,adaptation_activity,activity_passage,C3-EN-COMP-PASSAGE-002,adaptation_test,success,missing,adaptation_test_excluded,False,False,['Adaptation activity parent / adaptation test set excluded from training']
C3-EN-COMP-SEQ-001__INST,C3-EN-COMP-SEQ-001,adaptation_activity,activity_instruction,C3-EN-COMP-SEQ-001,adaptation_test,success,missing,adaptation_test_excluded,False,False,['Adaptation activity parent / adaptation test set excluded from training']
C3-EN-COMP-SEQ-001__PROMPT,C3-EN-COMP-SEQ-001,adaptation_activity,activity_prompt,C3-EN-COMP-SEQ-001,adaptation_test,success,missing,adaptation_test_excluded,False,False,['Adaptation activity parent / adaptation test set excluded from training']
C3-EN-COMP-MAIN-001__INST,C3-EN-COMP-MAIN-001,adaptation_activity,activity_instruction,C3-EN-COMP-MAIN-001,adaptation_test,success,missing,adaptation_test_excluded,False,False,['Adaptation activity parent / adaptation test set excluded from training']
C3-EN-COMP-MAIN-001__PROMPT,C3-EN-COMP-MAIN-001,adaptation_activity,activity_prompt,C3-EN-COMP-MAIN-001,adaptation_test,success,missing,adaptation_test_excluded,False,False,['Adaptation activity parent / adaptation test set excluded from training']
C3-EN-COMP-MAIN-001__PASSAGE,C3-EN-COMP-MAIN-001,adaptation_activity,activity_passage,C3-EN-COMP-MAIN-001,adaptation_test,success,missing,adaptation_test_excluded,False,False,['Adaptation activity parent / adaptation test set excluded from training']
C3-EN-COMP-YESNO-001__INST,C3-EN-COMP-YESNO-001,adaptation_activity,activity_instruction,C3-EN-COMP-YESNO-001,adaptation_test,success,missing,adaptation_test_excluded,False,False,['Adaptation activity parent / adaptation test set excluded from training']
C3-EN-COMP-YESNO-001__PROMPT,C3-EN-COMP-YESNO-001,adaptation_activity,activity_prompt,C3-EN-COMP-YESNO-001,adaptation_test,success,missing,adaptation_test_excluded,False,False,['Adaptation activity parent / adaptation test set excluded from training']
C3-EN-COMP-WH-001__INST,C3-EN-COMP-WH-001,adaptation_activity,activity_instruction,C3-EN-COMP-WH-001,adaptation_test,success,missing,adaptation_test_excluded,False,False,['Adaptation activity parent / adaptation test set excluded from training']
C3-EN-COMP-WH-001__PROMPT,C3-EN-COMP-WH-001,adaptation_activity,activity_prompt,C3-EN-COMP-WH-001,adaptation_test,success,missing,adaptation_test_excluded,False,False,['Adaptation activity parent / adaptation test set excluded from training']
C3-EN-TASK-ENG-001__INST,C3-EN-TASK-ENG-001,adaptation_activity,activity_instruction,C3-EN-TASK-ENG-001,adaptation_test,success,missing,adaptation_test_excluded,False,False,['Adaptation activity parent / adaptation test set excluded from training']
C3-EN-TASK-ENG-002__INST,C3-EN-TASK-ENG-002,adaptation_activity,activity_instruction,C3-EN-TASK-ENG-002,adaptation_test,success,missing,adaptation_test_excluded,False,False,['Adaptation activity parent / adaptation test set excluded from training']
C3-EN-TASK-ENG-003__INST,C3-EN-TASK-ENG-003,adaptation_activity,activity_instruction,C3-EN-TASK-ENG-003,adaptation_test,success,missing,adaptation_test_excluded,False,False,['Adaptation activity parent / adaptation test set excluded from training']
C3-EN-TASK-ENG-004__INST,C3-EN-TASK-ENG-004,adaptation_activity,activity_instruction,C3-EN-TASK-ENG-004,adaptation_test,success,missing,adaptation_test_excluded,False,False,['Adaptation activity parent / adaptation test set excluded from training']
C3-EN-TASK-ENG-005__INST,C3-EN-TASK-ENG-005,adaptation_activity,activity_instruction,C3-EN-TASK-ENG-005,adaptation_test,success,missing,adaptation_test_excluded,False,False,['Adaptation activity parent / adaptation test set excluded from training']
C3-EN-TASK-ENG-006__INST,C3-EN-TASK-ENG-006,adaptation_activity,activity_instruction,C3-EN-TASK-ENG-006,adaptation_test,success,missing,adaptation_test_excluded,False,False,['Adaptation activity parent / adaptation test set excluded from training']
C3-EN-TASK-ENG-007__INST,C3-EN-TASK-ENG-007,adaptation_activity,activity_instruction,C3-EN-TASK-ENG-007,adaptation_test,success,missing,adaptation_test_excluded,False,False,['Adaptation activity parent / adaptation test set excluded from training']
C3-EN-TASK-ENG-008__INST,C3-EN-TASK-ENG-008,adaptation_activity,activity_instruction,C3-EN-TASK-ENG-008,adaptation_test,success,missing,adaptation_test_excluded,False,False,['Adaptation activity parent / adaptation test set excluded from training']
C3-EN-TASK-ENG-009__INST,C3-EN-TASK-ENG-009,adaptation_activity,activity_instruction,C3-EN-TASK-ENG-009,adaptation_test,success,missing,adaptation_test_excluded,False,False,['Adaptation activity parent / adaptation test set excluded from training']
C3-EN-TASK-ENG-010__INST,C3-EN-TASK-ENG-010,adaptation_activity,activity_instruction,C3-EN-TASK-ENG-010,adaptation_test,success,missing,adaptation_test_excluded,False,False,['Adaptation activity parent / adaptation test set excluded from training']
C3-EN-VOC-0100__INST,C3-EN-VOC-0100,adaptation_activity,activity_instruction,C3-EN-VOC-0100,adaptation_test,success,missing,adaptation_test_excluded,False,False,['Adaptation activity parent / adaptation test set excluded from training']
C3-EN-VOC-0100__PROMPT,C3-EN-VOC-0100,adaptation_activity,activity_prompt,C3-EN-VOC-0100,adaptation_test,success,missing,adaptation_test_excluded,False,False,['Adaptation activity parent / adaptation test set excluded from training']
C3-EN-VOC-0101__INST,C3-EN-VOC-0101,adaptation_activity,activity_instruction,C3-EN-VOC-0101,adaptation_test,success,missing,adaptation_test_excluded,False,False,['Adaptation activity parent / adaptation test set excluded from training']
C3-EN-VOC-0101__PROMPT,C3-EN-VOC-0101,adaptation_activity,activity_prompt,C3-EN-VOC-0101,adaptation_test,success,missing,adaptation_test_excluded,False,False,['Adaptation activity parent / adaptation test set excluded from training']
C3-EN-VOC-0102__INST,C3-EN-VOC-0102,adaptation_activity,activity_instruction,C3-EN-VOC-0102,adaptation_test,success,missing,adaptation_test_excluded,False,False,['Adaptation activity parent / adaptation test set excluded from training']
C3-EN-VOC-0102__PROMPT,C3-EN-VOC-0102,adaptation_activity,activity_prompt,C3-EN-VOC-0102,adaptation_test,success,missing,adaptation_test_excluded,False,False,['Adaptation activity parent / adaptation test set excluded from training']
C3-EN-VOC-0103__INST,C3-EN-VOC-0103,adaptation_activity,activity_instruction,C3-EN-VOC-0103,adaptation_test,success,missing,adaptation_test_excluded,False,False,['Adaptation activity parent / adaptation test set excluded from training']
C3-EN-VOC-0103__PROMPT,C3-EN-VOC-0103,adaptation_activity,activity_prompt,C3-EN-VOC-0103,adaptation_test,success,missing,adaptation_test_excluded,False,False,['Adaptation activity parent / adaptation test set excluded from training']
C3-EN-VOC-0104__INST,C3-EN-VOC-0104,adaptation_activity,activity_instruction,C3-EN-VOC-0104,adaptation_test,success,missing,adaptation_test_excluded,False,False,['Adaptation activity parent / adaptation test set excluded from training']
C3-EN-VOC-0104__PROMPT,C3-EN-VOC-0104,adaptation_activity,activity_prompt,C3-EN-VOC-0104,adaptation_test,success,missing,adaptation_test_excluded,False,False,['Adaptation activity parent / adaptation test set excluded from training']
C3-EN-VOC-0105__INST,C3-EN-VOC-0105,adaptation_activity,activity_instruction,C3-EN-VOC-0105,adaptation_test,success,missing,adaptation_test_excluded,False,False,['Adaptation activity parent / adaptation test set excluded from training']
C3-EN-VOC-0105__PROMPT,C3-EN-VOC-0105,adaptation_activity,activity_prompt,C3-EN-VOC-0105,adaptation_test,success,missing,adaptation_test_excluded,False,False,['Adaptation activity parent / adaptation test set excluded from training']
C3-EN-VOC-0106__INST,C3-EN-VOC-0106,adaptation_activity,activity_instruction,C3-EN-VOC-0106,adaptation_test,success,missing,adaptation_test_excluded,False,False,['Adaptation activity parent / adaptation test set excluded from training']
C3-EN-VOC-0106__PROMPT,C3-EN-VOC-0106,adaptation_activity,activity_prompt,C3-EN-VOC-0106,adaptation_test,success,missing,adaptation_test_excluded,False,False,['Adaptation activity parent / adaptation test set excluded from training']
C3-EN-VOC-0107__INST,C3-EN-VOC-0107,adaptation_activity,activity_instruction,C3-EN-VOC-0107,adaptation_test,success,missing,adaptation_test_excluded,False,False,['Adaptation activity parent / adaptation test set excluded from training']
C3-EN-VOC-0107__PROMPT,C3-EN-VOC-0107,adaptation_activity,activity_prompt,C3-EN-VOC-0107,adaptation_test,success,missing,adaptation_test_excluded,False,False,['Adaptation activity parent / adaptation test set excluded from training']
C3-EN-VOC-0108__INST,C3-EN-VOC-0108,adaptation_activity,activity_instruction,C3-EN-VOC-0108,adaptation_test,success,missing,adaptation_test_excluded,False,False,['Adaptation activity parent / adaptation test set excluded from training']
C3-EN-VOC-0108__PROMPT,C3-EN-VOC-0108,adaptation_activity,activity_prompt,C3-EN-VOC-0108,adaptation_test,success,missing,adaptation_test_excluded,False,False,['Adaptation activity parent / adaptation test set excluded from training']
C3-EN-VOC-0109__INST,C3-EN-VOC-0109,adaptation_activity,activity_instruction,C3-EN-VOC-0109,adaptation_test,success,missing,adaptation_test_excluded,False,False,['Adaptation activity parent / adaptation test set excluded from training']
C3-EN-VOC-0109__PROMPT,C3-EN-VOC-0109,adaptation_activity,activity_prompt,C3-EN-VOC-0109,adaptation_test,success,missing,adaptation_test_excluded,False,False,['Adaptation activity parent / adaptation test set excluded from training']
C3-EN-GRA-0138__INST,C3-EN-GRA-0138,adaptation_activity,activity_instruction,C3-EN-GRA-0138,adaptation_test,success,missing,adaptation_test_excluded,False,False,['Adaptation activity parent / adaptation test set excluded from training']
C3-EN-GRA-0138__PROMPT,C3-EN-GRA-0138,adaptation_activity,activity_prompt,C3-EN-GRA-0138,adaptation_test,success,missing,adaptation_test_excluded,False,False,['Adaptation activity parent / adaptation test set excluded from training']
C3-EN-GRA-0139__INST,C3-EN-GRA-0139,adaptation_activity,activity_instruction,C3-EN-GRA-0139,adaptation_test,success,missing,adaptation_test_excluded,False,False,['Adaptation activity parent / adaptation test set excluded from training']
C3-EN-GRA-0139__PROMPT,C3-EN-GRA-0139,adaptation_activity,activity_prompt,C3-EN-GRA-0139,adaptation_test,success,missing,adaptation_test_excluded,False,False,['Adaptation activity parent / adaptation test set excluded from training']
C3-EN-GRA-0140__INST,C3-EN-GRA-0140,adaptation_activity,activity_instruction,C3-EN-GRA-0140,adaptation_test,success,missing,adaptation_test_excluded,False,False,['Adaptation activity parent / adaptation test set excluded from training']
C3-EN-GRA-0140__PROMPT,C3-EN-GRA-0140,adaptation_activity,activity_prompt,C3-EN-GRA-0140,adaptation_test,success,missing,adaptation_test_excluded,False,False,['Adaptation activity parent / adaptation test set excluded from training']
C3-EN-GRA-0141__INST,C3-EN-GRA-0141,adaptation_activity,activity_instruction,C3-EN-GRA-0141,adaptation_test,success,missing,adaptation_test_excluded,False,False,['Adaptation activity parent / adaptation test set excluded from training']
C3-EN-GRA-0141__PROMPT,C3-EN-GRA-0141,adaptation_activity,activity_prompt,C3-EN-GRA-0141,adaptation_test,success,missing,adaptation_test_excluded,False,False,['Adaptation activity parent / adaptation test set excluded from training']
C3-EN-GRA-0142__INST,C3-EN-GRA-0142,adaptation_activity,activity_instruction,C3-EN-GRA-0142,adaptation_test,success,missing,adaptation_test_excluded,False,False,['Adaptation activity parent / adaptation test set excluded from training']
C3-EN-GRA-0142__PROMPT,C3-EN-GRA-0142,adaptation_activity,activity_prompt,C3-EN-GRA-0142,adaptation_test,success,missing,adaptation_test_excluded,False,False,['Adaptation activity parent / adaptation test set excluded from training']
C3-EN-GRA-0143__INST,C3-EN-GRA-0143,adaptation_activity,activity_instruction,C3-EN-GRA-0143,adaptation_test,success,missing,adaptation_test_excluded,False,False,['Adaptation activity parent / adaptation test set excluded from training']
C3-EN-GRA-0143__PROMPT,C3-EN-GRA-0143,adaptation_activity,activity_prompt,C3-EN-GRA-0143,adaptation_test,success,missing,adaptation_test_excluded,False,False,['Adaptation activity parent / adaptation test set excluded from training']
C3-EN-GRA-0144__INST,C3-EN-GRA-0144,adaptation_activity,activity_instruction,C3-EN-GRA-0144,adaptation_test,success,missing,adaptation_test_excluded,False,False,['Adaptation activity parent / adaptation test set excluded from training']
C3-EN-GRA-0144__PROMPT,C3-EN-GRA-0144,adaptation_activity,activity_prompt,C3-EN-GRA-0144,adaptation_test,success,missing,adaptation_test_excluded,False,False,['Adaptation activity parent / adaptation test set excluded from training']
C3-EN-GRA-0145__INST,C3-EN-GRA-0145,adaptation_activity,activity_instruction,C3-EN-GRA-0145,adaptation_test,success,missing,adaptation_test_excluded,False,False,['Adaptation activity parent / adaptation test set excluded from training']
C3-EN-GRA-0145__PROMPT,C3-EN-GRA-0145,adaptation_activity,activity_prompt,C3-EN-GRA-0145,adaptation_test,success,missing,adaptation_test_excluded,False,False,['Adaptation activity parent / adaptation test set excluded from training']
C3-EN-GRA-0146__INST,C3-EN-GRA-0146,adaptation_activity,activity_instruction,C3-EN-GRA-0146,adaptation_test,success,missing,adaptation_test_excluded,False,False,['Adaptation activity parent / adaptation test set excluded from training']
C3-EN-GRA-0146__PROMPT,C3-EN-GRA-0146,adaptation_activity,activity_prompt,C3-EN-GRA-0146,adaptation_test,success,missing,adaptation_test_excluded,False,False,['Adaptation activity parent / adaptation test set excluded from training']
C3-EN-GRA-0147__INST,C3-EN-GRA-0147,adaptation_activity,activity_instruction,C3-EN-GRA-0147,adaptation_test,success,missing,adaptation_test_excluded,False,False,['Adaptation activity parent / adaptation test set excluded from training']
C3-EN-GRA-0147__PROMPT,C3-EN-GRA-0147,adaptation_activity,activity_prompt,C3-EN-GRA-0147,adaptation_test,success,missing,adaptation_test_excluded,False,False,['Adaptation activity parent / adaptation test set excluded from training']
C3-EN-COM-0176__INST,C3-EN-COM-0176,adaptation_activity,activity_instruction,C3-EN-COM-0176,adaptation_test,success,missing,adaptation_test_excluded,False,False,['Adaptation activity parent / adaptation test set excluded from training']
C3-EN-COM-0176__PROMPT,C3-EN-COM-0176,adaptation_activity,activity_prompt,C3-EN-COM-0176,adaptation_test,success,missing,adaptation_test_excluded,False,False,['Adaptation activity parent / adaptation test set excluded from training']
C3-EN-COM-0177__INST,C3-EN-COM-0177,adaptation_activity,activity_instruction,C3-EN-COM-0177,adaptation_test,success,missing,adaptation_test_excluded,False,False,['Adaptation activity parent / adaptation test set excluded from training']
C3-EN-COM-0177__PROMPT,C3-EN-COM-0177,adaptation_activity,activity_prompt,C3-EN-COM-0177,adaptation_test,success,missing,adaptation_test_excluded,False,False,['Adaptation activity parent / adaptation test set excluded from training']
C3-EN-COM-0178__INST,C3-EN-COM-0178,adaptation_activity,activity_instruction,C3-EN-COM-0178,adaptation_test,success,missing,adaptation_test_excluded,False,False,['Adaptation activity parent / adaptation test set excluded from training']
C3-EN-COM-0178__PROMPT,C3-EN-COM-0178,adaptation_activity,activity_prompt,C3-EN-COM-0178,adaptation_test,success,missing,adaptation_test_excluded,False,False,['Adaptation activity parent / adaptation test set excluded from training']
C3-EN-COM-0179__INST,C3-EN-COM-0179,adaptation_activity,activity_instruction,C3-EN-COM-0179,adaptation_test,success,missing,adaptation_test_excluded,False,False,['Adaptation activity parent / adaptation test set excluded from training']
C3-EN-COM-0179__PROMPT,C3-EN-COM-0179,adaptation_activity,activity_prompt,C3-EN-COM-0179,adaptation_test,success,missing,adaptation_test_excluded,False,False,['Adaptation activity parent / adaptation test set excluded from training']
C3-EN-COM-0180__INST,C3-EN-COM-0180,adaptation_activity,activity_instruction,C3-EN-COM-0180,adaptation_test,success,missing,adaptation_test_excluded,False,False,['Adaptation activity parent / adaptation test set excluded from training']
C3-EN-COM-0180__PROMPT,C3-EN-COM-0180,adaptation_activity,activity_prompt,C3-EN-COM-0180,adaptation_test,success,missing,adaptation_test_excluded,False,False,['Adaptation activity parent / adaptation test set excluded from training']
C3-EN-COM-0181__INST,C3-EN-COM-0181,adaptation_activity,activity_instruction,C3-EN-COM-0181,adaptation_test,success,missing,adaptation_test_excluded,False,False,['Adaptation activity parent / adaptation test set excluded from training']
C3-EN-COM-0181__PROMPT,C3-EN-COM-0181,adaptation_activity,activity_prompt,C3-EN-COM-0181,adaptation_test,success,missing,adaptation_test_excluded,False,False,['Adaptation activity parent / adaptation test set excluded from training']
C3-EN-COM-0182__INST,C3-EN-COM-0182,adaptation_activity,activity_instruction,C3-EN-COM-0182,adaptation_test,success,missing,adaptation_test_excluded,False,False,['Adaptation activity parent / adaptation test set excluded from training']
C3-EN-COM-0182__PROMPT,C3-EN-COM-0182,adaptation_activity,activity_prompt,C3-EN-COM-0182,adaptation_test,success,missing,adaptation_test_excluded,False,False,['Adaptation activity parent / adaptation test set excluded from training']
C3-EN-COM-0183__INST,C3-EN-COM-0183,adaptation_activity,activity_instruction,C3-EN-COM-0183,adaptation_test,success,missing,adaptation_test_excluded,False,False,['Adaptation activity parent / adaptation test set excluded from training']
C3-EN-COM-0183__PROMPT,C3-EN-COM-0183,adaptation_activity,activity_prompt,C3-EN-COM-0183,adaptation_test,success,missing,adaptation_test_excluded,False,False,['Adaptation activity parent / adaptation test set excluded from training']
C3-EN-COM-0184__INST,C3-EN-COM-0184,adaptation_activity,activity_instruction,C3-EN-COM-0184,adaptation_test,success,missing,adaptation_test_excluded,False,False,['Adaptation activity parent / adaptation test set excluded from training']
C3-EN-COM-0184__PROMPT,C3-EN-COM-0184,adaptation_activity,activity_prompt,C3-EN-COM-0184,adaptation_test,success,missing,adaptation_test_excluded,False,False,['Adaptation activity parent / adaptation test set excluded from training']
C3-EN-COM-0185__INST,C3-EN-COM-0185,adaptation_activity,activity_instruction,C3-EN-COM-0185,adaptation_test,success,missing,adaptation_test_excluded,False,False,['Adaptation activity parent / adaptation test set excluded from training']
C3-EN-COM-0185__PROMPT,C3-EN-COM-0185,adaptation_activity,activity_prompt,C3-EN-COM-0185,adaptation_test,success,missing,adaptation_test_excluded,False,False,['Adaptation activity parent / adaptation test set excluded from training']
C3-EN-INS-0214__INST,C3-EN-INS-0214,adaptation_activity,activity_instruction,C3-EN-INS-0214,adaptation_test,success,missing,adaptation_test_excluded,False,False,['Adaptation activity parent / adaptation test set excluded from training']
C3-EN-INS-0214__PROMPT,C3-EN-INS-0214,adaptation_activity,activity_prompt,C3-EN-INS-0214,adaptation_test,success,missing,adaptation_test_excluded,False,False,['Adaptation activity parent / adaptation test set excluded from training']
C3-EN-INS-0215__INST,C3-EN-INS-0215,adaptation_activity,activity_instruction,C3-EN-INS-0215,adaptation_test,success,missing,adaptation_test_excluded,False,False,['Adaptation activity parent / adaptation test set excluded from training']
C3-EN-INS-0215__PROMPT,C3-EN-INS-0215,adaptation_activity,activity_prompt,C3-EN-INS-0215,adaptation_test,success,missing,adaptation_test_excluded,False,False,['Adaptation activity parent / adaptation test set excluded from training']
C3-EN-INS-0216__INST,C3-EN-INS-0216,adaptation_activity,activity_instruction,C3-EN-INS-0216,adaptation_test,success,missing,adaptation_test_excluded,False,False,['Adaptation activity parent / adaptation test set excluded from training']
C3-EN-INS-0216__PROMPT,C3-EN-INS-0216,adaptation_activity,activity_prompt,C3-EN-INS-0216,adaptation_test,success,missing,adaptation_test_excluded,False,False,['Adaptation activity parent / adaptation test set excluded from training']
C3-EN-INS-0217__INST,C3-EN-INS-0217,adaptation_activity,activity_instruction,C3-EN-INS-0217,adaptation_test,success,missing,adaptation_test_excluded,False,False,['Adaptation activity parent / adaptation test set excluded from training']
C3-EN-INS-0217__PROMPT,C3-EN-INS-0217,adaptation_activity,activity_prompt,C3-EN-INS-0217,adaptation_test,success,missing,adaptation_test_excluded,False,False,['Adaptation activity parent / adaptation test set excluded from training']
C3-EN-INS-0218__INST,C3-EN-INS-0218,adaptation_activity,activity_instruction,C3-EN-INS-0218,adaptation_test,success,missing,adaptation_test_excluded,False,False,['Adaptation activity parent / adaptation test set excluded from training']
C3-EN-INS-0218__PROMPT,C3-EN-INS-0218,adaptation_activity,activity_prompt,C3-EN-INS-0218,adaptation_test,success,missing,adaptation_test_excluded,False,False,['Adaptation activity parent / adaptation test set excluded from training']
C3-EN-INS-0219__INST,C3-EN-INS-0219,adaptation_activity,activity_instruction,C3-EN-INS-0219,adaptation_test,success,missing,adaptation_test_excluded,False,False,['Adaptation activity parent / adaptation test set excluded from training']
C3-EN-INS-0219__PROMPT,C3-EN-INS-0219,adaptation_activity,activity_prompt,C3-EN-INS-0219,adaptation_test,success,missing,adaptation_test_excluded,False,False,['Adaptation activity parent / adaptation test set excluded from training']
C3-EN-INS-0220__INST,C3-EN-INS-0220,adaptation_activity,activity_instruction,C3-EN-INS-0220,adaptation_test,success,missing,adaptation_test_excluded,False,False,['Adaptation activity parent / adaptation test set excluded from training']
C3-EN-INS-0220__PROMPT,C3-EN-INS-0220,adaptation_activity,activity_prompt,C3-EN-INS-0220,adaptation_test,success,missing,adaptation_test_excluded,False,False,['Adaptation activity parent / adaptation test set excluded from training']
C3-EN-INS-0221__INST,C3-EN-INS-0221,adaptation_activity,activity_instruction,C3-EN-INS-0221,adaptation_test,success,missing,adaptation_test_excluded,False,False,['Adaptation activity parent / adaptation test set excluded from training']
C3-EN-INS-0221__PROMPT,C3-EN-INS-0221,adaptation_activity,activity_prompt,C3-EN-INS-0221,adaptation_test,success,missing,adaptation_test_excluded,False,False,['Adaptation activity parent / adaptation test set excluded from training']
C3-EN-INS-0222__INST,C3-EN-INS-0222,adaptation_activity,activity_instruction,C3-EN-INS-0222,adaptation_test,success,missing,adaptation_test_excluded,False,False,['Adaptation activity parent / adaptation test set excluded from training']
C3-EN-INS-0222__PROMPT,C3-EN-INS-0222,adaptation_activity,activity_prompt,C3-EN-INS-0222,adaptation_test,success,missing,adaptation_test_excluded,False,False,['Adaptation activity parent / adaptation test set excluded from training']
C3-EN-INS-0223__INST,C3-EN-INS-0223,adaptation_activity,activity_instruction,C3-EN-INS-0223,adaptation_test,success,missing,adaptation_test_excluded,False,False,['Adaptation activity parent / adaptation test set excluded from training']
C3-EN-INS-0223__PROMPT,C3-EN-INS-0223,adaptation_activity,activity_prompt,C3-EN-INS-0223,adaptation_test,success,missing,adaptation_test_excluded,False,False,['Adaptation activity parent / adaptation test set excluded from training']
C3-EN-VOC-0110__INST,C3-EN-VOC-0110,adaptation_activity,activity_instruction,C3-EN-VOC-0110,adaptation_test,success,missing,adaptation_test_excluded,False,False,['Adaptation activity parent / adaptation test set excluded from training']
C3-EN-VOC-0110__PROMPT,C3-EN-VOC-0110,adaptation_activity,activity_prompt,C3-EN-VOC-0110,adaptation_test,success,missing,adaptation_test_excluded,False,False,['Adaptation activity parent / adaptation test set excluded from training']
C3-EN-VOC-0111__INST,C3-EN-VOC-0111,adaptation_activity,activity_instruction,C3-EN-VOC-0111,adaptation_test,success,missing,adaptation_test_excluded,False,False,['Adaptation activity parent / adaptation test set excluded from training']
C3-EN-VOC-0111__PROMPT,C3-EN-VOC-0111,adaptation_activity,activity_prompt,C3-EN-VOC-0111,adaptation_test,success,missing,adaptation_test_excluded,False,False,['Adaptation activity parent / adaptation test set excluded from training']
C3-EN-VOC-0112__INST,C3-EN-VOC-0112,adaptation_activity,activity_instruction,C3-EN-VOC-0112,adaptation_test,success,missing,adaptation_test_excluded,False,False,['Adaptation activity parent / adaptation test set excluded from training']
C3-EN-VOC-0112__PROMPT,C3-EN-VOC-0112,adaptation_activity,activity_prompt,C3-EN-VOC-0112,adaptation_test,success,missing,adaptation_test_excluded,False,False,['Adaptation activity parent / adaptation test set excluded from training']
C3-EN-VOC-0113__INST,C3-EN-VOC-0113,adaptation_activity,activity_instruction,C3-EN-VOC-0113,adaptation_test,success,missing,adaptation_test_excluded,False,False,['Adaptation activity parent / adaptation test set excluded from training']
C3-EN-VOC-0113__PROMPT,C3-EN-VOC-0113,adaptation_activity,activity_prompt,C3-EN-VOC-0113,adaptation_test,success,missing,adaptation_test_excluded,False,False,['Adaptation activity parent / adaptation test set excluded from training']
C3-EN-VOC-0114__INST,C3-EN-VOC-0114,adaptation_activity,activity_instruction,C3-EN-VOC-0114,adaptation_test,success,missing,adaptation_test_excluded,False,False,['Adaptation activity parent / adaptation test set excluded from training']
C3-EN-VOC-0114__PROMPT,C3-EN-VOC-0114,adaptation_activity,activity_prompt,C3-EN-VOC-0114,adaptation_test,success,missing,adaptation_test_excluded,False,False,['Adaptation activity parent / adaptation test set excluded from training']
C3-EN-VOC-0115__INST,C3-EN-VOC-0115,adaptation_activity,activity_instruction,C3-EN-VOC-0115,adaptation_test,success,missing,adaptation_test_excluded,False,False,['Adaptation activity parent / adaptation test set excluded from training']
C3-EN-VOC-0115__PROMPT,C3-EN-VOC-0115,adaptation_activity,activity_prompt,C3-EN-VOC-0115,adaptation_test,success,missing,adaptation_test_excluded,False,False,['Adaptation activity parent / adaptation test set excluded from training']
C3-EN-VOC-0116__INST,C3-EN-VOC-0116,adaptation_activity,activity_instruction,C3-EN-VOC-0116,adaptation_test,success,missing,adaptation_test_excluded,False,False,['Adaptation activity parent / adaptation test set excluded from training']
C3-EN-VOC-0116__PROMPT,C3-EN-VOC-0116,adaptation_activity,activity_prompt,C3-EN-VOC-0116,adaptation_test,success,missing,adaptation_test_excluded,False,False,['Adaptation activity parent / adaptation test set excluded from training']
C3-EN-VOC-0117__INST,C3-EN-VOC-0117,adaptation_activity,activity_instruction,C3-EN-VOC-0117,adaptation_test,success,missing,adaptation_test_excluded,False,False,['Adaptation activity parent / adaptation test set excluded from training']
C3-EN-VOC-0117__PROMPT,C3-EN-VOC-0117,adaptation_activity,activity_prompt,C3-EN-VOC-0117,adaptation_test,success,missing,adaptation_test_excluded,False,False,['Adaptation activity parent / adaptation test set excluded from training']
C3-EN-GRA-0148__INST,C3-EN-GRA-0148,adaptation_activity,activity_instruction,C3-EN-GRA-0148,adaptation_test,success,missing,adaptation_test_excluded,False,False,['Adaptation activity parent / adaptation test set excluded from training']
C3-EN-GRA-0148__PROMPT,C3-EN-GRA-0148,adaptation_activity,activity_prompt,C3-EN-GRA-0148,adaptation_test,success,missing,adaptation_test_excluded,False,False,['Adaptation activity parent / adaptation test set excluded from training']
C3-EN-GRA-0149__INST,C3-EN-GRA-0149,adaptation_activity,activity_instruction,C3-EN-GRA-0149,adaptation_test,success,missing,adaptation_test_excluded,False,False,['Adaptation activity parent / adaptation test set excluded from training']
C3-EN-GRA-0149__PROMPT,C3-EN-GRA-0149,adaptation_activity,activity_prompt,C3-EN-GRA-0149,adaptation_test,success,missing,adaptation_test_excluded,False,False,['Adaptation activity parent / adaptation test set excluded from training']
C3-EN-GRA-0150__INST,C3-EN-GRA-0150,adaptation_activity,activity_instruction,C3-EN-GRA-0150,adaptation_test,success,missing,adaptation_test_excluded,False,False,['Adaptation activity parent / adaptation test set excluded from training']
C3-EN-GRA-0150__PROMPT,C3-EN-GRA-0150,adaptation_activity,activity_prompt,C3-EN-GRA-0150,adaptation_test,success,missing,adaptation_test_excluded,False,False,['Adaptation activity parent / adaptation test set excluded from training']
C3-EN-GRA-0151__INST,C3-EN-GRA-0151,adaptation_activity,activity_instruction,C3-EN-GRA-0151,adaptation_test,success,missing,adaptation_test_excluded,False,False,['Adaptation activity parent / adaptation test set excluded from training']
C3-EN-GRA-0151__PROMPT,C3-EN-GRA-0151,adaptation_activity,activity_prompt,C3-EN-GRA-0151,adaptation_test,success,missing,adaptation_test_excluded,False,False,['Adaptation activity parent / adaptation test set excluded from training']
C3-EN-GRA-0152__INST,C3-EN-GRA-0152,adaptation_activity,activity_instruction,C3-EN-GRA-0152,adaptation_test,success,missing,adaptation_test_excluded,False,False,['Adaptation activity parent / adaptation test set excluded from training']
C3-EN-GRA-0152__PROMPT,C3-EN-GRA-0152,adaptation_activity,activity_prompt,C3-EN-GRA-0152,adaptation_test,success,missing,adaptation_test_excluded,False,False,['Adaptation activity parent / adaptation test set excluded from training']
C3-EN-GRA-0153__INST,C3-EN-GRA-0153,adaptation_activity,activity_instruction,C3-EN-GRA-0153,adaptation_test,success,missing,adaptation_test_excluded,False,False,['Adaptation activity parent / adaptation test set excluded from training']
C3-EN-GRA-0153__PROMPT,C3-EN-GRA-0153,adaptation_activity,activity_prompt,C3-EN-GRA-0153,adaptation_test,success,missing,adaptation_test_excluded,False,False,['Adaptation activity parent / adaptation test set excluded from training']
C3-EN-GRA-0154__INST,C3-EN-GRA-0154,adaptation_activity,activity_instruction,C3-EN-GRA-0154,adaptation_test,success,missing,adaptation_test_excluded,False,False,['Adaptation activity parent / adaptation test set excluded from training']
C3-EN-GRA-0154__PROMPT,C3-EN-GRA-0154,adaptation_activity,activity_prompt,C3-EN-GRA-0154,adaptation_test,success,missing,adaptation_test_excluded,False,False,['Adaptation activity parent / adaptation test set excluded from training']
C3-EN-GRA-0155__INST,C3-EN-GRA-0155,adaptation_activity,activity_instruction,C3-EN-GRA-0155,adaptation_test,success,missing,adaptation_test_excluded,False,False,['Adaptation activity parent / adaptation test set excluded from training']
C3-EN-GRA-0155__PROMPT,C3-EN-GRA-0155,adaptation_activity,activity_prompt,C3-EN-GRA-0155,adaptation_test,success,missing,adaptation_test_excluded,False,False,['Adaptation activity parent / adaptation test set excluded from training']
C3-EN-COM-0186__INST,C3-EN-COM-0186,adaptation_activity,activity_instruction,C3-EN-COM-0186,adaptation_test,success,missing,adaptation_test_excluded,False,False,['Adaptation activity parent / adaptation test set excluded from training']
C3-EN-COM-0186__PROMPT,C3-EN-COM-0186,adaptation_activity,activity_prompt,C3-EN-COM-0186,adaptation_test,success,missing,adaptation_test_excluded,False,False,['Adaptation activity parent / adaptation test set excluded from training']
C3-EN-COM-0187__INST,C3-EN-COM-0187,adaptation_activity,activity_instruction,C3-EN-COM-0187,adaptation_test,success,missing,adaptation_test_excluded,False,False,['Adaptation activity parent / adaptation test set excluded from training']
C3-EN-COM-0187__PROMPT,C3-EN-COM-0187,adaptation_activity,activity_prompt,C3-EN-COM-0187,adaptation_test,success,missing,adaptation_test_excluded,False,False,['Adaptation activity parent / adaptation test set excluded from training']
C3-EN-COM-0188__INST,C3-EN-COM-0188,adaptation_activity,activity_instruction,C3-EN-COM-0188,adaptation_test,success,missing,adaptation_test_excluded,False,False,['Adaptation activity parent / adaptation test set excluded from training']
C3-EN-COM-0188__PROMPT,C3-EN-COM-0188,adaptation_activity,activity_prompt,C3-EN-COM-0188,adaptation_test,success,missing,adaptation_test_excluded,False,False,['Adaptation activity parent / adaptation test set excluded from training']
C3-EN-COM-0189__INST,C3-EN-COM-0189,adaptation_activity,activity_instruction,C3-EN-COM-0189,adaptation_test,success,missing,adaptation_test_excluded,False,False,['Adaptation activity parent / adaptation test set excluded from training']
C3-EN-COM-0189__PROMPT,C3-EN-COM-0189,adaptation_activity,activity_prompt,C3-EN-COM-0189,adaptation_test,success,missing,adaptation_test_excluded,False,False,['Adaptation activity parent / adaptation test set excluded from training']
C3-EN-COM-0190__INST,C3-EN-COM-0190,adaptation_activity,activity_instruction,C3-EN-COM-0190,adaptation_test,success,missing,adaptation_test_excluded,False,False,['Adaptation activity parent / adaptation test set excluded from training']
C3-EN-COM-0190__PROMPT,C3-EN-COM-0190,adaptation_activity,activity_prompt,C3-EN-COM-0190,adaptation_test,success,missing,adaptation_test_excluded,False,False,['Adaptation activity parent / adaptation test set excluded from training']
C3-EN-INS-0224__INST,C3-EN-INS-0224,adaptation_activity,activity_instruction,C3-EN-INS-0224,adaptation_test,success,missing,adaptation_test_excluded,False,False,['Adaptation activity parent / adaptation test set excluded from training']
C3-EN-INS-0224__PROMPT,C3-EN-INS-0224,adaptation_activity,activity_prompt,C3-EN-INS-0224,adaptation_test,success,missing,adaptation_test_excluded,False,False,['Adaptation activity parent / adaptation test set excluded from training']
C3-EN-INS-0225__INST,C3-EN-INS-0225,adaptation_activity,activity_instruction,C3-EN-INS-0225,adaptation_test,success,missing,adaptation_test_excluded,False,False,['Adaptation activity parent / adaptation test set excluded from training']
C3-EN-INS-0225__PROMPT,C3-EN-INS-0225,adaptation_activity,activity_prompt,C3-EN-INS-0225,adaptation_test,success,missing,adaptation_test_excluded,False,False,['Adaptation activity parent / adaptation test set excluded from training']
C3-EN-INS-0226__INST,C3-EN-INS-0226,adaptation_activity,activity_instruction,C3-EN-INS-0226,adaptation_test,success,missing,adaptation_test_excluded,False,False,['Adaptation activity parent / adaptation test set excluded from training']
C3-EN-INS-0226__PROMPT,C3-EN-INS-0226,adaptation_activity,activity_prompt,C3-EN-INS-0226,adaptation_test,success,missing,adaptation_test_excluded,False,False,['Adaptation activity parent / adaptation test set excluded from training']
C3-EN-INS-0227__INST,C3-EN-INS-0227,adaptation_activity,activity_instruction,C3-EN-INS-0227,adaptation_test,success,missing,adaptation_test_excluded,False,False,['Adaptation activity parent / adaptation test set excluded from training']
C3-EN-INS-0227__PROMPT,C3-EN-INS-0227,adaptation_activity,activity_prompt,C3-EN-INS-0227,adaptation_test,success,missing,adaptation_test_excluded,False,False,['Adaptation activity parent / adaptation test set excluded from training']
C3-EN-INS-0228__INST,C3-EN-INS-0228,adaptation_activity,activity_instruction,C3-EN-INS-0228,adaptation_test,success,missing,adaptation_test_excluded,False,False,['Adaptation activity parent / adaptation test set excluded from training']
C3-EN-INS-0228__PROMPT,C3-EN-INS-0228,adaptation_activity,activity_prompt,C3-EN-INS-0228,adaptation_test,success,missing,adaptation_test_excluded,False,False,['Adaptation activity parent / adaptation test set excluded from training']
C3-EN-VOC-0118__INST,C3-EN-VOC-0118,adaptation_activity,activity_instruction,C3-EN-VOC-0118,adaptation_test,success,missing,adaptation_test_excluded,False,False,['Adaptation activity parent / adaptation test set excluded from training']
C3-EN-VOC-0118__PROMPT,C3-EN-VOC-0118,adaptation_activity,activity_prompt,C3-EN-VOC-0118,adaptation_test,success,missing,adaptation_test_excluded,False,False,['Adaptation activity parent / adaptation test set excluded from training']
C3-EN-VOC-0119__INST,C3-EN-VOC-0119,adaptation_activity,activity_instruction,C3-EN-VOC-0119,adaptation_test,success,missing,adaptation_test_excluded,False,False,['Adaptation activity parent / adaptation test set excluded from training']
C3-EN-VOC-0119__PROMPT,C3-EN-VOC-0119,adaptation_activity,activity_prompt,C3-EN-VOC-0119,adaptation_test,success,missing,adaptation_test_excluded,False,False,['Adaptation activity parent / adaptation test set excluded from training']
C3-EN-VOC-0120__INST,C3-EN-VOC-0120,adaptation_activity,activity_instruction,C3-EN-VOC-0120,adaptation_test,success,missing,adaptation_test_excluded,False,False,['Adaptation activity parent / adaptation test set excluded from training']
C3-EN-VOC-0120__PROMPT,C3-EN-VOC-0120,adaptation_activity,activity_prompt,C3-EN-VOC-0120,adaptation_test,success,missing,adaptation_test_excluded,False,False,['Adaptation activity parent / adaptation test set excluded from training']
C3-EN-VOC-0121__INST,C3-EN-VOC-0121,adaptation_activity,activity_instruction,C3-EN-VOC-0121,adaptation_test,success,missing,adaptation_test_excluded,False,False,['Adaptation activity parent / adaptation test set excluded from training']
C3-EN-VOC-0121__PROMPT,C3-EN-VOC-0121,adaptation_activity,activity_prompt,C3-EN-VOC-0121,adaptation_test,success,missing,adaptation_test_excluded,False,False,['Adaptation activity parent / adaptation test set excluded from training']
C3-EN-VOC-0122__INST,C3-EN-VOC-0122,adaptation_activity,activity_instruction,C3-EN-VOC-0122,adaptation_test,success,missing,adaptation_test_excluded,False,False,['Adaptation activity parent / adaptation test set excluded from training']
C3-EN-VOC-0122__PROMPT,C3-EN-VOC-0122,adaptation_activity,activity_prompt,C3-EN-VOC-0122,adaptation_test,success,missing,adaptation_test_excluded,False,False,['Adaptation activity parent / adaptation test set excluded from training']
C3-EN-GRA-0156__INST,C3-EN-GRA-0156,adaptation_activity,activity_instruction,C3-EN-GRA-0156,adaptation_test,success,missing,adaptation_test_excluded,False,False,['Adaptation activity parent / adaptation test set excluded from training']
C3-EN-GRA-0156__PROMPT,C3-EN-GRA-0156,adaptation_activity,activity_prompt,C3-EN-GRA-0156,adaptation_test,success,missing,adaptation_test_excluded,False,False,['Adaptation activity parent / adaptation test set excluded from training']
C3-EN-GRA-0157__INST,C3-EN-GRA-0157,adaptation_activity,activity_instruction,C3-EN-GRA-0157,adaptation_test,success,missing,adaptation_test_excluded,False,False,['Adaptation activity parent / adaptation test set excluded from training']
C3-EN-GRA-0157__PROMPT,C3-EN-GRA-0157,adaptation_activity,activity_prompt,C3-EN-GRA-0157,adaptation_test,success,missing,adaptation_test_excluded,False,False,['Adaptation activity parent / adaptation test set excluded from training']
C3-EN-GRA-0158__INST,C3-EN-GRA-0158,adaptation_activity,activity_instruction,C3-EN-GRA-0158,adaptation_test,success,missing,adaptation_test_excluded,False,False,['Adaptation activity parent / adaptation test set excluded from training']
C3-EN-GRA-0158__PROMPT,C3-EN-GRA-0158,adaptation_activity,activity_prompt,C3-EN-GRA-0158,adaptation_test,success,missing,adaptation_test_excluded,False,False,['Adaptation activity parent / adaptation test set excluded from training']
C3-EN-GRA-0159__INST,C3-EN-GRA-0159,adaptation_activity,activity_instruction,C3-EN-GRA-0159,adaptation_test,success,missing,adaptation_test_excluded,False,False,['Adaptation activity parent / adaptation test set excluded from training']
C3-EN-GRA-0159__PROMPT,C3-EN-GRA-0159,adaptation_activity,activity_prompt,C3-EN-GRA-0159,adaptation_test,success,missing,adaptation_test_excluded,False,False,['Adaptation activity parent / adaptation test set excluded from training']
C3-EN-GRA-0160__INST,C3-EN-GRA-0160,adaptation_activity,activity_instruction,C3-EN-GRA-0160,adaptation_test,success,missing,adaptation_test_excluded,False,False,['Adaptation activity parent / adaptation test set excluded from training']
C3-EN-GRA-0160__PROMPT,C3-EN-GRA-0160,adaptation_activity,activity_prompt,C3-EN-GRA-0160,adaptation_test,success,missing,adaptation_test_excluded,False,False,['Adaptation activity parent / adaptation test set excluded from training']
C3-EN-GRA-0161__INST,C3-EN-GRA-0161,adaptation_activity,activity_instruction,C3-EN-GRA-0161,adaptation_test,success,missing,adaptation_test_excluded,False,False,['Adaptation activity parent / adaptation test set excluded from training']
C3-EN-GRA-0161__PROMPT,C3-EN-GRA-0161,adaptation_activity,activity_prompt,C3-EN-GRA-0161,adaptation_test,success,missing,adaptation_test_excluded,False,False,['Adaptation activity parent / adaptation test set excluded from training']
C3-EN-GRA-0162__INST,C3-EN-GRA-0162,adaptation_activity,activity_instruction,C3-EN-GRA-0162,adaptation_test,success,missing,adaptation_test_excluded,False,False,['Adaptation activity parent / adaptation test set excluded from training']
C3-EN-GRA-0162__PROMPT,C3-EN-GRA-0162,adaptation_activity,activity_prompt,C3-EN-GRA-0162,adaptation_test,success,missing,adaptation_test_excluded,False,False,['Adaptation activity parent / adaptation test set excluded from training']
C3-EN-COM-0191__INST,C3-EN-COM-0191,adaptation_activity,activity_instruction,C3-EN-COM-0191,adaptation_test,success,missing,adaptation_test_excluded,False,False,['Adaptation activity parent / adaptation test set excluded from training']
C3-EN-COM-0191__PROMPT,C3-EN-COM-0191,adaptation_activity,activity_prompt,C3-EN-COM-0191,adaptation_test,success,missing,adaptation_test_excluded,False,False,['Adaptation activity parent / adaptation test set excluded from training']
C3-EN-COM-0192__INST,C3-EN-COM-0192,adaptation_activity,activity_instruction,C3-EN-COM-0192,adaptation_test,success,missing,adaptation_test_excluded,False,False,['Adaptation activity parent / adaptation test set excluded from training']
C3-EN-COM-0192__PROMPT,C3-EN-COM-0192,adaptation_activity,activity_prompt,C3-EN-COM-0192,adaptation_test,success,missing,adaptation_test_excluded,False,False,['Adaptation activity parent / adaptation test set excluded from training']
C3-EN-COM-0193__INST,C3-EN-COM-0193,adaptation_activity,activity_instruction,C3-EN-COM-0193,adaptation_test,success,missing,adaptation_test_excluded,False,False,['Adaptation activity parent / adaptation test set excluded from training']
C3-EN-COM-0193__PROMPT,C3-EN-COM-0193,adaptation_activity,activity_prompt,C3-EN-COM-0193,adaptation_test,success,missing,adaptation_test_excluded,False,False,['Adaptation activity parent / adaptation test set excluded from training']
C3-EN-COM-0194__INST,C3-EN-COM-0194,adaptation_activity,activity_instruction,C3-EN-COM-0194,adaptation_test,success,missing,adaptation_test_excluded,False,False,['Adaptation activity parent / adaptation test set excluded from training']
C3-EN-COM-0194__PROMPT,C3-EN-COM-0194,adaptation_activity,activity_prompt,C3-EN-COM-0194,adaptation_test,success,missing,adaptation_test_excluded,False,False,['Adaptation activity parent / adaptation test set excluded from training']
C3-EN-COM-0195__INST,C3-EN-COM-0195,adaptation_activity,activity_instruction,C3-EN-COM-0195,adaptation_test,success,missing,adaptation_test_excluded,False,False,['Adaptation activity parent / adaptation test set excluded from training']
C3-EN-COM-0195__PROMPT,C3-EN-COM-0195,adaptation_activity,activity_prompt,C3-EN-COM-0195,adaptation_test,success,missing,adaptation_test_excluded,False,False,['Adaptation activity parent / adaptation test set excluded from training']
C3-EN-INS-0229__INST,C3-EN-INS-0229,adaptation_activity,activity_instruction,C3-EN-INS-0229,adaptation_test,success,missing,adaptation_test_excluded,False,False,['Adaptation activity parent / adaptation test set excluded from training']
C3-EN-INS-0229__PROMPT,C3-EN-INS-0229,adaptation_activity,activity_prompt,C3-EN-INS-0229,adaptation_test,success,missing,adaptation_test_excluded,False,False,['Adaptation activity parent / adaptation test set excluded from training']
C3-EN-INS-0230__INST,C3-EN-INS-0230,adaptation_activity,activity_instruction,C3-EN-INS-0230,adaptation_test,success,missing,adaptation_test_excluded,False,False,['Adaptation activity parent / adaptation test set excluded from training']
C3-EN-INS-0230__PROMPT,C3-EN-INS-0230,adaptation_activity,activity_prompt,C3-EN-INS-0230,adaptation_test,success,missing,adaptation_test_excluded,False,False,['Adaptation activity parent / adaptation test set excluded from training']
C3-EN-INS-0231__INST,C3-EN-INS-0231,adaptation_activity,activity_instruction,C3-EN-INS-0231,adaptation_test,success,missing,adaptation_test_excluded,False,False,['Adaptation activity parent / adaptation test set excluded from training']
C3-EN-INS-0231__PROMPT,C3-EN-INS-0231,adaptation_activity,activity_prompt,C3-EN-INS-0231,adaptation_test,success,missing,adaptation_test_excluded,False,False,['Adaptation activity parent / adaptation test set excluded from training']
C3-EN-INS-0232__INST,C3-EN-INS-0232,adaptation_activity,activity_instruction,C3-EN-INS-0232,adaptation_test,success,missing,adaptation_test_excluded,False,False,['Adaptation activity parent / adaptation test set excluded from training']
C3-EN-INS-0232__PROMPT,C3-EN-INS-0232,adaptation_activity,activity_prompt,C3-EN-INS-0232,adaptation_test,success,missing,adaptation_test_excluded,False,False,['Adaptation activity parent / adaptation test set excluded from training']
C3-EN-INS-0233__INST,C3-EN-INS-0233,adaptation_activity,activity_instruction,C3-EN-INS-0233,adaptation_test,success,missing,adaptation_test_excluded,False,False,['Adaptation activity parent / adaptation test set excluded from training']
C3-EN-INS-0233__PROMPT,C3-EN-INS-0233,adaptation_activity,activity_prompt,C3-EN-INS-0233,adaptation_test,success,missing,adaptation_test_excluded,False,False,['Adaptation activity parent / adaptation test set excluded from training']
C3-EN-INS-0234__INST,C3-EN-INS-0234,adaptation_activity,activity_instruction,C3-EN-INS-0234,adaptation_test,success,missing,adaptation_test_excluded,False,False,['Adaptation activity parent / adaptation test set excluded from training']
C3-EN-INS-0234__PROMPT,C3-EN-INS-0234,adaptation_activity,activity_prompt,C3-EN-INS-0234,adaptation_test,success,missing,adaptation_test_excluded,False,False,['Adaptation activity parent / adaptation test set excluded from training']
C3-EN-INS-0235__INST,C3-EN-INS-0235,adaptation_activity,activity_instruction,C3-EN-INS-0235,adaptation_test,success,missing,adaptation_test_excluded,False,False,['Adaptation activity parent / adaptation test set excluded from training']
C3-EN-INS-0235__PROMPT,C3-EN-INS-0235,adaptation_activity,activity_prompt,C3-EN-INS-0235,adaptation_test,success,missing,adaptation_test_excluded,False,False,['Adaptation activity parent / adaptation test set excluded from training']
C3-EN-INS-0236__INST,C3-EN-INS-0236,adaptation_activity,activity_instruction,C3-EN-INS-0236,adaptation_test,success,missing,adaptation_test_excluded,False,False,['Adaptation activity parent / adaptation test set excluded from training']
C3-EN-INS-0236__PROMPT,C3-EN-INS-0236,adaptation_activity,activity_prompt,C3-EN-INS-0236,adaptation_test,success,missing,adaptation_test_excluded,False,False,['Adaptation activity parent / adaptation test set excluded from training']
C3-EN-VOC-0123__INST,C3-EN-VOC-0123,adaptation_activity,activity_instruction,C3-EN-VOC-0123,adaptation_test,success,missing,adaptation_test_excluded,False,False,['Adaptation activity parent / adaptation test set excluded from training']
C3-EN-VOC-0123__PROMPT,C3-EN-VOC-0123,adaptation_activity,activity_prompt,C3-EN-VOC-0123,adaptation_test,success,missing,adaptation_test_excluded,False,False,['Adaptation activity parent / adaptation test set excluded from training']
C3-EN-VOC-0124__INST,C3-EN-VOC-0124,adaptation_activity,activity_instruction,C3-EN-VOC-0124,adaptation_test,success,missing,adaptation_test_excluded,False,False,['Adaptation activity parent / adaptation test set excluded from training']
C3-EN-VOC-0124__PROMPT,C3-EN-VOC-0124,adaptation_activity,activity_prompt,C3-EN-VOC-0124,adaptation_test,success,missing,adaptation_test_excluded,False,False,['Adaptation activity parent / adaptation test set excluded from training']
C3-EN-VOC-0125__INST,C3-EN-VOC-0125,adaptation_activity,activity_instruction,C3-EN-VOC-0125,adaptation_test,success,missing,adaptation_test_excluded,False,False,['Adaptation activity parent / adaptation test set excluded from training']
C3-EN-VOC-0125__PROMPT,C3-EN-VOC-0125,adaptation_activity,activity_prompt,C3-EN-VOC-0125,adaptation_test,success,missing,adaptation_test_excluded,False,False,['Adaptation activity parent / adaptation test set excluded from training']
C3-EN-VOC-0126__INST,C3-EN-VOC-0126,adaptation_activity,activity_instruction,C3-EN-VOC-0126,adaptation_test,success,missing,adaptation_test_excluded,False,False,['Adaptation activity parent / adaptation test set excluded from training']
C3-EN-VOC-0126__PROMPT,C3-EN-VOC-0126,adaptation_activity,activity_prompt,C3-EN-VOC-0126,adaptation_test,success,missing,adaptation_test_excluded,False,False,['Adaptation activity parent / adaptation test set excluded from training']
C3-EN-VOC-0127__INST,C3-EN-VOC-0127,adaptation_activity,activity_instruction,C3-EN-VOC-0127,adaptation_test,success,missing,adaptation_test_excluded,False,False,['Adaptation activity parent / adaptation test set excluded from training']
C3-EN-VOC-0127__PROMPT,C3-EN-VOC-0127,adaptation_activity,activity_prompt,C3-EN-VOC-0127,adaptation_test,success,missing,adaptation_test_excluded,False,False,['Adaptation activity parent / adaptation test set excluded from training']
C3-EN-GRA-0163__INST,C3-EN-GRA-0163,adaptation_activity,activity_instruction,C3-EN-GRA-0163,adaptation_test,success,missing,adaptation_test_excluded,False,False,['Adaptation activity parent / adaptation test set excluded from training']
C3-EN-GRA-0163__PROMPT,C3-EN-GRA-0163,adaptation_activity,activity_prompt,C3-EN-GRA-0163,adaptation_test,success,missing,adaptation_test_excluded,False,False,['Adaptation activity parent / adaptation test set excluded from training']
C3-EN-GRA-0164__INST,C3-EN-GRA-0164,adaptation_activity,activity_instruction,C3-EN-GRA-0164,adaptation_test,success,missing,adaptation_test_excluded,False,False,['Adaptation activity parent / adaptation test set excluded from training']
C3-EN-GRA-0164__PROMPT,C3-EN-GRA-0164,adaptation_activity,activity_prompt,C3-EN-GRA-0164,adaptation_test,success,missing,adaptation_test_excluded,False,False,['Adaptation activity parent / adaptation test set excluded from training']
C3-EN-GRA-0165__INST,C3-EN-GRA-0165,adaptation_activity,activity_instruction,C3-EN-GRA-0165,adaptation_test,success,missing,adaptation_test_excluded,False,False,['Adaptation activity parent / adaptation test set excluded from training']
C3-EN-GRA-0165__PROMPT,C3-EN-GRA-0165,adaptation_activity,activity_prompt,C3-EN-GRA-0165,adaptation_test,success,missing,adaptation_test_excluded,False,False,['Adaptation activity parent / adaptation test set excluded from training']
C3-EN-GRA-0166__INST,C3-EN-GRA-0166,adaptation_activity,activity_instruction,C3-EN-GRA-0166,adaptation_test,success,missing,adaptation_test_excluded,False,False,['Adaptation activity parent / adaptation test set excluded from training']
C3-EN-GRA-0166__PROMPT,C3-EN-GRA-0166,adaptation_activity,activity_prompt,C3-EN-GRA-0166,adaptation_test,success,missing,adaptation_test_excluded,False,False,['Adaptation activity parent / adaptation test set excluded from training']
C3-EN-GRA-0167__INST,C3-EN-GRA-0167,adaptation_activity,activity_instruction,C3-EN-GRA-0167,adaptation_test,success,missing,adaptation_test_excluded,False,False,['Adaptation activity parent / adaptation test set excluded from training']
C3-EN-GRA-0167__PROMPT,C3-EN-GRA-0167,adaptation_activity,activity_prompt,C3-EN-GRA-0167,adaptation_test,success,missing,adaptation_test_excluded,False,False,['Adaptation activity parent / adaptation test set excluded from training']
C3-EN-COM-0196__INST,C3-EN-COM-0196,adaptation_activity,activity_instruction,C3-EN-COM-0196,adaptation_test,success,missing,adaptation_test_excluded,False,False,['Adaptation activity parent / adaptation test set excluded from training']
C3-EN-COM-0196__PROMPT,C3-EN-COM-0196,adaptation_activity,activity_prompt,C3-EN-COM-0196,adaptation_test,success,missing,adaptation_test_excluded,False,False,['Adaptation activity parent / adaptation test set excluded from training']
C3-EN-COM-0197__INST,C3-EN-COM-0197,adaptation_activity,activity_instruction,C3-EN-COM-0197,adaptation_test,success,missing,adaptation_test_excluded,False,False,['Adaptation activity parent / adaptation test set excluded from training']
C3-EN-COM-0197__PROMPT,C3-EN-COM-0197,adaptation_activity,activity_prompt,C3-EN-COM-0197,adaptation_test,success,missing,adaptation_test_excluded,False,False,['Adaptation activity parent / adaptation test set excluded from training']
C3-EN-COM-0198__INST,C3-EN-COM-0198,adaptation_activity,activity_instruction,C3-EN-COM-0198,adaptation_test,success,missing,adaptation_test_excluded,False,False,['Adaptation activity parent / adaptation test set excluded from training']
C3-EN-COM-0198__PROMPT,C3-EN-COM-0198,adaptation_activity,activity_prompt,C3-EN-COM-0198,adaptation_test,success,missing,adaptation_test_excluded,False,False,['Adaptation activity parent / adaptation test set excluded from training']
C3-EN-COM-0199__INST,C3-EN-COM-0199,adaptation_activity,activity_instruction,C3-EN-COM-0199,adaptation_test,success,missing,adaptation_test_excluded,False,False,['Adaptation activity parent / adaptation test set excluded from training']
C3-EN-COM-0199__PROMPT,C3-EN-COM-0199,adaptation_activity,activity_prompt,C3-EN-COM-0199,adaptation_test,success,missing,adaptation_test_excluded,False,False,['Adaptation activity parent / adaptation test set excluded from training']
C3-EN-COM-0200__INST,C3-EN-COM-0200,adaptation_activity,activity_instruction,C3-EN-COM-0200,adaptation_test,success,missing,adaptation_test_excluded,False,False,['Adaptation activity parent / adaptation test set excluded from training']
C3-EN-COM-0200__PROMPT,C3-EN-COM-0200,adaptation_activity,activity_prompt,C3-EN-COM-0200,adaptation_test,success,missing,adaptation_test_excluded,False,False,['Adaptation activity parent / adaptation test set excluded from training']
C3-EN-COM-0201__INST,C3-EN-COM-0201,adaptation_activity,activity_instruction,C3-EN-COM-0201,adaptation_test,success,missing,adaptation_test_excluded,False,False,['Adaptation activity parent / adaptation test set excluded from training']
C3-EN-COM-0201__PROMPT,C3-EN-COM-0201,adaptation_activity,activity_prompt,C3-EN-COM-0201,adaptation_test,success,missing,adaptation_test_excluded,False,False,['Adaptation activity parent / adaptation test set excluded from training']
C3-EN-COM-0202__INST,C3-EN-COM-0202,adaptation_activity,activity_instruction,C3-EN-COM-0202,adaptation_test,success,missing,adaptation_test_excluded,False,False,['Adaptation activity parent / adaptation test set excluded from training']
C3-EN-COM-0202__PROMPT,C3-EN-COM-0202,adaptation_activity,activity_prompt,C3-EN-COM-0202,adaptation_test,success,missing,adaptation_test_excluded,False,False,['Adaptation activity parent / adaptation test set excluded from training']
C3-EN-COM-0203__INST,C3-EN-COM-0203,adaptation_activity,activity_instruction,C3-EN-COM-0203,adaptation_test,success,missing,adaptation_test_excluded,False,False,['Adaptation activity parent / adaptation test set excluded from training']
C3-EN-COM-0203__PROMPT,C3-EN-COM-0203,adaptation_activity,activity_prompt,C3-EN-COM-0203,adaptation_test,success,missing,adaptation_test_excluded,False,False,['Adaptation activity parent / adaptation test set excluded from training']
C3-EN-INS-0237__INST,C3-EN-INS-0237,adaptation_activity,activity_instruction,C3-EN-INS-0237,adaptation_test,success,missing,adaptation_test_excluded,False,False,['Adaptation activity parent / adaptation test set excluded from training']
C3-EN-INS-0237__PROMPT,C3-EN-INS-0237,adaptation_activity,activity_prompt,C3-EN-INS-0237,adaptation_test,success,missing,adaptation_test_excluded,False,False,['Adaptation activity parent / adaptation test set excluded from training']
C3-EN-INS-0238__INST,C3-EN-INS-0238,adaptation_activity,activity_instruction,C3-EN-INS-0238,adaptation_test,success,missing,adaptation_test_excluded,False,False,['Adaptation activity parent / adaptation test set excluded from training']
C3-EN-INS-0238__PROMPT,C3-EN-INS-0238,adaptation_activity,activity_prompt,C3-EN-INS-0238,adaptation_test,success,missing,adaptation_test_excluded,False,False,['Adaptation activity parent / adaptation test set excluded from training']
C3-EN-INS-0239__INST,C3-EN-INS-0239,adaptation_activity,activity_instruction,C3-EN-INS-0239,adaptation_test,success,missing,adaptation_test_excluded,False,False,['Adaptation activity parent / adaptation test set excluded from training']
C3-EN-INS-0239__PROMPT,C3-EN-INS-0239,adaptation_activity,activity_prompt,C3-EN-INS-0239,adaptation_test,success,missing,adaptation_test_excluded,False,False,['Adaptation activity parent / adaptation test set excluded from training']
C3-EN-INS-0240__INST,C3-EN-INS-0240,adaptation_activity,activity_instruction,C3-EN-INS-0240,adaptation_test,success,missing,adaptation_test_excluded,False,False,['Adaptation activity parent / adaptation test set excluded from training']
C3-EN-INS-0240__PROMPT,C3-EN-INS-0240,adaptation_activity,activity_prompt,C3-EN-INS-0240,adaptation_test,success,missing,adaptation_test_excluded,False,False,['Adaptation activity parent / adaptation test set excluded from training']
C3-EN-INS-0241__INST,C3-EN-INS-0241,adaptation_activity,activity_instruction,C3-EN-INS-0241,adaptation_test,success,missing,adaptation_test_excluded,False,False,['Adaptation activity parent / adaptation test set excluded from training']
C3-EN-INS-0241__PROMPT,C3-EN-INS-0241,adaptation_activity,activity_prompt,C3-EN-INS-0241,adaptation_test,success,missing,adaptation_test_excluded,False,False,['Adaptation activity parent / adaptation test set excluded from training']
C3-EN-INS-0242__INST,C3-EN-INS-0242,adaptation_activity,activity_instruction,C3-EN-INS-0242,adaptation_test,success,missing,adaptation_test_excluded,False,False,['Adaptation activity parent / adaptation test set excluded from training']
C3-EN-INS-0242__PROMPT,C3-EN-INS-0242,adaptation_activity,activity_prompt,C3-EN-INS-0242,adaptation_test,success,missing,adaptation_test_excluded,False,False,['Adaptation activity parent / adaptation test set excluded from training']
C3-EN-INS-0243__INST,C3-EN-INS-0243,adaptation_activity,activity_instruction,C3-EN-INS-0243,adaptation_test,success,missing,adaptation_test_excluded,False,False,['Adaptation activity parent / adaptation test set excluded from training']
C3-EN-INS-0243__PROMPT,C3-EN-INS-0243,adaptation_activity,activity_prompt,C3-EN-INS-0243,adaptation_test,success,missing,adaptation_test_excluded,False,False,['Adaptation activity parent / adaptation test set excluded from training']
C3-EN-VOC-0128__INST,C3-EN-VOC-0128,adaptation_activity,activity_instruction,C3-EN-VOC-0128,adaptation_test,success,missing,adaptation_test_excluded,False,False,['Adaptation activity parent / adaptation test set excluded from training']
C3-EN-VOC-0128__PROMPT,C3-EN-VOC-0128,adaptation_activity,activity_prompt,C3-EN-VOC-0128,adaptation_test,success,missing,adaptation_test_excluded,False,False,['Adaptation activity parent / adaptation test set excluded from training']
C3-EN-VOC-0129__INST,C3-EN-VOC-0129,adaptation_activity,activity_instruction,C3-EN-VOC-0129,adaptation_test,success,missing,adaptation_test_excluded,False,False,['Adaptation activity parent / adaptation test set excluded from training']
C3-EN-VOC-0129__PROMPT,C3-EN-VOC-0129,adaptation_activity,activity_prompt,C3-EN-VOC-0129,adaptation_test,success,missing,adaptation_test_excluded,False,False,['Adaptation activity parent / adaptation test set excluded from training']
C3-EN-VOC-0130__INST,C3-EN-VOC-0130,adaptation_activity,activity_instruction,C3-EN-VOC-0130,adaptation_test,success,missing,adaptation_test_excluded,False,False,['Adaptation activity parent / adaptation test set excluded from training']
C3-EN-VOC-0130__PROMPT,C3-EN-VOC-0130,adaptation_activity,activity_prompt,C3-EN-VOC-0130,adaptation_test,success,missing,adaptation_test_excluded,False,False,['Adaptation activity parent / adaptation test set excluded from training']
C3-EN-VOC-0131__INST,C3-EN-VOC-0131,adaptation_activity,activity_instruction,C3-EN-VOC-0131,adaptation_test,success,missing,adaptation_test_excluded,False,False,['Adaptation activity parent / adaptation test set excluded from training']
C3-EN-VOC-0131__PROMPT,C3-EN-VOC-0131,adaptation_activity,activity_prompt,C3-EN-VOC-0131,adaptation_test,success,missing,adaptation_test_excluded,False,False,['Adaptation activity parent / adaptation test set excluded from training']
C3-EN-VOC-0132__INST,C3-EN-VOC-0132,adaptation_activity,activity_instruction,C3-EN-VOC-0132,adaptation_test,success,missing,adaptation_test_excluded,False,False,['Adaptation activity parent / adaptation test set excluded from training']
C3-EN-VOC-0132__PROMPT,C3-EN-VOC-0132,adaptation_activity,activity_prompt,C3-EN-VOC-0132,adaptation_test,success,missing,adaptation_test_excluded,False,False,['Adaptation activity parent / adaptation test set excluded from training']
C3-EN-VOC-0133__INST,C3-EN-VOC-0133,adaptation_activity,activity_instruction,C3-EN-VOC-0133,adaptation_test,success,missing,adaptation_test_excluded,False,False,['Adaptation activity parent / adaptation test set excluded from training']
C3-EN-VOC-0133__PROMPT,C3-EN-VOC-0133,adaptation_activity,activity_prompt,C3-EN-VOC-0133,adaptation_test,success,missing,adaptation_test_excluded,False,False,['Adaptation activity parent / adaptation test set excluded from training']
C3-EN-VOC-0134__INST,C3-EN-VOC-0134,adaptation_activity,activity_instruction,C3-EN-VOC-0134,adaptation_test,success,missing,adaptation_test_excluded,False,False,['Adaptation activity parent / adaptation test set excluded from training']
C3-EN-VOC-0134__PROMPT,C3-EN-VOC-0134,adaptation_activity,activity_prompt,C3-EN-VOC-0134,adaptation_test,success,missing,adaptation_test_excluded,False,False,['Adaptation activity parent / adaptation test set excluded from training']
C3-EN-VOC-0135__INST,C3-EN-VOC-0135,adaptation_activity,activity_instruction,C3-EN-VOC-0135,adaptation_test,success,missing,adaptation_test_excluded,False,False,['Adaptation activity parent / adaptation test set excluded from training']
C3-EN-VOC-0135__PROMPT,C3-EN-VOC-0135,adaptation_activity,activity_prompt,C3-EN-VOC-0135,adaptation_test,success,missing,adaptation_test_excluded,False,False,['Adaptation activity parent / adaptation test set excluded from training']
C3-EN-VOC-0136__INST,C3-EN-VOC-0136,adaptation_activity,activity_instruction,C3-EN-VOC-0136,adaptation_test,success,missing,adaptation_test_excluded,False,False,['Adaptation activity parent / adaptation test set excluded from training']
C3-EN-VOC-0136__PROMPT,C3-EN-VOC-0136,adaptation_activity,activity_prompt,C3-EN-VOC-0136,adaptation_test,success,missing,adaptation_test_excluded,False,False,['Adaptation activity parent / adaptation test set excluded from training']
C3-EN-VOC-0137__INST,C3-EN-VOC-0137,adaptation_activity,activity_instruction,C3-EN-VOC-0137,adaptation_test,success,missing,adaptation_test_excluded,False,False,['Adaptation activity parent / adaptation test set excluded from training']
C3-EN-VOC-0137__PROMPT,C3-EN-VOC-0137,adaptation_activity,activity_prompt,C3-EN-VOC-0137,adaptation_test,success,missing,adaptation_test_excluded,False,False,['Adaptation activity parent / adaptation test set excluded from training']
C3-EN-GRA-0168__INST,C3-EN-GRA-0168,adaptation_activity,activity_instruction,C3-EN-GRA-0168,adaptation_test,success,missing,adaptation_test_excluded,False,False,['Adaptation activity parent / adaptation test set excluded from training']
C3-EN-GRA-0168__PROMPT,C3-EN-GRA-0168,adaptation_activity,activity_prompt,C3-EN-GRA-0168,adaptation_test,manual_review_required,missing,adaptation_test_excluded,False,False,['Adaptation activity parent / adaptation test set excluded from training']
C3-EN-GRA-0169__INST,C3-EN-GRA-0169,adaptation_activity,activity_instruction,C3-EN-GRA-0169,adaptation_test,success,missing,adaptation_test_excluded,False,False,['Adaptation activity parent / adaptation test set excluded from training']
C3-EN-GRA-0169__PROMPT,C3-EN-GRA-0169,adaptation_activity,activity_prompt,C3-EN-GRA-0169,adaptation_test,manual_review_required,missing,adaptation_test_excluded,False,False,['Adaptation activity parent / adaptation test set excluded from training']
C3-EN-GRA-0170__INST,C3-EN-GRA-0170,adaptation_activity,activity_instruction,C3-EN-GRA-0170,adaptation_test,success,missing,adaptation_test_excluded,False,False,['Adaptation activity parent / adaptation test set excluded from training']
C3-EN-GRA-0170__PROMPT,C3-EN-GRA-0170,adaptation_activity,activity_prompt,C3-EN-GRA-0170,adaptation_test,manual_review_required,missing,adaptation_test_excluded,False,False,['Adaptation activity parent / adaptation test set excluded from training']
C3-EN-GRA-0171__INST,C3-EN-GRA-0171,adaptation_activity,activity_instruction,C3-EN-GRA-0171,adaptation_test,success,missing,adaptation_test_excluded,False,False,['Adaptation activity parent / adaptation test set excluded from training']
C3-EN-GRA-0171__PROMPT,C3-EN-GRA-0171,adaptation_activity,activity_prompt,C3-EN-GRA-0171,adaptation_test,manual_review_required,missing,adaptation_test_excluded,False,False,['Adaptation activity parent / adaptation test set excluded from training']
C3-EN-GRA-0172__INST,C3-EN-GRA-0172,adaptation_activity,activity_instruction,C3-EN-GRA-0172,adaptation_test,success,missing,adaptation_test_excluded,False,False,['Adaptation activity parent / adaptation test set excluded from training']
C3-EN-GRA-0172__PROMPT,C3-EN-GRA-0172,adaptation_activity,activity_prompt,C3-EN-GRA-0172,adaptation_test,manual_review_required,missing,adaptation_test_excluded,False,False,['Adaptation activity parent / adaptation test set excluded from training']
C3-EN-GRA-0173__INST,C3-EN-GRA-0173,adaptation_activity,activity_instruction,C3-EN-GRA-0173,adaptation_test,success,missing,adaptation_test_excluded,False,False,['Adaptation activity parent / adaptation test set excluded from training']
C3-EN-GRA-0173__PROMPT,C3-EN-GRA-0173,adaptation_activity,activity_prompt,C3-EN-GRA-0173,adaptation_test,manual_review_required,missing,adaptation_test_excluded,False,False,['Adaptation activity parent / adaptation test set excluded from training']
C3-EN-GRA-0174__INST,C3-EN-GRA-0174,adaptation_activity,activity_instruction,C3-EN-GRA-0174,adaptation_test,success,missing,adaptation_test_excluded,False,False,['Adaptation activity parent / adaptation test set excluded from training']
C3-EN-GRA-0174__PROMPT,C3-EN-GRA-0174,adaptation_activity,activity_prompt,C3-EN-GRA-0174,adaptation_test,manual_review_required,missing,adaptation_test_excluded,False,False,['Adaptation activity parent / adaptation test set excluded from training']
C3-EN-GRA-0175__INST,C3-EN-GRA-0175,adaptation_activity,activity_instruction,C3-EN-GRA-0175,adaptation_test,success,missing,adaptation_test_excluded,False,False,['Adaptation activity parent / adaptation test set excluded from training']
C3-EN-GRA-0175__PROMPT,C3-EN-GRA-0175,adaptation_activity,activity_prompt,C3-EN-GRA-0175,adaptation_test,manual_review_required,missing,adaptation_test_excluded,False,False,['Adaptation activity parent / adaptation test set excluded from training']
C3-EN-COM-0204__INST,C3-EN-COM-0204,adaptation_activity,activity_instruction,C3-EN-COM-0204,adaptation_test,success,missing,adaptation_test_excluded,False,False,['Adaptation activity parent / adaptation test set excluded from training']
C3-EN-COM-0204__PROMPT,C3-EN-COM-0204,adaptation_activity,activity_prompt,C3-EN-COM-0204,adaptation_test,success,missing,adaptation_test_excluded,False,False,['Adaptation activity parent / adaptation test set excluded from training']
C3-EN-COM-0205__INST,C3-EN-COM-0205,adaptation_activity,activity_instruction,C3-EN-COM-0205,adaptation_test,success,missing,adaptation_test_excluded,False,False,['Adaptation activity parent / adaptation test set excluded from training']
C3-EN-COM-0205__PROMPT,C3-EN-COM-0205,adaptation_activity,activity_prompt,C3-EN-COM-0205,adaptation_test,success,missing,adaptation_test_excluded,False,False,['Adaptation activity parent / adaptation test set excluded from training']
C3-EN-COM-0206__INST,C3-EN-COM-0206,adaptation_activity,activity_instruction,C3-EN-COM-0206,adaptation_test,success,missing,adaptation_test_excluded,False,False,['Adaptation activity parent / adaptation test set excluded from training']
C3-EN-COM-0206__PROMPT,C3-EN-COM-0206,adaptation_activity,activity_prompt,C3-EN-COM-0206,adaptation_test,success,missing,adaptation_test_excluded,False,False,['Adaptation activity parent / adaptation test set excluded from training']
C3-EN-COM-0207__INST,C3-EN-COM-0207,adaptation_activity,activity_instruction,C3-EN-COM-0207,adaptation_test,success,missing,adaptation_test_excluded,False,False,['Adaptation activity parent / adaptation test set excluded from training']
C3-EN-COM-0207__PROMPT,C3-EN-COM-0207,adaptation_activity,activity_prompt,C3-EN-COM-0207,adaptation_test,success,missing,adaptation_test_excluded,False,False,['Adaptation activity parent / adaptation test set excluded from training']
C3-EN-COM-0208__INST,C3-EN-COM-0208,adaptation_activity,activity_instruction,C3-EN-COM-0208,adaptation_test,success,missing,adaptation_test_excluded,False,False,['Adaptation activity parent / adaptation test set excluded from training']
C3-EN-COM-0208__PROMPT,C3-EN-COM-0208,adaptation_activity,activity_prompt,C3-EN-COM-0208,adaptation_test,success,missing,adaptation_test_excluded,False,False,['Adaptation activity parent / adaptation test set excluded from training']
C3-EN-COM-0209__INST,C3-EN-COM-0209,adaptation_activity,activity_instruction,C3-EN-COM-0209,adaptation_test,success,missing,adaptation_test_excluded,False,False,['Adaptation activity parent / adaptation test set excluded from training']
C3-EN-COM-0209__PROMPT,C3-EN-COM-0209,adaptation_activity,activity_prompt,C3-EN-COM-0209,adaptation_test,success,missing,adaptation_test_excluded,False,False,['Adaptation activity parent / adaptation test set excluded from training']
C3-EN-COM-0210__INST,C3-EN-COM-0210,adaptation_activity,activity_instruction,C3-EN-COM-0210,adaptation_test,success,missing,adaptation_test_excluded,False,False,['Adaptation activity parent / adaptation test set excluded from training']
C3-EN-COM-0210__PROMPT,C3-EN-COM-0210,adaptation_activity,activity_prompt,C3-EN-COM-0210,adaptation_test,success,missing,adaptation_test_excluded,False,False,['Adaptation activity parent / adaptation test set excluded from training']
C3-EN-COM-0211__INST,C3-EN-COM-0211,adaptation_activity,activity_instruction,C3-EN-COM-0211,adaptation_test,success,missing,adaptation_test_excluded,False,False,['Adaptation activity parent / adaptation test set excluded from training']
C3-EN-COM-0211__PROMPT,C3-EN-COM-0211,adaptation_activity,activity_prompt,C3-EN-COM-0211,adaptation_test,success,missing,adaptation_test_excluded,False,False,['Adaptation activity parent / adaptation test set excluded from training']
C3-EN-COM-0212__INST,C3-EN-COM-0212,adaptation_activity,activity_instruction,C3-EN-COM-0212,adaptation_test,success,missing,adaptation_test_excluded,False,False,['Adaptation activity parent / adaptation test set excluded from training']
C3-EN-COM-0212__PROMPT,C3-EN-COM-0212,adaptation_activity,activity_prompt,C3-EN-COM-0212,adaptation_test,success,missing,adaptation_test_excluded,False,False,['Adaptation activity parent / adaptation test set excluded from training']
C3-EN-COM-0213__INST,C3-EN-COM-0213,adaptation_activity,activity_instruction,C3-EN-COM-0213,adaptation_test,success,missing,adaptation_test_excluded,False,False,['Adaptation activity parent / adaptation test set excluded from training']
C3-EN-COM-0213__PROMPT,C3-EN-COM-0213,adaptation_activity,activity_prompt,C3-EN-COM-0213,adaptation_test,success,missing,adaptation_test_excluded,False,False,['Adaptation activity parent / adaptation test set excluded from training']
C3-EN-INS-0244__INST,C3-EN-INS-0244,adaptation_activity,activity_instruction,C3-EN-INS-0244,adaptation_test,success,missing,adaptation_test_excluded,False,False,['Adaptation activity parent / adaptation test set excluded from training']
C3-EN-INS-0244__PROMPT,C3-EN-INS-0244,adaptation_activity,activity_prompt,C3-EN-INS-0244,adaptation_test,success,missing,adaptation_test_excluded,False,False,['Adaptation activity parent / adaptation test set excluded from training']
C3-EN-INS-0245__INST,C3-EN-INS-0245,adaptation_activity,activity_instruction,C3-EN-INS-0245,adaptation_test,success,missing,adaptation_test_excluded,False,False,['Adaptation activity parent / adaptation test set excluded from training']
C3-EN-INS-0245__PROMPT,C3-EN-INS-0245,adaptation_activity,activity_prompt,C3-EN-INS-0245,adaptation_test,success,missing,adaptation_test_excluded,False,False,['Adaptation activity parent / adaptation test set excluded from training']
C3-EN-INS-0246__INST,C3-EN-INS-0246,adaptation_activity,activity_instruction,C3-EN-INS-0246,adaptation_test,success,missing,adaptation_test_excluded,False,False,['Adaptation activity parent / adaptation test set excluded from training']
C3-EN-INS-0246__PROMPT,C3-EN-INS-0246,adaptation_activity,activity_prompt,C3-EN-INS-0246,adaptation_test,success,missing,adaptation_test_excluded,False,False,['Adaptation activity parent / adaptation test set excluded from training']
C3-EN-INS-0247__INST,C3-EN-INS-0247,adaptation_activity,activity_instruction,C3-EN-INS-0247,adaptation_test,success,missing,adaptation_test_excluded,False,False,['Adaptation activity parent / adaptation test set excluded from training']
C3-EN-INS-0247__PROMPT,C3-EN-INS-0247,adaptation_activity,activity_prompt,C3-EN-INS-0247,adaptation_test,success,missing,adaptation_test_excluded,False,False,['Adaptation activity parent / adaptation test set excluded from training']
C3-EN-INS-0248__INST,C3-EN-INS-0248,adaptation_activity,activity_instruction,C3-EN-INS-0248,adaptation_test,success,missing,adaptation_test_excluded,False,False,['Adaptation activity parent / adaptation test set excluded from training']
C3-EN-INS-0248__PROMPT,C3-EN-INS-0248,adaptation_activity,activity_prompt,C3-EN-INS-0248,adaptation_test,success,missing,adaptation_test_excluded,False,False,['Adaptation activity parent / adaptation test set excluded from training']
C3-EN-INS-0249__INST,C3-EN-INS-0249,adaptation_activity,activity_instruction,C3-EN-INS-0249,adaptation_test,success,missing,adaptation_test_excluded,False,False,['Adaptation activity parent / adaptation test set excluded from training']
C3-EN-INS-0249__PROMPT,C3-EN-INS-0249,adaptation_activity,activity_prompt,C3-EN-INS-0249,adaptation_test,success,missing,adaptation_test_excluded,False,False,['Adaptation activity parent / adaptation test set excluded from training']
C3-EN-INS-0250__INST,C3-EN-INS-0250,adaptation_activity,activity_instruction,C3-EN-INS-0250,adaptation_test,success,missing,adaptation_test_excluded,False,False,['Adaptation activity parent / adaptation test set excluded from training']
C3-EN-INS-0250__PROMPT,C3-EN-INS-0250,adaptation_activity,activity_prompt,C3-EN-INS-0250,adaptation_test,success,missing,adaptation_test_excluded,False,False,['Adaptation activity parent / adaptation test set excluded from training']
C3-EN-INS-0251__INST,C3-EN-INS-0251,adaptation_activity,activity_instruction,C3-EN-INS-0251,adaptation_test,success,missing,adaptation_test_excluded,False,False,['Adaptation activity parent / adaptation test set excluded from training']
C3-EN-INS-0251__PROMPT,C3-EN-INS-0251,adaptation_activity,activity_prompt,C3-EN-INS-0251,adaptation_test,success,missing,adaptation_test_excluded,False,False,['Adaptation activity parent / adaptation test set excluded from training']
LEX-EN-000100__DEF,LEX-EN-000100,lexicon_entry,lexicon_definition,LEX-EN-000100,unassigned,manual_review_required,missing,missing_or_conflicting_label,False,False,['Label status is missing']
LEX-EN-000100__EX,LEX-EN-000100,lexicon_entry,lexicon_example,LEX-EN-000100,unassigned,success,missing,missing_or_conflicting_label,False,False,['Label status is missing']
LEX-EN-000101__DEF,LEX-EN-000101,lexicon_entry,lexicon_definition,LEX-EN-000101,unassigned,success,missing,missing_or_conflicting_label,False,False,['Label status is missing']
LEX-EN-000101__EX,LEX-EN-000101,lexicon_entry,lexicon_example,LEX-EN-000101,unassigned,success,missing,missing_or_conflicting_label,False,False,['Label status is missing']
LEX-EN-000102__DEF,LEX-EN-000102,lexicon_entry,lexicon_definition,LEX-EN-000102,unassigned,success,missing,missing_or_conflicting_label,False,False,['Label status is missing']
LEX-EN-000102__EX,LEX-EN-000102,lexicon_entry,lexicon_example,LEX-EN-000102,unassigned,success,missing,missing_or_conflicting_label,False,False,['Label status is missing']
LEX-EN-000103__DEF,LEX-EN-000103,lexicon_entry,lexicon_definition,LEX-EN-000103,unassigned,success,missing,missing_or_conflicting_label,False,False,['Label status is missing']
LEX-EN-000103__EX,LEX-EN-000103,lexicon_entry,lexicon_example,LEX-EN-000103,unassigned,success,missing,missing_or_conflicting_label,False,False,['Label status is missing']
LEX-EN-000104__DEF,LEX-EN-000104,lexicon_entry,lexicon_definition,LEX-EN-000104,unassigned,success,missing,missing_or_conflicting_label,False,False,['Label status is missing']
LEX-EN-000104__EX,LEX-EN-000104,lexicon_entry,lexicon_example,LEX-EN-000104,unassigned,success,missing,missing_or_conflicting_label,False,False,['Label status is missing']
LEX-EN-000105__DEF,LEX-EN-000105,lexicon_entry,lexicon_definition,LEX-EN-000105,unassigned,success,missing,missing_or_conflicting_label,False,False,['Label status is missing']
LEX-EN-000105__EX,LEX-EN-000105,lexicon_entry,lexicon_example,LEX-EN-000105,unassigned,success,missing,missing_or_conflicting_label,False,False,['Label status is missing']
LEX-EN-000106__DEF,LEX-EN-000106,lexicon_entry,lexicon_definition,LEX-EN-000106,unassigned,success,missing,missing_or_conflicting_label,False,False,['Label status is missing']
LEX-EN-000106__EX,LEX-EN-000106,lexicon_entry,lexicon_example,LEX-EN-000106,unassigned,success,missing,missing_or_conflicting_label,False,False,['Label status is missing']
LEX-EN-000107__DEF,LEX-EN-000107,lexicon_entry,lexicon_definition,LEX-EN-000107,unassigned,success,missing,missing_or_conflicting_label,False,False,['Label status is missing']
LEX-EN-000107__EX,LEX-EN-000107,lexicon_entry,lexicon_example,LEX-EN-000107,unassigned,manual_review_required,missing,missing_or_conflicting_label,False,False,['Label status is missing']
LEX-EN-000108__DEF,LEX-EN-000108,lexicon_entry,lexicon_definition,LEX-EN-000108,unassigned,manual_review_required,missing,missing_or_conflicting_label,False,False,['Label status is missing']
LEX-EN-000108__EX,LEX-EN-000108,lexicon_entry,lexicon_example,LEX-EN-000108,unassigned,success,missing,missing_or_conflicting_label,False,False,['Label status is missing']
LEX-EN-000109__DEF,LEX-EN-000109,lexicon_entry,lexicon_definition,LEX-EN-000109,unassigned,success,missing,missing_or_conflicting_label,False,False,['Label status is missing']
LEX-EN-000109__EX,LEX-EN-000109,lexicon_entry,lexicon_example,LEX-EN-000109,unassigned,success,missing,missing_or_conflicting_label,False,False,['Label status is missing']
LEX-EN-000110__DEF,LEX-EN-000110,lexicon_entry,lexicon_definition,LEX-EN-000110,unassigned,success,missing,missing_or_conflicting_label,False,False,['Label status is missing']
LEX-EN-000110__EX,LEX-EN-000110,lexicon_entry,lexicon_example,LEX-EN-000110,unassigned,success,missing,missing_or_conflicting_label,False,False,['Label status is missing']
LEX-EN-000111__DEF,LEX-EN-000111,lexicon_entry,lexicon_definition,LEX-EN-000111,unassigned,success,missing,missing_or_conflicting_label,False,False,['Label status is missing']
LEX-EN-000111__EX,LEX-EN-000111,lexicon_entry,lexicon_example,LEX-EN-000111,unassigned,success,missing,missing_or_conflicting_label,False,False,['Label status is missing']
LEX-EN-000112__DEF,LEX-EN-000112,lexicon_entry,lexicon_definition,LEX-EN-000112,unassigned,manual_review_required,missing,missing_or_conflicting_label,False,False,['Label status is missing']
LEX-EN-000112__EX,LEX-EN-000112,lexicon_entry,lexicon_example,LEX-EN-000112,unassigned,success,missing,missing_or_conflicting_label,False,False,['Label status is missing']
LEX-EN-000113__DEF,LEX-EN-000113,lexicon_entry,lexicon_definition,LEX-EN-000113,unassigned,success,missing,missing_or_conflicting_label,False,False,['Label status is missing']
LEX-EN-000113__EX,LEX-EN-000113,lexicon_entry,lexicon_example,LEX-EN-000113,unassigned,success,missing,missing_or_conflicting_label,False,False,['Label status is missing']
LEX-EN-000114__DEF,LEX-EN-000114,lexicon_entry,lexicon_definition,LEX-EN-000114,unassigned,success,missing,missing_or_conflicting_label,False,False,['Label status is missing']
LEX-EN-000114__EX,LEX-EN-000114,lexicon_entry,lexicon_example,LEX-EN-000114,unassigned,success,missing,missing_or_conflicting_label,False,False,['Label status is missing']
LEX-EN-000115__DEF,LEX-EN-000115,lexicon_entry,lexicon_definition,LEX-EN-000115,unassigned,success,missing,missing_or_conflicting_label,False,False,['Label status is missing']
LEX-EN-000115__EX,LEX-EN-000115,lexicon_entry,lexicon_example,LEX-EN-000115,unassigned,success,missing,missing_or_conflicting_label,False,False,['Label status is missing']
LEX-EN-000116__DEF,LEX-EN-000116,lexicon_entry,lexicon_definition,LEX-EN-000116,unassigned,success,missing,missing_or_conflicting_label,False,False,['Label status is missing']
LEX-EN-000116__EX,LEX-EN-000116,lexicon_entry,lexicon_example,LEX-EN-000116,unassigned,success,missing,missing_or_conflicting_label,False,False,['Label status is missing']
LEX-EN-000117__DEF,LEX-EN-000117,lexicon_entry,lexicon_definition,LEX-EN-000117,unassigned,success,missing,missing_or_conflicting_label,False,False,['Label status is missing']
LEX-EN-000117__EX,LEX-EN-000117,lexicon_entry,lexicon_example,LEX-EN-000117,unassigned,success,missing,missing_or_conflicting_label,False,False,['Label status is missing']
LEX-EN-000118__DEF,LEX-EN-000118,lexicon_entry,lexicon_definition,LEX-EN-000118,unassigned,success,missing,missing_or_conflicting_label,False,False,['Label status is missing']
LEX-EN-000118__EX,LEX-EN-000118,lexicon_entry,lexicon_example,LEX-EN-000118,unassigned,success,missing,missing_or_conflicting_label,False,False,['Label status is missing']
LEX-EN-000119__DEF,LEX-EN-000119,lexicon_entry,lexicon_definition,LEX-EN-000119,unassigned,success,missing,missing_or_conflicting_label,False,False,['Label status is missing']
LEX-EN-000119__EX,LEX-EN-000119,lexicon_entry,lexicon_example,LEX-EN-000119,unassigned,manual_review_required,missing,missing_or_conflicting_label,False,False,['Label status is missing']
LEX-EN-000120__DEF,LEX-EN-000120,lexicon_entry,lexicon_definition,LEX-EN-000120,unassigned,manual_review_required,missing,missing_or_conflicting_label,False,False,['Label status is missing']
LEX-EN-000120__EX,LEX-EN-000120,lexicon_entry,lexicon_example,LEX-EN-000120,unassigned,success,missing,missing_or_conflicting_label,False,False,['Label status is missing']
LEX-EN-000121__DEF,LEX-EN-000121,lexicon_entry,lexicon_definition,LEX-EN-000121,unassigned,success,missing,missing_or_conflicting_label,False,False,['Label status is missing']
LEX-EN-000121__EX,LEX-EN-000121,lexicon_entry,lexicon_example,LEX-EN-000121,unassigned,success,missing,missing_or_conflicting_label,False,False,['Label status is missing']
LEX-EN-000122__DEF,LEX-EN-000122,lexicon_entry,lexicon_definition,LEX-EN-000122,unassigned,success,missing,missing_or_conflicting_label,False,False,['Label status is missing']
LEX-EN-000122__EX,LEX-EN-000122,lexicon_entry,lexicon_example,LEX-EN-000122,unassigned,success,missing,missing_or_conflicting_label,False,False,['Label status is missing']
LEX-EN-000123__DEF,LEX-EN-000123,lexicon_entry,lexicon_definition,LEX-EN-000123,unassigned,success,missing,missing_or_conflicting_label,False,False,['Label status is missing']
LEX-EN-000123__EX,LEX-EN-000123,lexicon_entry,lexicon_example,LEX-EN-000123,unassigned,success,missing,missing_or_conflicting_label,False,False,['Label status is missing']
LEX-EN-000124__DEF,LEX-EN-000124,lexicon_entry,lexicon_definition,LEX-EN-000124,unassigned,manual_review_required,missing,missing_or_conflicting_label,False,False,['Label status is missing']
LEX-EN-000124__EX,LEX-EN-000124,lexicon_entry,lexicon_example,LEX-EN-000124,unassigned,success,missing,missing_or_conflicting_label,False,False,['Label status is missing']
LEX-EN-000125__DEF,LEX-EN-000125,lexicon_entry,lexicon_definition,LEX-EN-000125,unassigned,success,missing,missing_or_conflicting_label,False,False,['Label status is missing']
LEX-EN-000125__EX,LEX-EN-000125,lexicon_entry,lexicon_example,LEX-EN-000125,unassigned,success,missing,missing_or_conflicting_label,False,False,['Label status is missing']
LEX-EN-000126__DEF,LEX-EN-000126,lexicon_entry,lexicon_definition,LEX-EN-000126,unassigned,success,missing,missing_or_conflicting_label,False,False,['Label status is missing']
LEX-EN-000126__EX,LEX-EN-000126,lexicon_entry,lexicon_example,LEX-EN-000126,unassigned,success,missing,missing_or_conflicting_label,False,False,['Label status is missing']
LEX-EN-000127__DEF,LEX-EN-000127,lexicon_entry,lexicon_definition,LEX-EN-000127,unassigned,success,missing,missing_or_conflicting_label,False,False,['Label status is missing']
LEX-EN-000127__EX,LEX-EN-000127,lexicon_entry,lexicon_example,LEX-EN-000127,unassigned,success,missing,missing_or_conflicting_label,False,False,['Label status is missing']
LEX-EN-000128__DEF,LEX-EN-000128,lexicon_entry,lexicon_definition,LEX-EN-000128,unassigned,success,missing,missing_or_conflicting_label,False,False,['Label status is missing']
LEX-EN-000128__EX,LEX-EN-000128,lexicon_entry,lexicon_example,LEX-EN-000128,unassigned,success,missing,missing_or_conflicting_label,False,False,['Label status is missing']
LEX-EN-000129__DEF,LEX-EN-000129,lexicon_entry,lexicon_definition,LEX-EN-000129,unassigned,success,missing,missing_or_conflicting_label,False,False,['Label status is missing']
LEX-EN-000129__EX,LEX-EN-000129,lexicon_entry,lexicon_example,LEX-EN-000129,unassigned,success,missing,missing_or_conflicting_label,False,False,['Label status is missing']
LEX-EN-000130__DEF,LEX-EN-000130,lexicon_entry,lexicon_definition,LEX-EN-000130,unassigned,success,missing,missing_or_conflicting_label,False,False,['Label status is missing']
LEX-EN-000130__EX,LEX-EN-000130,lexicon_entry,lexicon_example,LEX-EN-000130,unassigned,success,missing,missing_or_conflicting_label,False,False,['Label status is missing']
LEX-EN-000131__DEF,LEX-EN-000131,lexicon_entry,lexicon_definition,LEX-EN-000131,unassigned,success,missing,missing_or_conflicting_label,False,False,['Label status is missing']
LEX-EN-000131__EX,LEX-EN-000131,lexicon_entry,lexicon_example,LEX-EN-000131,unassigned,manual_review_required,missing,missing_or_conflicting_label,False,False,['Label status is missing']
LEX-EN-000132__DEF,LEX-EN-000132,lexicon_entry,lexicon_definition,LEX-EN-000132,unassigned,manual_review_required,missing,missing_or_conflicting_label,False,False,['Label status is missing']
LEX-EN-000132__EX,LEX-EN-000132,lexicon_entry,lexicon_example,LEX-EN-000132,unassigned,success,missing,missing_or_conflicting_label,False,False,['Label status is missing']
LEX-EN-000133__DEF,LEX-EN-000133,lexicon_entry,lexicon_definition,LEX-EN-000133,unassigned,success,missing,missing_or_conflicting_label,False,False,['Label status is missing']
LEX-EN-000133__EX,LEX-EN-000133,lexicon_entry,lexicon_example,LEX-EN-000133,unassigned,success,missing,missing_or_conflicting_label,False,False,['Label status is missing']
LEX-EN-000134__DEF,LEX-EN-000134,lexicon_entry,lexicon_definition,LEX-EN-000134,unassigned,success,missing,missing_or_conflicting_label,False,False,['Label status is missing']
LEX-EN-000134__EX,LEX-EN-000134,lexicon_entry,lexicon_example,LEX-EN-000134,unassigned,success,missing,missing_or_conflicting_label,False,False,['Label status is missing']
LEX-EN-000135__DEF,LEX-EN-000135,lexicon_entry,lexicon_definition,LEX-EN-000135,unassigned,success,missing,missing_or_conflicting_label,False,False,['Label status is missing']
LEX-EN-000135__EX,LEX-EN-000135,lexicon_entry,lexicon_example,LEX-EN-000135,unassigned,success,missing,missing_or_conflicting_label,False,False,['Label status is missing']
LEX-EN-000136__DEF,LEX-EN-000136,lexicon_entry,lexicon_definition,LEX-EN-000136,unassigned,manual_review_required,missing,missing_or_conflicting_label,False,False,['Label status is missing']
LEX-EN-000136__EX,LEX-EN-000136,lexicon_entry,lexicon_example,LEX-EN-000136,unassigned,success,missing,missing_or_conflicting_label,False,False,['Label status is missing']
LEX-EN-000137__DEF,LEX-EN-000137,lexicon_entry,lexicon_definition,LEX-EN-000137,unassigned,success,missing,missing_or_conflicting_label,False,False,['Label status is missing']
LEX-EN-000137__EX,LEX-EN-000137,lexicon_entry,lexicon_example,LEX-EN-000137,unassigned,success,missing,missing_or_conflicting_label,False,False,['Label status is missing']
LEX-EN-000138__DEF,LEX-EN-000138,lexicon_entry,lexicon_definition,LEX-EN-000138,unassigned,success,missing,missing_or_conflicting_label,False,False,['Label status is missing']
LEX-EN-000138__EX,LEX-EN-000138,lexicon_entry,lexicon_example,LEX-EN-000138,unassigned,success,missing,missing_or_conflicting_label,False,False,['Label status is missing']
LEX-EN-000139__DEF,LEX-EN-000139,lexicon_entry,lexicon_definition,LEX-EN-000139,unassigned,success,missing,missing_or_conflicting_label,False,False,['Label status is missing']
LEX-EN-000139__EX,LEX-EN-000139,lexicon_entry,lexicon_example,LEX-EN-000139,unassigned,success,missing,missing_or_conflicting_label,False,False,['Label status is missing']
LEX-EN-000140__DEF,LEX-EN-000140,lexicon_entry,lexicon_definition,LEX-EN-000140,unassigned,success,missing,missing_or_conflicting_label,False,False,['Label status is missing']
LEX-EN-000140__EX,LEX-EN-000140,lexicon_entry,lexicon_example,LEX-EN-000140,unassigned,success,missing,missing_or_conflicting_label,False,False,['Label status is missing']
LEX-EN-000141__DEF,LEX-EN-000141,lexicon_entry,lexicon_definition,LEX-EN-000141,unassigned,success,missing,missing_or_conflicting_label,False,False,['Label status is missing']
LEX-EN-000141__EX,LEX-EN-000141,lexicon_entry,lexicon_example,LEX-EN-000141,unassigned,success,missing,missing_or_conflicting_label,False,False,['Label status is missing']
LEX-EN-000142__DEF,LEX-EN-000142,lexicon_entry,lexicon_definition,LEX-EN-000142,unassigned,success,missing,missing_or_conflicting_label,False,False,['Label status is missing']
LEX-EN-000142__EX,LEX-EN-000142,lexicon_entry,lexicon_example,LEX-EN-000142,unassigned,success,missing,missing_or_conflicting_label,False,False,['Label status is missing']
LEX-EN-000143__DEF,LEX-EN-000143,lexicon_entry,lexicon_definition,LEX-EN-000143,unassigned,success,missing,missing_or_conflicting_label,False,False,['Label status is missing']
LEX-EN-000143__EX,LEX-EN-000143,lexicon_entry,lexicon_example,LEX-EN-000143,unassigned,manual_review_required,missing,missing_or_conflicting_label,False,False,['Label status is missing']
LEX-EN-000144__DEF,LEX-EN-000144,lexicon_entry,lexicon_definition,LEX-EN-000144,unassigned,manual_review_required,missing,missing_or_conflicting_label,False,False,['Label status is missing']
LEX-EN-000144__EX,LEX-EN-000144,lexicon_entry,lexicon_example,LEX-EN-000144,unassigned,success,missing,missing_or_conflicting_label,False,False,['Label status is missing']
LEX-EN-000145__DEF,LEX-EN-000145,lexicon_entry,lexicon_definition,LEX-EN-000145,unassigned,success,missing,missing_or_conflicting_label,False,False,['Label status is missing']
LEX-EN-000145__EX,LEX-EN-000145,lexicon_entry,lexicon_example,LEX-EN-000145,unassigned,success,missing,missing_or_conflicting_label,False,False,['Label status is missing']
LEX-EN-000146__DEF,LEX-EN-000146,lexicon_entry,lexicon_definition,LEX-EN-000146,unassigned,success,missing,missing_or_conflicting_label,False,False,['Label status is missing']
LEX-EN-000146__EX,LEX-EN-000146,lexicon_entry,lexicon_example,LEX-EN-000146,unassigned,success,missing,missing_or_conflicting_label,False,False,['Label status is missing']
LEX-EN-000147__DEF,LEX-EN-000147,lexicon_entry,lexicon_definition,LEX-EN-000147,unassigned,success,missing,missing_or_conflicting_label,False,False,['Label status is missing']
LEX-EN-000147__EX,LEX-EN-000147,lexicon_entry,lexicon_example,LEX-EN-000147,unassigned,success,missing,missing_or_conflicting_label,False,False,['Label status is missing']
LEX-EN-000148__DEF,LEX-EN-000148,lexicon_entry,lexicon_definition,LEX-EN-000148,unassigned,manual_review_required,missing,missing_or_conflicting_label,False,False,['Label status is missing']
LEX-EN-000148__EX,LEX-EN-000148,lexicon_entry,lexicon_example,LEX-EN-000148,unassigned,success,missing,missing_or_conflicting_label,False,False,['Label status is missing']
LEX-EN-000149__DEF,LEX-EN-000149,lexicon_entry,lexicon_definition,LEX-EN-000149,unassigned,success,missing,missing_or_conflicting_label,False,False,['Label status is missing']
LEX-EN-000149__EX,LEX-EN-000149,lexicon_entry,lexicon_example,LEX-EN-000149,unassigned,success,missing,missing_or_conflicting_label,False,False,['Label status is missing']
LEX-EN-000150__DEF,LEX-EN-000150,lexicon_entry,lexicon_definition,LEX-EN-000150,unassigned,success,missing,missing_or_conflicting_label,False,False,['Label status is missing']
LEX-EN-000150__EX,LEX-EN-000150,lexicon_entry,lexicon_example,LEX-EN-000150,unassigned,success,missing,missing_or_conflicting_label,False,False,['Label status is missing']
LEX-EN-000151__DEF,LEX-EN-000151,lexicon_entry,lexicon_definition,LEX-EN-000151,unassigned,success,missing,missing_or_conflicting_label,False,False,['Label status is missing']
LEX-EN-000151__EX,LEX-EN-000151,lexicon_entry,lexicon_example,LEX-EN-000151,unassigned,success,missing,missing_or_conflicting_label,False,False,['Label status is missing']
LEX-EN-000152__DEF,LEX-EN-000152,lexicon_entry,lexicon_definition,LEX-EN-000152,unassigned,success,missing,missing_or_conflicting_label,False,False,['Label status is missing']
LEX-EN-000152__EX,LEX-EN-000152,lexicon_entry,lexicon_example,LEX-EN-000152,unassigned,success,missing,missing_or_conflicting_label,False,False,['Label status is missing']
LEX-EN-000153__DEF,LEX-EN-000153,lexicon_entry,lexicon_definition,LEX-EN-000153,unassigned,success,missing,missing_or_conflicting_label,False,False,['Label status is missing']
LEX-EN-000153__EX,LEX-EN-000153,lexicon_entry,lexicon_example,LEX-EN-000153,unassigned,success,missing,missing_or_conflicting_label,False,False,['Label status is missing']
LEX-EN-000154__DEF,LEX-EN-000154,lexicon_entry,lexicon_definition,LEX-EN-000154,unassigned,success,missing,missing_or_conflicting_label,False,False,['Label status is missing']
LEX-EN-000154__EX,LEX-EN-000154,lexicon_entry,lexicon_example,LEX-EN-000154,unassigned,success,missing,missing_or_conflicting_label,False,False,['Label status is missing']
LEX-EN-000155__DEF,LEX-EN-000155,lexicon_entry,lexicon_definition,LEX-EN-000155,unassigned,success,missing,missing_or_conflicting_label,False,False,['Label status is missing']
LEX-EN-000155__EX,LEX-EN-000155,lexicon_entry,lexicon_example,LEX-EN-000155,unassigned,manual_review_required,missing,missing_or_conflicting_label,False,False,['Label status is missing']
LEX-EN-000156__DEF,LEX-EN-000156,lexicon_entry,lexicon_definition,LEX-EN-000156,unassigned,manual_review_required,missing,missing_or_conflicting_label,False,False,['Label status is missing']
LEX-EN-000156__EX,LEX-EN-000156,lexicon_entry,lexicon_example,LEX-EN-000156,unassigned,success,missing,missing_or_conflicting_label,False,False,['Label status is missing']
LEX-EN-000157__DEF,LEX-EN-000157,lexicon_entry,lexicon_definition,LEX-EN-000157,unassigned,success,missing,missing_or_conflicting_label,False,False,['Label status is missing']
LEX-EN-000157__EX,LEX-EN-000157,lexicon_entry,lexicon_example,LEX-EN-000157,unassigned,success,missing,missing_or_conflicting_label,False,False,['Label status is missing']
LEX-EN-000158__DEF,LEX-EN-000158,lexicon_entry,lexicon_definition,LEX-EN-000158,unassigned,success,missing,missing_or_conflicting_label,False,False,['Label status is missing']
LEX-EN-000158__EX,LEX-EN-000158,lexicon_entry,lexicon_example,LEX-EN-000158,unassigned,success,missing,missing_or_conflicting_label,False,False,['Label status is missing']
LEX-EN-000159__DEF,LEX-EN-000159,lexicon_entry,lexicon_definition,LEX-EN-000159,unassigned,success,missing,missing_or_conflicting_label,False,False,['Label status is missing']
LEX-EN-000159__EX,LEX-EN-000159,lexicon_entry,lexicon_example,LEX-EN-000159,unassigned,success,missing,missing_or_conflicting_label,False,False,['Label status is missing']
LEX-EN-000160__DEF,LEX-EN-000160,lexicon_entry,lexicon_definition,LEX-EN-000160,unassigned,manual_review_required,missing,missing_or_conflicting_label,False,False,['Label status is missing']
LEX-EN-000160__EX,LEX-EN-000160,lexicon_entry,lexicon_example,LEX-EN-000160,unassigned,success,missing,missing_or_conflicting_label,False,False,['Label status is missing']
LEX-EN-000161__DEF,LEX-EN-000161,lexicon_entry,lexicon_definition,LEX-EN-000161,unassigned,success,missing,missing_or_conflicting_label,False,False,['Label status is missing']
LEX-EN-000161__EX,LEX-EN-000161,lexicon_entry,lexicon_example,LEX-EN-000161,unassigned,success,missing,missing_or_conflicting_label,False,False,['Label status is missing']
LEX-EN-000162__DEF,LEX-EN-000162,lexicon_entry,lexicon_definition,LEX-EN-000162,unassigned,success,missing,missing_or_conflicting_label,False,False,['Label status is missing']
LEX-EN-000162__EX,LEX-EN-000162,lexicon_entry,lexicon_example,LEX-EN-000162,unassigned,success,missing,missing_or_conflicting_label,False,False,['Label status is missing']
LEX-EN-000163__DEF,LEX-EN-000163,lexicon_entry,lexicon_definition,LEX-EN-000163,unassigned,success,missing,missing_or_conflicting_label,False,False,['Label status is missing']
LEX-EN-000163__EX,LEX-EN-000163,lexicon_entry,lexicon_example,LEX-EN-000163,unassigned,success,missing,missing_or_conflicting_label,False,False,['Label status is missing']
LEX-EN-000164__DEF,LEX-EN-000164,lexicon_entry,lexicon_definition,LEX-EN-000164,unassigned,success,missing,missing_or_conflicting_label,False,False,['Label status is missing']
LEX-EN-000164__EX,LEX-EN-000164,lexicon_entry,lexicon_example,LEX-EN-000164,unassigned,success,missing,missing_or_conflicting_label,False,False,['Label status is missing']
LEX-EN-000165__DEF,LEX-EN-000165,lexicon_entry,lexicon_definition,LEX-EN-000165,unassigned,success,missing,missing_or_conflicting_label,False,False,['Label status is missing']
LEX-EN-000165__EX,LEX-EN-000165,lexicon_entry,lexicon_example,LEX-EN-000165,unassigned,success,missing,missing_or_conflicting_label,False,False,['Label status is missing']
LEX-EN-000166__DEF,LEX-EN-000166,lexicon_entry,lexicon_definition,LEX-EN-000166,unassigned,success,missing,missing_or_conflicting_label,False,False,['Label status is missing']
LEX-EN-000166__EX,LEX-EN-000166,lexicon_entry,lexicon_example,LEX-EN-000166,unassigned,success,missing,missing_or_conflicting_label,False,False,['Label status is missing']
LEX-EN-000167__DEF,LEX-EN-000167,lexicon_entry,lexicon_definition,LEX-EN-000167,unassigned,success,missing,missing_or_conflicting_label,False,False,['Label status is missing']
LEX-EN-000167__EX,LEX-EN-000167,lexicon_entry,lexicon_example,LEX-EN-000167,unassigned,manual_review_required,missing,missing_or_conflicting_label,False,False,['Label status is missing']
LEX-EN-000168__DEF,LEX-EN-000168,lexicon_entry,lexicon_definition,LEX-EN-000168,unassigned,manual_review_required,missing,missing_or_conflicting_label,False,False,['Label status is missing']
LEX-EN-000168__EX,LEX-EN-000168,lexicon_entry,lexicon_example,LEX-EN-000168,unassigned,success,missing,missing_or_conflicting_label,False,False,['Label status is missing']
LEX-EN-000169__DEF,LEX-EN-000169,lexicon_entry,lexicon_definition,LEX-EN-000169,unassigned,success,missing,missing_or_conflicting_label,False,False,['Label status is missing']
LEX-EN-000169__EX,LEX-EN-000169,lexicon_entry,lexicon_example,LEX-EN-000169,unassigned,success,missing,missing_or_conflicting_label,False,False,['Label status is missing']
LEX-EN-000170__DEF,LEX-EN-000170,lexicon_entry,lexicon_definition,LEX-EN-000170,unassigned,success,missing,missing_or_conflicting_label,False,False,['Label status is missing']
LEX-EN-000170__EX,LEX-EN-000170,lexicon_entry,lexicon_example,LEX-EN-000170,unassigned,success,missing,missing_or_conflicting_label,False,False,['Label status is missing']
LEX-EN-000171__DEF,LEX-EN-000171,lexicon_entry,lexicon_definition,LEX-EN-000171,unassigned,success,missing,missing_or_conflicting_label,False,False,['Label status is missing']
LEX-EN-000171__EX,LEX-EN-000171,lexicon_entry,lexicon_example,LEX-EN-000171,unassigned,success,missing,missing_or_conflicting_label,False,False,['Label status is missing']
LEX-EN-000172__DEF,LEX-EN-000172,lexicon_entry,lexicon_definition,LEX-EN-000172,unassigned,manual_review_required,missing,missing_or_conflicting_label,False,False,['Label status is missing']
LEX-EN-000172__EX,LEX-EN-000172,lexicon_entry,lexicon_example,LEX-EN-000172,unassigned,success,missing,missing_or_conflicting_label,False,False,['Label status is missing']
LEX-EN-000173__DEF,LEX-EN-000173,lexicon_entry,lexicon_definition,LEX-EN-000173,unassigned,success,missing,missing_or_conflicting_label,False,False,['Label status is missing']
LEX-EN-000173__EX,LEX-EN-000173,lexicon_entry,lexicon_example,LEX-EN-000173,unassigned,success,missing,missing_or_conflicting_label,False,False,['Label status is missing']
LEX-EN-000174__DEF,LEX-EN-000174,lexicon_entry,lexicon_definition,LEX-EN-000174,unassigned,success,missing,missing_or_conflicting_label,False,False,['Label status is missing']
LEX-EN-000174__EX,LEX-EN-000174,lexicon_entry,lexicon_example,LEX-EN-000174,unassigned,success,missing,missing_or_conflicting_label,False,False,['Label status is missing']
LEX-EN-000175__DEF,LEX-EN-000175,lexicon_entry,lexicon_definition,LEX-EN-000175,unassigned,success,missing,missing_or_conflicting_label,False,False,['Label status is missing']
LEX-EN-000175__EX,LEX-EN-000175,lexicon_entry,lexicon_example,LEX-EN-000175,unassigned,success,missing,missing_or_conflicting_label,False,False,['Label status is missing']
LEX-EN-000176__DEF,LEX-EN-000176,lexicon_entry,lexicon_definition,LEX-EN-000176,unassigned,success,missing,missing_or_conflicting_label,False,False,['Label status is missing']
LEX-EN-000176__EX,LEX-EN-000176,lexicon_entry,lexicon_example,LEX-EN-000176,unassigned,success,missing,missing_or_conflicting_label,False,False,['Label status is missing']
LEX-EN-000177__DEF,LEX-EN-000177,lexicon_entry,lexicon_definition,LEX-EN-000177,unassigned,success,missing,missing_or_conflicting_label,False,False,['Label status is missing']
LEX-EN-000177__EX,LEX-EN-000177,lexicon_entry,lexicon_example,LEX-EN-000177,unassigned,success,missing,missing_or_conflicting_label,False,False,['Label status is missing']
LEX-EN-000178__DEF,LEX-EN-000178,lexicon_entry,lexicon_definition,LEX-EN-000178,unassigned,success,missing,missing_or_conflicting_label,False,False,['Label status is missing']
LEX-EN-000178__EX,LEX-EN-000178,lexicon_entry,lexicon_example,LEX-EN-000178,unassigned,success,missing,missing_or_conflicting_label,False,False,['Label status is missing']
LEX-EN-000179__DEF,LEX-EN-000179,lexicon_entry,lexicon_definition,LEX-EN-000179,unassigned,success,missing,missing_or_conflicting_label,False,False,['Label status is missing']
LEX-EN-000179__EX,LEX-EN-000179,lexicon_entry,lexicon_example,LEX-EN-000179,unassigned,manual_review_required,missing,missing_or_conflicting_label,False,False,['Label status is missing']
LEX-EN-000180__DEF,LEX-EN-000180,lexicon_entry,lexicon_definition,LEX-EN-000180,unassigned,manual_review_required,missing,missing_or_conflicting_label,False,False,['Label status is missing']
LEX-EN-000180__EX,LEX-EN-000180,lexicon_entry,lexicon_example,LEX-EN-000180,unassigned,success,missing,missing_or_conflicting_label,False,False,['Label status is missing']
LEX-EN-000181__DEF,LEX-EN-000181,lexicon_entry,lexicon_definition,LEX-EN-000181,unassigned,success,missing,missing_or_conflicting_label,False,False,['Label status is missing']
LEX-EN-000181__EX,LEX-EN-000181,lexicon_entry,lexicon_example,LEX-EN-000181,unassigned,success,missing,missing_or_conflicting_label,False,False,['Label status is missing']
LEX-EN-000182__DEF,LEX-EN-000182,lexicon_entry,lexicon_definition,LEX-EN-000182,unassigned,success,missing,missing_or_conflicting_label,False,False,['Label status is missing']
LEX-EN-000182__EX,LEX-EN-000182,lexicon_entry,lexicon_example,LEX-EN-000182,unassigned,success,missing,missing_or_conflicting_label,False,False,['Label status is missing']
LEX-EN-000183__DEF,LEX-EN-000183,lexicon_entry,lexicon_definition,LEX-EN-000183,unassigned,success,missing,missing_or_conflicting_label,False,False,['Label status is missing']
LEX-EN-000183__EX,LEX-EN-000183,lexicon_entry,lexicon_example,LEX-EN-000183,unassigned,success,missing,missing_or_conflicting_label,False,False,['Label status is missing']
LEX-EN-000184__DEF,LEX-EN-000184,lexicon_entry,lexicon_definition,LEX-EN-000184,unassigned,manual_review_required,missing,missing_or_conflicting_label,False,False,['Label status is missing']
LEX-EN-000184__EX,LEX-EN-000184,lexicon_entry,lexicon_example,LEX-EN-000184,unassigned,success,missing,missing_or_conflicting_label,False,False,['Label status is missing']
LEX-EN-000185__DEF,LEX-EN-000185,lexicon_entry,lexicon_definition,LEX-EN-000185,unassigned,success,missing,missing_or_conflicting_label,False,False,['Label status is missing']
LEX-EN-000185__EX,LEX-EN-000185,lexicon_entry,lexicon_example,LEX-EN-000185,unassigned,success,missing,missing_or_conflicting_label,False,False,['Label status is missing']
LEX-EN-000186__DEF,LEX-EN-000186,lexicon_entry,lexicon_definition,LEX-EN-000186,unassigned,success,missing,missing_or_conflicting_label,False,False,['Label status is missing']
LEX-EN-000186__EX,LEX-EN-000186,lexicon_entry,lexicon_example,LEX-EN-000186,unassigned,success,missing,missing_or_conflicting_label,False,False,['Label status is missing']
LEX-EN-000187__DEF,LEX-EN-000187,lexicon_entry,lexicon_definition,LEX-EN-000187,unassigned,success,missing,missing_or_conflicting_label,False,False,['Label status is missing']
LEX-EN-000187__EX,LEX-EN-000187,lexicon_entry,lexicon_example,LEX-EN-000187,unassigned,success,missing,missing_or_conflicting_label,False,False,['Label status is missing']
LEX-EN-000188__DEF,LEX-EN-000188,lexicon_entry,lexicon_definition,LEX-EN-000188,unassigned,success,missing,missing_or_conflicting_label,False,False,['Label status is missing']
LEX-EN-000188__EX,LEX-EN-000188,lexicon_entry,lexicon_example,LEX-EN-000188,unassigned,success,missing,missing_or_conflicting_label,False,False,['Label status is missing']
LEX-EN-000189__DEF,LEX-EN-000189,lexicon_entry,lexicon_definition,LEX-EN-000189,unassigned,success,missing,missing_or_conflicting_label,False,False,['Label status is missing']
LEX-EN-000189__EX,LEX-EN-000189,lexicon_entry,lexicon_example,LEX-EN-000189,unassigned,success,missing,missing_or_conflicting_label,False,False,['Label status is missing']
LEX-EN-000190__DEF,LEX-EN-000190,lexicon_entry,lexicon_definition,LEX-EN-000190,unassigned,success,missing,missing_or_conflicting_label,False,False,['Label status is missing']
LEX-EN-000190__EX,LEX-EN-000190,lexicon_entry,lexicon_example,LEX-EN-000190,unassigned,success,missing,missing_or_conflicting_label,False,False,['Label status is missing']
LEX-EN-000191__DEF,LEX-EN-000191,lexicon_entry,lexicon_definition,LEX-EN-000191,unassigned,success,missing,missing_or_conflicting_label,False,False,['Label status is missing']
LEX-EN-000191__EX,LEX-EN-000191,lexicon_entry,lexicon_example,LEX-EN-000191,unassigned,manual_review_required,missing,missing_or_conflicting_label,False,False,['Label status is missing']
LEX-EN-000192__DEF,LEX-EN-000192,lexicon_entry,lexicon_definition,LEX-EN-000192,unassigned,manual_review_required,missing,missing_or_conflicting_label,False,False,['Label status is missing']
LEX-EN-000192__EX,LEX-EN-000192,lexicon_entry,lexicon_example,LEX-EN-000192,unassigned,success,missing,missing_or_conflicting_label,False,False,['Label status is missing']
LEX-EN-000193__DEF,LEX-EN-000193,lexicon_entry,lexicon_definition,LEX-EN-000193,unassigned,success,missing,missing_or_conflicting_label,False,False,['Label status is missing']
LEX-EN-000193__EX,LEX-EN-000193,lexicon_entry,lexicon_example,LEX-EN-000193,unassigned,success,missing,missing_or_conflicting_label,False,False,['Label status is missing']
LEX-EN-000194__DEF,LEX-EN-000194,lexicon_entry,lexicon_definition,LEX-EN-000194,unassigned,success,missing,missing_or_conflicting_label,False,False,['Label status is missing']
LEX-EN-000194__EX,LEX-EN-000194,lexicon_entry,lexicon_example,LEX-EN-000194,unassigned,success,missing,missing_or_conflicting_label,False,False,['Label status is missing']
LEX-EN-000195__DEF,LEX-EN-000195,lexicon_entry,lexicon_definition,LEX-EN-000195,unassigned,success,missing,missing_or_conflicting_label,False,False,['Label status is missing']
LEX-EN-000195__EX,LEX-EN-000195,lexicon_entry,lexicon_example,LEX-EN-000195,unassigned,success,missing,missing_or_conflicting_label,False,False,['Label status is missing']
LEX-EN-000196__DEF,LEX-EN-000196,lexicon_entry,lexicon_definition,LEX-EN-000196,unassigned,manual_review_required,missing,missing_or_conflicting_label,False,False,['Label status is missing']
LEX-EN-000196__EX,LEX-EN-000196,lexicon_entry,lexicon_example,LEX-EN-000196,unassigned,success,missing,missing_or_conflicting_label,False,False,['Label status is missing']
LEX-EN-000197__DEF,LEX-EN-000197,lexicon_entry,lexicon_definition,LEX-EN-000197,unassigned,success,missing,missing_or_conflicting_label,False,False,['Label status is missing']
LEX-EN-000197__EX,LEX-EN-000197,lexicon_entry,lexicon_example,LEX-EN-000197,unassigned,success,missing,missing_or_conflicting_label,False,False,['Label status is missing']
LEX-EN-000198__DEF,LEX-EN-000198,lexicon_entry,lexicon_definition,LEX-EN-000198,unassigned,success,missing,missing_or_conflicting_label,False,False,['Label status is missing']
LEX-EN-000198__EX,LEX-EN-000198,lexicon_entry,lexicon_example,LEX-EN-000198,unassigned,success,missing,missing_or_conflicting_label,False,False,['Label status is missing']
LEX-EN-000199__DEF,LEX-EN-000199,lexicon_entry,lexicon_definition,LEX-EN-000199,unassigned,success,missing,missing_or_conflicting_label,False,False,['Label status is missing']
LEX-EN-000199__EX,LEX-EN-000199,lexicon_entry,lexicon_example,LEX-EN-000199,unassigned,success,missing,missing_or_conflicting_label,False,False,['Label status is missing']
LEX-EN-000200__DEF,LEX-EN-000200,lexicon_entry,lexicon_definition,LEX-EN-000200,unassigned,success,missing,missing_or_conflicting_label,False,False,['Label status is missing']
LEX-EN-000200__EX,LEX-EN-000200,lexicon_entry,lexicon_example,LEX-EN-000200,unassigned,success,missing,missing_or_conflicting_label,False,False,['Label status is missing']
LEX-EN-000201__DEF,LEX-EN-000201,lexicon_entry,lexicon_definition,LEX-EN-000201,unassigned,success,missing,missing_or_conflicting_label,False,False,['Label status is missing']
LEX-EN-000201__EX,LEX-EN-000201,lexicon_entry,lexicon_example,LEX-EN-000201,unassigned,success,missing,missing_or_conflicting_label,False,False,['Label status is missing']
LEX-EN-000202__DEF,LEX-EN-000202,lexicon_entry,lexicon_definition,LEX-EN-000202,unassigned,success,missing,missing_or_conflicting_label,False,False,['Label status is missing']
LEX-EN-000202__EX,LEX-EN-000202,lexicon_entry,lexicon_example,LEX-EN-000202,unassigned,success,missing,missing_or_conflicting_label,False,False,['Label status is missing']
LEX-EN-000203__DEF,LEX-EN-000203,lexicon_entry,lexicon_definition,LEX-EN-000203,unassigned,success,missing,missing_or_conflicting_label,False,False,['Label status is missing']
LEX-EN-000203__EX,LEX-EN-000203,lexicon_entry,lexicon_example,LEX-EN-000203,unassigned,manual_review_required,missing,missing_or_conflicting_label,False,False,['Label status is missing']
LEX-EN-000204__DEF,LEX-EN-000204,lexicon_entry,lexicon_definition,LEX-EN-000204,unassigned,manual_review_required,missing,missing_or_conflicting_label,False,False,['Label status is missing']
LEX-EN-000204__EX,LEX-EN-000204,lexicon_entry,lexicon_example,LEX-EN-000204,unassigned,success,missing,missing_or_conflicting_label,False,False,['Label status is missing']
LEX-EN-000205__DEF,LEX-EN-000205,lexicon_entry,lexicon_definition,LEX-EN-000205,unassigned,success,missing,missing_or_conflicting_label,False,False,['Label status is missing']
LEX-EN-000205__EX,LEX-EN-000205,lexicon_entry,lexicon_example,LEX-EN-000205,unassigned,success,missing,missing_or_conflicting_label,False,False,['Label status is missing']
LEX-EN-000206__DEF,LEX-EN-000206,lexicon_entry,lexicon_definition,LEX-EN-000206,unassigned,success,missing,missing_or_conflicting_label,False,False,['Label status is missing']
LEX-EN-000206__EX,LEX-EN-000206,lexicon_entry,lexicon_example,LEX-EN-000206,unassigned,success,missing,missing_or_conflicting_label,False,False,['Label status is missing']
LEX-EN-000207__DEF,LEX-EN-000207,lexicon_entry,lexicon_definition,LEX-EN-000207,unassigned,success,missing,missing_or_conflicting_label,False,False,['Label status is missing']
LEX-EN-000207__EX,LEX-EN-000207,lexicon_entry,lexicon_example,LEX-EN-000207,unassigned,success,missing,missing_or_conflicting_label,False,False,['Label status is missing']
LEX-EN-000208__DEF,LEX-EN-000208,lexicon_entry,lexicon_definition,LEX-EN-000208,unassigned,manual_review_required,missing,missing_or_conflicting_label,False,False,['Label status is missing']
LEX-EN-000208__EX,LEX-EN-000208,lexicon_entry,lexicon_example,LEX-EN-000208,unassigned,success,missing,missing_or_conflicting_label,False,False,['Label status is missing']
LEX-EN-000209__DEF,LEX-EN-000209,lexicon_entry,lexicon_definition,LEX-EN-000209,unassigned,success,missing,missing_or_conflicting_label,False,False,['Label status is missing']
LEX-EN-000209__EX,LEX-EN-000209,lexicon_entry,lexicon_example,LEX-EN-000209,unassigned,success,missing,missing_or_conflicting_label,False,False,['Label status is missing']
LEX-EN-000210__DEF,LEX-EN-000210,lexicon_entry,lexicon_definition,LEX-EN-000210,unassigned,success,missing,missing_or_conflicting_label,False,False,['Label status is missing']
LEX-EN-000210__EX,LEX-EN-000210,lexicon_entry,lexicon_example,LEX-EN-000210,unassigned,success,missing,missing_or_conflicting_label,False,False,['Label status is missing']
LEX-EN-000211__DEF,LEX-EN-000211,lexicon_entry,lexicon_definition,LEX-EN-000211,unassigned,success,missing,missing_or_conflicting_label,False,False,['Label status is missing']
LEX-EN-000211__EX,LEX-EN-000211,lexicon_entry,lexicon_example,LEX-EN-000211,unassigned,success,missing,missing_or_conflicting_label,False,False,['Label status is missing']
LEX-EN-000212__DEF,LEX-EN-000212,lexicon_entry,lexicon_definition,LEX-EN-000212,unassigned,success,missing,missing_or_conflicting_label,False,False,['Label status is missing']
LEX-EN-000212__EX,LEX-EN-000212,lexicon_entry,lexicon_example,LEX-EN-000212,unassigned,success,missing,missing_or_conflicting_label,False,False,['Label status is missing']
LEX-EN-000213__DEF,LEX-EN-000213,lexicon_entry,lexicon_definition,LEX-EN-000213,unassigned,success,missing,missing_or_conflicting_label,False,False,['Label status is missing']
LEX-EN-000213__EX,LEX-EN-000213,lexicon_entry,lexicon_example,LEX-EN-000213,unassigned,success,missing,missing_or_conflicting_label,False,False,['Label status is missing']
LEX-EN-000214__DEF,LEX-EN-000214,lexicon_entry,lexicon_definition,LEX-EN-000214,unassigned,success,missing,missing_or_conflicting_label,False,False,['Label status is missing']
LEX-EN-000214__EX,LEX-EN-000214,lexicon_entry,lexicon_example,LEX-EN-000214,unassigned,success,missing,missing_or_conflicting_label,False,False,['Label status is missing']
LEX-EN-000215__DEF,LEX-EN-000215,lexicon_entry,lexicon_definition,LEX-EN-000215,unassigned,success,missing,missing_or_conflicting_label,False,False,['Label status is missing']
LEX-EN-000215__EX,LEX-EN-000215,lexicon_entry,lexicon_example,LEX-EN-000215,unassigned,manual_review_required,missing,missing_or_conflicting_label,False,False,['Label status is missing']
LEX-EN-000216__DEF,LEX-EN-000216,lexicon_entry,lexicon_definition,LEX-EN-000216,unassigned,manual_review_required,missing,missing_or_conflicting_label,False,False,['Label status is missing']
LEX-EN-000216__EX,LEX-EN-000216,lexicon_entry,lexicon_example,LEX-EN-000216,unassigned,success,missing,missing_or_conflicting_label,False,False,['Label status is missing']
LEX-EN-000217__DEF,LEX-EN-000217,lexicon_entry,lexicon_definition,LEX-EN-000217,unassigned,success,missing,missing_or_conflicting_label,False,False,['Label status is missing']
LEX-EN-000217__EX,LEX-EN-000217,lexicon_entry,lexicon_example,LEX-EN-000217,unassigned,success,missing,missing_or_conflicting_label,False,False,['Label status is missing']
LEX-EN-000218__DEF,LEX-EN-000218,lexicon_entry,lexicon_definition,LEX-EN-000218,unassigned,success,missing,missing_or_conflicting_label,False,False,['Label status is missing']
LEX-EN-000218__EX,LEX-EN-000218,lexicon_entry,lexicon_example,LEX-EN-000218,unassigned,success,missing,missing_or_conflicting_label,False,False,['Label status is missing']
LEX-EN-000219__DEF,LEX-EN-000219,lexicon_entry,lexicon_definition,LEX-EN-000219,unassigned,success,missing,missing_or_conflicting_label,False,False,['Label status is missing']
LEX-EN-000219__EX,LEX-EN-000219,lexicon_entry,lexicon_example,LEX-EN-000219,unassigned,success,missing,missing_or_conflicting_label,False,False,['Label status is missing']
LEX-EN-000220__DEF,LEX-EN-000220,lexicon_entry,lexicon_definition,LEX-EN-000220,unassigned,manual_review_required,missing,missing_or_conflicting_label,False,False,['Label status is missing']
LEX-EN-000220__EX,LEX-EN-000220,lexicon_entry,lexicon_example,LEX-EN-000220,unassigned,success,missing,missing_or_conflicting_label,False,False,['Label status is missing']
LEX-EN-000221__DEF,LEX-EN-000221,lexicon_entry,lexicon_definition,LEX-EN-000221,unassigned,success,missing,missing_or_conflicting_label,False,False,['Label status is missing']
LEX-EN-000221__EX,LEX-EN-000221,lexicon_entry,lexicon_example,LEX-EN-000221,unassigned,success,missing,missing_or_conflicting_label,False,False,['Label status is missing']
LEX-EN-000222__DEF,LEX-EN-000222,lexicon_entry,lexicon_definition,LEX-EN-000222,unassigned,success,missing,missing_or_conflicting_label,False,False,['Label status is missing']
LEX-EN-000222__EX,LEX-EN-000222,lexicon_entry,lexicon_example,LEX-EN-000222,unassigned,success,missing,missing_or_conflicting_label,False,False,['Label status is missing']
LEX-EN-000223__DEF,LEX-EN-000223,lexicon_entry,lexicon_definition,LEX-EN-000223,unassigned,success,missing,missing_or_conflicting_label,False,False,['Label status is missing']
LEX-EN-000223__EX,LEX-EN-000223,lexicon_entry,lexicon_example,LEX-EN-000223,unassigned,success,missing,missing_or_conflicting_label,False,False,['Label status is missing']
LEX-EN-000224__DEF,LEX-EN-000224,lexicon_entry,lexicon_definition,LEX-EN-000224,unassigned,success,missing,missing_or_conflicting_label,False,False,['Label status is missing']
LEX-EN-000224__EX,LEX-EN-000224,lexicon_entry,lexicon_example,LEX-EN-000224,unassigned,success,missing,missing_or_conflicting_label,False,False,['Label status is missing']
LEX-EN-000225__DEF,LEX-EN-000225,lexicon_entry,lexicon_definition,LEX-EN-000225,unassigned,success,missing,missing_or_conflicting_label,False,False,['Label status is missing']
LEX-EN-000225__EX,LEX-EN-000225,lexicon_entry,lexicon_example,LEX-EN-000225,unassigned,success,missing,missing_or_conflicting_label,False,False,['Label status is missing']
LEX-EN-000226__DEF,LEX-EN-000226,lexicon_entry,lexicon_definition,LEX-EN-000226,unassigned,success,missing,missing_or_conflicting_label,False,False,['Label status is missing']
LEX-EN-000226__EX,LEX-EN-000226,lexicon_entry,lexicon_example,LEX-EN-000226,unassigned,success,missing,missing_or_conflicting_label,False,False,['Label status is missing']
LEX-EN-000227__DEF,LEX-EN-000227,lexicon_entry,lexicon_definition,LEX-EN-000227,unassigned,success,missing,missing_or_conflicting_label,False,False,['Label status is missing']
LEX-EN-000227__EX,LEX-EN-000227,lexicon_entry,lexicon_example,LEX-EN-000227,unassigned,manual_review_required,missing,missing_or_conflicting_label,False,False,['Label status is missing']
LEX-EN-000228__DEF,LEX-EN-000228,lexicon_entry,lexicon_definition,LEX-EN-000228,unassigned,manual_review_required,missing,missing_or_conflicting_label,False,False,['Label status is missing']
LEX-EN-000228__EX,LEX-EN-000228,lexicon_entry,lexicon_example,LEX-EN-000228,unassigned,success,missing,missing_or_conflicting_label,False,False,['Label status is missing']
LEX-EN-000229__DEF,LEX-EN-000229,lexicon_entry,lexicon_definition,LEX-EN-000229,unassigned,success,missing,missing_or_conflicting_label,False,False,['Label status is missing']
LEX-EN-000229__EX,LEX-EN-000229,lexicon_entry,lexicon_example,LEX-EN-000229,unassigned,success,missing,missing_or_conflicting_label,False,False,['Label status is missing']
LEX-EN-000230__DEF,LEX-EN-000230,lexicon_entry,lexicon_definition,LEX-EN-000230,unassigned,success,missing,missing_or_conflicting_label,False,False,['Label status is missing']
LEX-EN-000230__EX,LEX-EN-000230,lexicon_entry,lexicon_example,LEX-EN-000230,unassigned,success,missing,missing_or_conflicting_label,False,False,['Label status is missing']
LEX-EN-000231__DEF,LEX-EN-000231,lexicon_entry,lexicon_definition,LEX-EN-000231,unassigned,success,missing,missing_or_conflicting_label,False,False,['Label status is missing']
LEX-EN-000231__EX,LEX-EN-000231,lexicon_entry,lexicon_example,LEX-EN-000231,unassigned,success,missing,missing_or_conflicting_label,False,False,['Label status is missing']
LEX-EN-000232__DEF,LEX-EN-000232,lexicon_entry,lexicon_definition,LEX-EN-000232,unassigned,manual_review_required,missing,missing_or_conflicting_label,False,False,['Label status is missing']
LEX-EN-000232__EX,LEX-EN-000232,lexicon_entry,lexicon_example,LEX-EN-000232,unassigned,success,missing,missing_or_conflicting_label,False,False,['Label status is missing']
LEX-EN-000233__DEF,LEX-EN-000233,lexicon_entry,lexicon_definition,LEX-EN-000233,unassigned,success,missing,missing_or_conflicting_label,False,False,['Label status is missing']
LEX-EN-000233__EX,LEX-EN-000233,lexicon_entry,lexicon_example,LEX-EN-000233,unassigned,success,missing,missing_or_conflicting_label,False,False,['Label status is missing']
LEX-EN-000234__DEF,LEX-EN-000234,lexicon_entry,lexicon_definition,LEX-EN-000234,unassigned,success,missing,missing_or_conflicting_label,False,False,['Label status is missing']
LEX-EN-000234__EX,LEX-EN-000234,lexicon_entry,lexicon_example,LEX-EN-000234,unassigned,success,missing,missing_or_conflicting_label,False,False,['Label status is missing']
LEX-EN-000235__DEF,LEX-EN-000235,lexicon_entry,lexicon_definition,LEX-EN-000235,unassigned,success,missing,missing_or_conflicting_label,False,False,['Label status is missing']
LEX-EN-000235__EX,LEX-EN-000235,lexicon_entry,lexicon_example,LEX-EN-000235,unassigned,success,missing,missing_or_conflicting_label,False,False,['Label status is missing']
LEX-EN-000236__DEF,LEX-EN-000236,lexicon_entry,lexicon_definition,LEX-EN-000236,unassigned,success,missing,missing_or_conflicting_label,False,False,['Label status is missing']
LEX-EN-000236__EX,LEX-EN-000236,lexicon_entry,lexicon_example,LEX-EN-000236,unassigned,success,missing,missing_or_conflicting_label,False,False,['Label status is missing']
LEX-EN-000237__DEF,LEX-EN-000237,lexicon_entry,lexicon_definition,LEX-EN-000237,unassigned,success,missing,missing_or_conflicting_label,False,False,['Label status is missing']
LEX-EN-000237__EX,LEX-EN-000237,lexicon_entry,lexicon_example,LEX-EN-000237,unassigned,success,missing,missing_or_conflicting_label,False,False,['Label status is missing']
LEX-EN-000238__DEF,LEX-EN-000238,lexicon_entry,lexicon_definition,LEX-EN-000238,unassigned,success,missing,missing_or_conflicting_label,False,False,['Label status is missing']
LEX-EN-000238__EX,LEX-EN-000238,lexicon_entry,lexicon_example,LEX-EN-000238,unassigned,success,missing,missing_or_conflicting_label,False,False,['Label status is missing']
LEX-EN-000239__DEF,LEX-EN-000239,lexicon_entry,lexicon_definition,LEX-EN-000239,unassigned,success,missing,missing_or_conflicting_label,False,False,['Label status is missing']
LEX-EN-000239__EX,LEX-EN-000239,lexicon_entry,lexicon_example,LEX-EN-000239,unassigned,manual_review_required,missing,missing_or_conflicting_label,False,False,['Label status is missing']
LEX-EN-000240__DEF,LEX-EN-000240,lexicon_entry,lexicon_definition,LEX-EN-000240,unassigned,manual_review_required,missing,missing_or_conflicting_label,False,False,['Label status is missing']
LEX-EN-000240__EX,LEX-EN-000240,lexicon_entry,lexicon_example,LEX-EN-000240,unassigned,success,missing,missing_or_conflicting_label,False,False,['Label status is missing']
LEX-EN-000241__DEF,LEX-EN-000241,lexicon_entry,lexicon_definition,LEX-EN-000241,unassigned,success,missing,missing_or_conflicting_label,False,False,['Label status is missing']
LEX-EN-000241__EX,LEX-EN-000241,lexicon_entry,lexicon_example,LEX-EN-000241,unassigned,success,missing,missing_or_conflicting_label,False,False,['Label status is missing']
LEX-EN-000242__DEF,LEX-EN-000242,lexicon_entry,lexicon_definition,LEX-EN-000242,unassigned,success,missing,missing_or_conflicting_label,False,False,['Label status is missing']
LEX-EN-000242__EX,LEX-EN-000242,lexicon_entry,lexicon_example,LEX-EN-000242,unassigned,success,missing,missing_or_conflicting_label,False,False,['Label status is missing']
LEX-EN-000243__DEF,LEX-EN-000243,lexicon_entry,lexicon_definition,LEX-EN-000243,unassigned,success,missing,missing_or_conflicting_label,False,False,['Label status is missing']
LEX-EN-000243__EX,LEX-EN-000243,lexicon_entry,lexicon_example,LEX-EN-000243,unassigned,success,missing,missing_or_conflicting_label,False,False,['Label status is missing']
LEX-EN-000244__DEF,LEX-EN-000244,lexicon_entry,lexicon_definition,LEX-EN-000244,unassigned,manual_review_required,missing,missing_or_conflicting_label,False,False,['Label status is missing']
LEX-EN-000244__EX,LEX-EN-000244,lexicon_entry,lexicon_example,LEX-EN-000244,unassigned,success,missing,missing_or_conflicting_label,False,False,['Label status is missing']
LEX-EN-000245__DEF,LEX-EN-000245,lexicon_entry,lexicon_definition,LEX-EN-000245,unassigned,success,missing,missing_or_conflicting_label,False,False,['Label status is missing']
LEX-EN-000245__EX,LEX-EN-000245,lexicon_entry,lexicon_example,LEX-EN-000245,unassigned,success,missing,missing_or_conflicting_label,False,False,['Label status is missing']
LEX-EN-000246__DEF,LEX-EN-000246,lexicon_entry,lexicon_definition,LEX-EN-000246,unassigned,success,missing,missing_or_conflicting_label,False,False,['Label status is missing']
LEX-EN-000246__EX,LEX-EN-000246,lexicon_entry,lexicon_example,LEX-EN-000246,unassigned,success,missing,missing_or_conflicting_label,False,False,['Label status is missing']
LEX-EN-000247__DEF,LEX-EN-000247,lexicon_entry,lexicon_definition,LEX-EN-000247,unassigned,success,missing,missing_or_conflicting_label,False,False,['Label status is missing']
LEX-EN-000247__EX,LEX-EN-000247,lexicon_entry,lexicon_example,LEX-EN-000247,unassigned,success,missing,missing_or_conflicting_label,False,False,['Label status is missing']
LEX-EN-000248__DEF,LEX-EN-000248,lexicon_entry,lexicon_definition,LEX-EN-000248,unassigned,success,missing,missing_or_conflicting_label,False,False,['Label status is missing']
LEX-EN-000248__EX,LEX-EN-000248,lexicon_entry,lexicon_example,LEX-EN-000248,unassigned,success,missing,missing_or_conflicting_label,False,False,['Label status is missing']
LEX-EN-000249__DEF,LEX-EN-000249,lexicon_entry,lexicon_definition,LEX-EN-000249,unassigned,success,missing,missing_or_conflicting_label,False,False,['Label status is missing']
LEX-EN-000249__EX,LEX-EN-000249,lexicon_entry,lexicon_example,LEX-EN-000249,unassigned,success,missing,missing_or_conflicting_label,False,False,['Label status is missing']
LEX-EN-000250__DEF,LEX-EN-000250,lexicon_entry,lexicon_definition,LEX-EN-000250,unassigned,success,missing,missing_or_conflicting_label,False,False,['Label status is missing']
LEX-EN-000250__EX,LEX-EN-000250,lexicon_entry,lexicon_example,LEX-EN-000250,unassigned,success,missing,missing_or_conflicting_label,False,False,['Label status is missing']
LEX-EN-000251__DEF,LEX-EN-000251,lexicon_entry,lexicon_definition,LEX-EN-000251,unassigned,success,missing,missing_or_conflicting_label,False,False,['Label status is missing']
LEX-EN-000251__EX,LEX-EN-000251,lexicon_entry,lexicon_example,LEX-EN-000251,unassigned,manual_review_required,missing,missing_or_conflicting_label,False,False,['Label status is missing']
LEX-EN-000252__DEF,LEX-EN-000252,lexicon_entry,lexicon_definition,LEX-EN-000252,unassigned,manual_review_required,missing,missing_or_conflicting_label,False,False,['Label status is missing']
LEX-EN-000252__EX,LEX-EN-000252,lexicon_entry,lexicon_example,LEX-EN-000252,unassigned,success,missing,missing_or_conflicting_label,False,False,['Label status is missing']
LEX-EN-000253__DEF,LEX-EN-000253,lexicon_entry,lexicon_definition,LEX-EN-000253,unassigned,success,missing,missing_or_conflicting_label,False,False,['Label status is missing']
LEX-EN-000253__EX,LEX-EN-000253,lexicon_entry,lexicon_example,LEX-EN-000253,unassigned,success,missing,missing_or_conflicting_label,False,False,['Label status is missing']
LEX-EN-000254__DEF,LEX-EN-000254,lexicon_entry,lexicon_definition,LEX-EN-000254,unassigned,success,missing,missing_or_conflicting_label,False,False,['Label status is missing']
LEX-EN-000254__EX,LEX-EN-000254,lexicon_entry,lexicon_example,LEX-EN-000254,unassigned,success,missing,missing_or_conflicting_label,False,False,['Label status is missing']
LEX-EN-000255__DEF,LEX-EN-000255,lexicon_entry,lexicon_definition,LEX-EN-000255,unassigned,success,missing,missing_or_conflicting_label,False,False,['Label status is missing']
LEX-EN-000255__EX,LEX-EN-000255,lexicon_entry,lexicon_example,LEX-EN-000255,unassigned,success,missing,missing_or_conflicting_label,False,False,['Label status is missing']
LEX-EN-000256__DEF,LEX-EN-000256,lexicon_entry,lexicon_definition,LEX-EN-000256,unassigned,manual_review_required,missing,missing_or_conflicting_label,False,False,['Label status is missing']
LEX-EN-000256__EX,LEX-EN-000256,lexicon_entry,lexicon_example,LEX-EN-000256,unassigned,success,missing,missing_or_conflicting_label,False,False,['Label status is missing']
LEX-EN-000257__DEF,LEX-EN-000257,lexicon_entry,lexicon_definition,LEX-EN-000257,unassigned,success,missing,missing_or_conflicting_label,False,False,['Label status is missing']
LEX-EN-000257__EX,LEX-EN-000257,lexicon_entry,lexicon_example,LEX-EN-000257,unassigned,success,missing,missing_or_conflicting_label,False,False,['Label status is missing']
LEX-EN-000258__DEF,LEX-EN-000258,lexicon_entry,lexicon_definition,LEX-EN-000258,unassigned,success,missing,missing_or_conflicting_label,False,False,['Label status is missing']
LEX-EN-000258__EX,LEX-EN-000258,lexicon_entry,lexicon_example,LEX-EN-000258,unassigned,success,missing,missing_or_conflicting_label,False,False,['Label status is missing']
LEX-EN-000259__DEF,LEX-EN-000259,lexicon_entry,lexicon_definition,LEX-EN-000259,unassigned,success,missing,missing_or_conflicting_label,False,False,['Label status is missing']
LEX-EN-000259__EX,LEX-EN-000259,lexicon_entry,lexicon_example,LEX-EN-000259,unassigned,success,missing,missing_or_conflicting_label,False,False,['Label status is missing']
LEX-EN-000260__DEF,LEX-EN-000260,lexicon_entry,lexicon_definition,LEX-EN-000260,unassigned,success,missing,missing_or_conflicting_label,False,False,['Label status is missing']
LEX-EN-000260__EX,LEX-EN-000260,lexicon_entry,lexicon_example,LEX-EN-000260,unassigned,success,missing,missing_or_conflicting_label,False,False,['Label status is missing']
LEX-EN-000261__DEF,LEX-EN-000261,lexicon_entry,lexicon_definition,LEX-EN-000261,unassigned,success,missing,missing_or_conflicting_label,False,False,['Label status is missing']
LEX-EN-000261__EX,LEX-EN-000261,lexicon_entry,lexicon_example,LEX-EN-000261,unassigned,success,missing,missing_or_conflicting_label,False,False,['Label status is missing']
LEX-EN-000262__DEF,LEX-EN-000262,lexicon_entry,lexicon_definition,LEX-EN-000262,unassigned,success,missing,missing_or_conflicting_label,False,False,['Label status is missing']
LEX-EN-000262__EX,LEX-EN-000262,lexicon_entry,lexicon_example,LEX-EN-000262,unassigned,success,missing,missing_or_conflicting_label,False,False,['Label status is missing']
LEX-EN-000263__DEF,LEX-EN-000263,lexicon_entry,lexicon_definition,LEX-EN-000263,unassigned,success,missing,missing_or_conflicting_label,False,False,['Label status is missing']
LEX-EN-000263__EX,LEX-EN-000263,lexicon_entry,lexicon_example,LEX-EN-000263,unassigned,manual_review_required,missing,missing_or_conflicting_label,False,False,['Label status is missing']
LEX-EN-000264__DEF,LEX-EN-000264,lexicon_entry,lexicon_definition,LEX-EN-000264,unassigned,manual_review_required,missing,missing_or_conflicting_label,False,False,['Label status is missing']
LEX-EN-000264__EX,LEX-EN-000264,lexicon_entry,lexicon_example,LEX-EN-000264,unassigned,success,missing,missing_or_conflicting_label,False,False,['Label status is missing']
LEX-EN-000265__DEF,LEX-EN-000265,lexicon_entry,lexicon_definition,LEX-EN-000265,unassigned,success,missing,missing_or_conflicting_label,False,False,['Label status is missing']
LEX-EN-000265__EX,LEX-EN-000265,lexicon_entry,lexicon_example,LEX-EN-000265,unassigned,success,missing,missing_or_conflicting_label,False,False,['Label status is missing']
LEX-EN-000266__DEF,LEX-EN-000266,lexicon_entry,lexicon_definition,LEX-EN-000266,unassigned,success,missing,missing_or_conflicting_label,False,False,['Label status is missing']
LEX-EN-000266__EX,LEX-EN-000266,lexicon_entry,lexicon_example,LEX-EN-000266,unassigned,success,missing,missing_or_conflicting_label,False,False,['Label status is missing']
LEX-EN-000267__DEF,LEX-EN-000267,lexicon_entry,lexicon_definition,LEX-EN-000267,unassigned,success,missing,missing_or_conflicting_label,False,False,['Label status is missing']
LEX-EN-000267__EX,LEX-EN-000267,lexicon_entry,lexicon_example,LEX-EN-000267,unassigned,success,missing,missing_or_conflicting_label,False,False,['Label status is missing']
LEX-EN-000268__DEF,LEX-EN-000268,lexicon_entry,lexicon_definition,LEX-EN-000268,unassigned,manual_review_required,missing,missing_or_conflicting_label,False,False,['Label status is missing']
LEX-EN-000268__EX,LEX-EN-000268,lexicon_entry,lexicon_example,LEX-EN-000268,unassigned,success,missing,missing_or_conflicting_label,False,False,['Label status is missing']
LEX-EN-000269__DEF,LEX-EN-000269,lexicon_entry,lexicon_definition,LEX-EN-000269,unassigned,success,missing,missing_or_conflicting_label,False,False,['Label status is missing']
LEX-EN-000269__EX,LEX-EN-000269,lexicon_entry,lexicon_example,LEX-EN-000269,unassigned,success,missing,missing_or_conflicting_label,False,False,['Label status is missing']
LEX-EN-000270__DEF,LEX-EN-000270,lexicon_entry,lexicon_definition,LEX-EN-000270,unassigned,success,missing,missing_or_conflicting_label,False,False,['Label status is missing']
LEX-EN-000270__EX,LEX-EN-000270,lexicon_entry,lexicon_example,LEX-EN-000270,unassigned,success,missing,missing_or_conflicting_label,False,False,['Label status is missing']
LEX-EN-000271__DEF,LEX-EN-000271,lexicon_entry,lexicon_definition,LEX-EN-000271,unassigned,success,missing,missing_or_conflicting_label,False,False,['Label status is missing']
LEX-EN-000271__EX,LEX-EN-000271,lexicon_entry,lexicon_example,LEX-EN-000271,unassigned,success,missing,missing_or_conflicting_label,False,False,['Label status is missing']
LEX-EN-000272__DEF,LEX-EN-000272,lexicon_entry,lexicon_definition,LEX-EN-000272,unassigned,success,missing,missing_or_conflicting_label,False,False,['Label status is missing']
LEX-EN-000272__EX,LEX-EN-000272,lexicon_entry,lexicon_example,LEX-EN-000272,unassigned,success,missing,missing_or_conflicting_label,False,False,['Label status is missing']
LEX-EN-000273__DEF,LEX-EN-000273,lexicon_entry,lexicon_definition,LEX-EN-000273,unassigned,success,missing,missing_or_conflicting_label,False,False,['Label status is missing']
LEX-EN-000273__EX,LEX-EN-000273,lexicon_entry,lexicon_example,LEX-EN-000273,unassigned,success,missing,missing_or_conflicting_label,False,False,['Label status is missing']
LEX-EN-000274__DEF,LEX-EN-000274,lexicon_entry,lexicon_definition,LEX-EN-000274,unassigned,success,missing,missing_or_conflicting_label,False,False,['Label status is missing']
LEX-EN-000274__EX,LEX-EN-000274,lexicon_entry,lexicon_example,LEX-EN-000274,unassigned,success,missing,missing_or_conflicting_label,False,False,['Label status is missing']
LEX-EN-000275__DEF,LEX-EN-000275,lexicon_entry,lexicon_definition,LEX-EN-000275,unassigned,success,missing,missing_or_conflicting_label,False,False,['Label status is missing']
LEX-EN-000275__EX,LEX-EN-000275,lexicon_entry,lexicon_example,LEX-EN-000275,unassigned,manual_review_required,missing,missing_or_conflicting_label,False,False,['Label status is missing']
LEX-EN-000276__DEF,LEX-EN-000276,lexicon_entry,lexicon_definition,LEX-EN-000276,unassigned,manual_review_required,missing,missing_or_conflicting_label,False,False,['Label status is missing']
LEX-EN-000276__EX,LEX-EN-000276,lexicon_entry,lexicon_example,LEX-EN-000276,unassigned,success,missing,missing_or_conflicting_label,False,False,['Label status is missing']
LEX-EN-000277__DEF,LEX-EN-000277,lexicon_entry,lexicon_definition,LEX-EN-000277,unassigned,success,missing,missing_or_conflicting_label,False,False,['Label status is missing']
LEX-EN-000277__EX,LEX-EN-000277,lexicon_entry,lexicon_example,LEX-EN-000277,unassigned,success,missing,missing_or_conflicting_label,False,False,['Label status is missing']
LEX-EN-000278__DEF,LEX-EN-000278,lexicon_entry,lexicon_definition,LEX-EN-000278,unassigned,success,missing,missing_or_conflicting_label,False,False,['Label status is missing']
LEX-EN-000278__EX,LEX-EN-000278,lexicon_entry,lexicon_example,LEX-EN-000278,unassigned,success,missing,missing_or_conflicting_label,False,False,['Label status is missing']
LEX-EN-000279__DEF,LEX-EN-000279,lexicon_entry,lexicon_definition,LEX-EN-000279,unassigned,success,missing,missing_or_conflicting_label,False,False,['Label status is missing']
LEX-EN-000279__EX,LEX-EN-000279,lexicon_entry,lexicon_example,LEX-EN-000279,unassigned,success,missing,missing_or_conflicting_label,False,False,['Label status is missing']
LEX-EN-000280__DEF,LEX-EN-000280,lexicon_entry,lexicon_definition,LEX-EN-000280,unassigned,manual_review_required,missing,missing_or_conflicting_label,False,False,['Label status is missing']
LEX-EN-000280__EX,LEX-EN-000280,lexicon_entry,lexicon_example,LEX-EN-000280,unassigned,success,missing,missing_or_conflicting_label,False,False,['Label status is missing']
LEX-EN-000281__DEF,LEX-EN-000281,lexicon_entry,lexicon_definition,LEX-EN-000281,unassigned,success,missing,missing_or_conflicting_label,False,False,['Label status is missing']
LEX-EN-000281__EX,LEX-EN-000281,lexicon_entry,lexicon_example,LEX-EN-000281,unassigned,success,missing,missing_or_conflicting_label,False,False,['Label status is missing']
LEX-EN-000282__DEF,LEX-EN-000282,lexicon_entry,lexicon_definition,LEX-EN-000282,unassigned,success,missing,missing_or_conflicting_label,False,False,['Label status is missing']
LEX-EN-000282__EX,LEX-EN-000282,lexicon_entry,lexicon_example,LEX-EN-000282,unassigned,success,missing,missing_or_conflicting_label,False,False,['Label status is missing']
LEX-EN-000283__DEF,LEX-EN-000283,lexicon_entry,lexicon_definition,LEX-EN-000283,unassigned,success,missing,missing_or_conflicting_label,False,False,['Label status is missing']
LEX-EN-000283__EX,LEX-EN-000283,lexicon_entry,lexicon_example,LEX-EN-000283,unassigned,success,missing,missing_or_conflicting_label,False,False,['Label status is missing']
LEX-EN-000284__DEF,LEX-EN-000284,lexicon_entry,lexicon_definition,LEX-EN-000284,unassigned,success,missing,missing_or_conflicting_label,False,False,['Label status is missing']
LEX-EN-000284__EX,LEX-EN-000284,lexicon_entry,lexicon_example,LEX-EN-000284,unassigned,success,missing,missing_or_conflicting_label,False,False,['Label status is missing']
LEX-EN-000285__DEF,LEX-EN-000285,lexicon_entry,lexicon_definition,LEX-EN-000285,unassigned,success,missing,missing_or_conflicting_label,False,False,['Label status is missing']
LEX-EN-000285__EX,LEX-EN-000285,lexicon_entry,lexicon_example,LEX-EN-000285,unassigned,success,missing,missing_or_conflicting_label,False,False,['Label status is missing']
LEX-EN-000286__DEF,LEX-EN-000286,lexicon_entry,lexicon_definition,LEX-EN-000286,unassigned,success,missing,missing_or_conflicting_label,False,False,['Label status is missing']
LEX-EN-000286__EX,LEX-EN-000286,lexicon_entry,lexicon_example,LEX-EN-000286,unassigned,success,missing,missing_or_conflicting_label,False,False,['Label status is missing']
LEX-EN-000287__DEF,LEX-EN-000287,lexicon_entry,lexicon_definition,LEX-EN-000287,unassigned,success,missing,missing_or_conflicting_label,False,False,['Label status is missing']
LEX-EN-000287__EX,LEX-EN-000287,lexicon_entry,lexicon_example,LEX-EN-000287,unassigned,manual_review_required,missing,missing_or_conflicting_label,False,False,['Label status is missing']
LEX-EN-000288__DEF,LEX-EN-000288,lexicon_entry,lexicon_definition,LEX-EN-000288,unassigned,manual_review_required,missing,missing_or_conflicting_label,False,False,['Label status is missing']
LEX-EN-000288__EX,LEX-EN-000288,lexicon_entry,lexicon_example,LEX-EN-000288,unassigned,success,missing,missing_or_conflicting_label,False,False,['Label status is missing']
LEX-EN-000289__DEF,LEX-EN-000289,lexicon_entry,lexicon_definition,LEX-EN-000289,unassigned,success,missing,missing_or_conflicting_label,False,False,['Label status is missing']
LEX-EN-000289__EX,LEX-EN-000289,lexicon_entry,lexicon_example,LEX-EN-000289,unassigned,success,missing,missing_or_conflicting_label,False,False,['Label status is missing']
LEX-EN-000290__DEF,LEX-EN-000290,lexicon_entry,lexicon_definition,LEX-EN-000290,unassigned,success,missing,missing_or_conflicting_label,False,False,['Label status is missing']
LEX-EN-000290__EX,LEX-EN-000290,lexicon_entry,lexicon_example,LEX-EN-000290,unassigned,success,missing,missing_or_conflicting_label,False,False,['Label status is missing']
LEX-EN-000291__DEF,LEX-EN-000291,lexicon_entry,lexicon_definition,LEX-EN-000291,unassigned,success,missing,missing_or_conflicting_label,False,False,['Label status is missing']
LEX-EN-000291__EX,LEX-EN-000291,lexicon_entry,lexicon_example,LEX-EN-000291,unassigned,success,missing,missing_or_conflicting_label,False,False,['Label status is missing']
LEX-EN-000292__DEF,LEX-EN-000292,lexicon_entry,lexicon_definition,LEX-EN-000292,unassigned,manual_review_required,missing,missing_or_conflicting_label,False,False,['Label status is missing']
LEX-EN-000292__EX,LEX-EN-000292,lexicon_entry,lexicon_example,LEX-EN-000292,unassigned,success,missing,missing_or_conflicting_label,False,False,['Label status is missing']
LEX-EN-000293__DEF,LEX-EN-000293,lexicon_entry,lexicon_definition,LEX-EN-000293,unassigned,success,missing,missing_or_conflicting_label,False,False,['Label status is missing']
LEX-EN-000293__EX,LEX-EN-000293,lexicon_entry,lexicon_example,LEX-EN-000293,unassigned,success,missing,missing_or_conflicting_label,False,False,['Label status is missing']
LEX-EN-000294__DEF,LEX-EN-000294,lexicon_entry,lexicon_definition,LEX-EN-000294,unassigned,success,missing,missing_or_conflicting_label,False,False,['Label status is missing']
LEX-EN-000294__EX,LEX-EN-000294,lexicon_entry,lexicon_example,LEX-EN-000294,unassigned,success,missing,missing_or_conflicting_label,False,False,['Label status is missing']
LEX-EN-000295__DEF,LEX-EN-000295,lexicon_entry,lexicon_definition,LEX-EN-000295,unassigned,success,missing,missing_or_conflicting_label,False,False,['Label status is missing']
LEX-EN-000295__EX,LEX-EN-000295,lexicon_entry,lexicon_example,LEX-EN-000295,unassigned,success,missing,missing_or_conflicting_label,False,False,['Label status is missing']
LEX-EN-000296__DEF,LEX-EN-000296,lexicon_entry,lexicon_definition,LEX-EN-000296,unassigned,success,missing,missing_or_conflicting_label,False,False,['Label status is missing']
LEX-EN-000296__EX,LEX-EN-000296,lexicon_entry,lexicon_example,LEX-EN-000296,unassigned,success,missing,missing_or_conflicting_label,False,False,['Label status is missing']
LEX-EN-000297__DEF,LEX-EN-000297,lexicon_entry,lexicon_definition,LEX-EN-000297,unassigned,success,missing,missing_or_conflicting_label,False,False,['Label status is missing']
LEX-EN-000297__EX,LEX-EN-000297,lexicon_entry,lexicon_example,LEX-EN-000297,unassigned,success,missing,missing_or_conflicting_label,False,False,['Label status is missing']
LEX-EN-000298__DEF,LEX-EN-000298,lexicon_entry,lexicon_definition,LEX-EN-000298,unassigned,success,missing,missing_or_conflicting_label,False,False,['Label status is missing']
LEX-EN-000298__EX,LEX-EN-000298,lexicon_entry,lexicon_example,LEX-EN-000298,unassigned,success,missing,missing_or_conflicting_label,False,False,['Label status is missing']
LEX-EN-000299__DEF,LEX-EN-000299,lexicon_entry,lexicon_definition,LEX-EN-000299,unassigned,success,missing,missing_or_conflicting_label,False,False,['Label status is missing']
LEX-EN-000299__EX,LEX-EN-000299,lexicon_entry,lexicon_example,LEX-EN-000299,unassigned,manual_review_required,missing,missing_or_conflicting_label,False,False,['Label status is missing']
LEX-EN-000300__DEF,LEX-EN-000300,lexicon_entry,lexicon_definition,LEX-EN-000300,unassigned,manual_review_required,missing,missing_or_conflicting_label,False,False,['Label status is missing']
LEX-EN-000300__EX,LEX-EN-000300,lexicon_entry,lexicon_example,LEX-EN-000300,unassigned,success,missing,missing_or_conflicting_label,False,False,['Label status is missing']
LEX-EN-000301__DEF,LEX-EN-000301,lexicon_entry,lexicon_definition,LEX-EN-000301,unassigned,success,missing,missing_or_conflicting_label,False,False,['Label status is missing']
LEX-EN-000301__EX,LEX-EN-000301,lexicon_entry,lexicon_example,LEX-EN-000301,unassigned,success,missing,missing_or_conflicting_label,False,False,['Label status is missing']
LEX-EN-000302__DEF,LEX-EN-000302,lexicon_entry,lexicon_definition,LEX-EN-000302,unassigned,success,missing,missing_or_conflicting_label,False,False,['Label status is missing']
LEX-EN-000302__EX,LEX-EN-000302,lexicon_entry,lexicon_example,LEX-EN-000302,unassigned,success,missing,missing_or_conflicting_label,False,False,['Label status is missing']
LEX-EN-000303__DEF,LEX-EN-000303,lexicon_entry,lexicon_definition,LEX-EN-000303,unassigned,success,missing,missing_or_conflicting_label,False,False,['Label status is missing']
LEX-EN-000303__EX,LEX-EN-000303,lexicon_entry,lexicon_example,LEX-EN-000303,unassigned,success,missing,missing_or_conflicting_label,False,False,['Label status is missing']
LEX-EN-000304__DEF,LEX-EN-000304,lexicon_entry,lexicon_definition,LEX-EN-000304,unassigned,manual_review_required,missing,missing_or_conflicting_label,False,False,['Label status is missing']
LEX-EN-000304__EX,LEX-EN-000304,lexicon_entry,lexicon_example,LEX-EN-000304,unassigned,success,missing,missing_or_conflicting_label,False,False,['Label status is missing']
LEX-EN-000305__DEF,LEX-EN-000305,lexicon_entry,lexicon_definition,LEX-EN-000305,unassigned,success,missing,missing_or_conflicting_label,False,False,['Label status is missing']
LEX-EN-000305__EX,LEX-EN-000305,lexicon_entry,lexicon_example,LEX-EN-000305,unassigned,success,missing,missing_or_conflicting_label,False,False,['Label status is missing']
LEX-EN-000306__DEF,LEX-EN-000306,lexicon_entry,lexicon_definition,LEX-EN-000306,unassigned,success,missing,missing_or_conflicting_label,False,False,['Label status is missing']
LEX-EN-000306__EX,LEX-EN-000306,lexicon_entry,lexicon_example,LEX-EN-000306,unassigned,success,missing,missing_or_conflicting_label,False,False,['Label status is missing']
LEX-EN-000307__DEF,LEX-EN-000307,lexicon_entry,lexicon_definition,LEX-EN-000307,unassigned,success,missing,missing_or_conflicting_label,False,False,['Label status is missing']
LEX-EN-000307__EX,LEX-EN-000307,lexicon_entry,lexicon_example,LEX-EN-000307,unassigned,success,missing,missing_or_conflicting_label,False,False,['Label status is missing']
LEX-EN-000308__DEF,LEX-EN-000308,lexicon_entry,lexicon_definition,LEX-EN-000308,unassigned,success,missing,missing_or_conflicting_label,False,False,['Label status is missing']
LEX-EN-000308__EX,LEX-EN-000308,lexicon_entry,lexicon_example,LEX-EN-000308,unassigned,success,missing,missing_or_conflicting_label,False,False,['Label status is missing']
LEX-EN-000309__DEF,LEX-EN-000309,lexicon_entry,lexicon_definition,LEX-EN-000309,unassigned,success,missing,missing_or_conflicting_label,False,False,['Label status is missing']
LEX-EN-000309__EX,LEX-EN-000309,lexicon_entry,lexicon_example,LEX-EN-000309,unassigned,success,missing,missing_or_conflicting_label,False,False,['Label status is missing']
LEX-EN-000310__DEF,LEX-EN-000310,lexicon_entry,lexicon_definition,LEX-EN-000310,unassigned,success,missing,missing_or_conflicting_label,False,False,['Label status is missing']
LEX-EN-000310__EX,LEX-EN-000310,lexicon_entry,lexicon_example,LEX-EN-000310,unassigned,success,missing,missing_or_conflicting_label,False,False,['Label status is missing']
LEX-EN-000311__DEF,LEX-EN-000311,lexicon_entry,lexicon_definition,LEX-EN-000311,unassigned,success,missing,missing_or_conflicting_label,False,False,['Label status is missing']
LEX-EN-000311__EX,LEX-EN-000311,lexicon_entry,lexicon_example,LEX-EN-000311,unassigned,manual_review_required,missing,missing_or_conflicting_label,False,False,['Label status is missing']
LEX-EN-000312__DEF,LEX-EN-000312,lexicon_entry,lexicon_definition,LEX-EN-000312,unassigned,manual_review_required,missing,missing_or_conflicting_label,False,False,['Label status is missing']
LEX-EN-000312__EX,LEX-EN-000312,lexicon_entry,lexicon_example,LEX-EN-000312,unassigned,success,missing,missing_or_conflicting_label,False,False,['Label status is missing']
LEX-EN-000313__DEF,LEX-EN-000313,lexicon_entry,lexicon_definition,LEX-EN-000313,unassigned,success,missing,missing_or_conflicting_label,False,False,['Label status is missing']
LEX-EN-000313__EX,LEX-EN-000313,lexicon_entry,lexicon_example,LEX-EN-000313,unassigned,success,missing,missing_or_conflicting_label,False,False,['Label status is missing']
LEX-EN-000314__DEF,LEX-EN-000314,lexicon_entry,lexicon_definition,LEX-EN-000314,unassigned,success,missing,missing_or_conflicting_label,False,False,['Label status is missing']
LEX-EN-000314__EX,LEX-EN-000314,lexicon_entry,lexicon_example,LEX-EN-000314,unassigned,success,missing,missing_or_conflicting_label,False,False,['Label status is missing']
LEX-EN-000315__DEF,LEX-EN-000315,lexicon_entry,lexicon_definition,LEX-EN-000315,unassigned,success,missing,missing_or_conflicting_label,False,False,['Label status is missing']
LEX-EN-000315__EX,LEX-EN-000315,lexicon_entry,lexicon_example,LEX-EN-000315,unassigned,success,missing,missing_or_conflicting_label,False,False,['Label status is missing']
LEX-EN-000316__DEF,LEX-EN-000316,lexicon_entry,lexicon_definition,LEX-EN-000316,unassigned,manual_review_required,missing,missing_or_conflicting_label,False,False,['Label status is missing']
LEX-EN-000316__EX,LEX-EN-000316,lexicon_entry,lexicon_example,LEX-EN-000316,unassigned,success,missing,missing_or_conflicting_label,False,False,['Label status is missing']
LEX-EN-000317__DEF,LEX-EN-000317,lexicon_entry,lexicon_definition,LEX-EN-000317,unassigned,success,missing,missing_or_conflicting_label,False,False,['Label status is missing']
LEX-EN-000317__EX,LEX-EN-000317,lexicon_entry,lexicon_example,LEX-EN-000317,unassigned,success,missing,missing_or_conflicting_label,False,False,['Label status is missing']
LEX-EN-000318__DEF,LEX-EN-000318,lexicon_entry,lexicon_definition,LEX-EN-000318,unassigned,success,missing,missing_or_conflicting_label,False,False,['Label status is missing']
LEX-EN-000318__EX,LEX-EN-000318,lexicon_entry,lexicon_example,LEX-EN-000318,unassigned,success,missing,missing_or_conflicting_label,False,False,['Label status is missing']
LEX-EN-000319__DEF,LEX-EN-000319,lexicon_entry,lexicon_definition,LEX-EN-000319,unassigned,success,missing,missing_or_conflicting_label,False,False,['Label status is missing']
LEX-EN-000319__EX,LEX-EN-000319,lexicon_entry,lexicon_example,LEX-EN-000319,unassigned,success,missing,missing_or_conflicting_label,False,False,['Label status is missing']
LEX-EN-000320__DEF,LEX-EN-000320,lexicon_entry,lexicon_definition,LEX-EN-000320,unassigned,success,missing,missing_or_conflicting_label,False,False,['Label status is missing']
LEX-EN-000320__EX,LEX-EN-000320,lexicon_entry,lexicon_example,LEX-EN-000320,unassigned,success,missing,missing_or_conflicting_label,False,False,['Label status is missing']
LEX-EN-000321__DEF,LEX-EN-000321,lexicon_entry,lexicon_definition,LEX-EN-000321,unassigned,success,missing,missing_or_conflicting_label,False,False,['Label status is missing']
LEX-EN-000321__EX,LEX-EN-000321,lexicon_entry,lexicon_example,LEX-EN-000321,unassigned,success,missing,missing_or_conflicting_label,False,False,['Label status is missing']
LEX-EN-000322__DEF,LEX-EN-000322,lexicon_entry,lexicon_definition,LEX-EN-000322,unassigned,success,missing,missing_or_conflicting_label,False,False,['Label status is missing']
LEX-EN-000322__EX,LEX-EN-000322,lexicon_entry,lexicon_example,LEX-EN-000322,unassigned,success,missing,missing_or_conflicting_label,False,False,['Label status is missing']
LEX-EN-000323__DEF,LEX-EN-000323,lexicon_entry,lexicon_definition,LEX-EN-000323,unassigned,success,missing,missing_or_conflicting_label,False,False,['Label status is missing']
LEX-EN-000323__EX,LEX-EN-000323,lexicon_entry,lexicon_example,LEX-EN-000323,unassigned,manual_review_required,missing,missing_or_conflicting_label,False,False,['Label status is missing']
LEX-EN-000324__DEF,LEX-EN-000324,lexicon_entry,lexicon_definition,LEX-EN-000324,unassigned,manual_review_required,missing,missing_or_conflicting_label,False,False,['Label status is missing']
LEX-EN-000324__EX,LEX-EN-000324,lexicon_entry,lexicon_example,LEX-EN-000324,unassigned,success,missing,missing_or_conflicting_label,False,False,['Label status is missing']
LEX-EN-000325__DEF,LEX-EN-000325,lexicon_entry,lexicon_definition,LEX-EN-000325,unassigned,success,missing,missing_or_conflicting_label,False,False,['Label status is missing']
LEX-EN-000325__EX,LEX-EN-000325,lexicon_entry,lexicon_example,LEX-EN-000325,unassigned,success,missing,missing_or_conflicting_label,False,False,['Label status is missing']
LEX-EN-000326__DEF,LEX-EN-000326,lexicon_entry,lexicon_definition,LEX-EN-000326,unassigned,success,missing,missing_or_conflicting_label,False,False,['Label status is missing']
LEX-EN-000326__EX,LEX-EN-000326,lexicon_entry,lexicon_example,LEX-EN-000326,unassigned,success,missing,missing_or_conflicting_label,False,False,['Label status is missing']
LEX-EN-000327__DEF,LEX-EN-000327,lexicon_entry,lexicon_definition,LEX-EN-000327,unassigned,success,missing,missing_or_conflicting_label,False,False,['Label status is missing']
LEX-EN-000327__EX,LEX-EN-000327,lexicon_entry,lexicon_example,LEX-EN-000327,unassigned,success,missing,missing_or_conflicting_label,False,False,['Label status is missing']
LEX-EN-000328__DEF,LEX-EN-000328,lexicon_entry,lexicon_definition,LEX-EN-000328,unassigned,manual_review_required,missing,missing_or_conflicting_label,False,False,['Label status is missing']
LEX-EN-000328__EX,LEX-EN-000328,lexicon_entry,lexicon_example,LEX-EN-000328,unassigned,success,missing,missing_or_conflicting_label,False,False,['Label status is missing']
LEX-EN-000329__DEF,LEX-EN-000329,lexicon_entry,lexicon_definition,LEX-EN-000329,unassigned,success,missing,missing_or_conflicting_label,False,False,['Label status is missing']
LEX-EN-000329__EX,LEX-EN-000329,lexicon_entry,lexicon_example,LEX-EN-000329,unassigned,success,missing,missing_or_conflicting_label,False,False,['Label status is missing']
LEX-EN-000330__DEF,LEX-EN-000330,lexicon_entry,lexicon_definition,LEX-EN-000330,unassigned,success,missing,missing_or_conflicting_label,False,False,['Label status is missing']
LEX-EN-000330__EX,LEX-EN-000330,lexicon_entry,lexicon_example,LEX-EN-000330,unassigned,success,missing,missing_or_conflicting_label,False,False,['Label status is missing']
LEX-EN-000331__DEF,LEX-EN-000331,lexicon_entry,lexicon_definition,LEX-EN-000331,unassigned,success,missing,missing_or_conflicting_label,False,False,['Label status is missing']
LEX-EN-000331__EX,LEX-EN-000331,lexicon_entry,lexicon_example,LEX-EN-000331,unassigned,success,missing,missing_or_conflicting_label,False,False,['Label status is missing']
LEX-EN-000332__DEF,LEX-EN-000332,lexicon_entry,lexicon_definition,LEX-EN-000332,unassigned,success,missing,missing_or_conflicting_label,False,False,['Label status is missing']
LEX-EN-000332__EX,LEX-EN-000332,lexicon_entry,lexicon_example,LEX-EN-000332,unassigned,success,missing,missing_or_conflicting_label,False,False,['Label status is missing']
LEX-EN-000333__DEF,LEX-EN-000333,lexicon_entry,lexicon_definition,LEX-EN-000333,unassigned,success,missing,missing_or_conflicting_label,False,False,['Label status is missing']
LEX-EN-000333__EX,LEX-EN-000333,lexicon_entry,lexicon_example,LEX-EN-000333,unassigned,success,missing,missing_or_conflicting_label,False,False,['Label status is missing']
LEX-EN-000334__DEF,LEX-EN-000334,lexicon_entry,lexicon_definition,LEX-EN-000334,unassigned,success,missing,missing_or_conflicting_label,False,False,['Label status is missing']
LEX-EN-000334__EX,LEX-EN-000334,lexicon_entry,lexicon_example,LEX-EN-000334,unassigned,success,missing,missing_or_conflicting_label,False,False,['Label status is missing']
LEX-EN-000335__DEF,LEX-EN-000335,lexicon_entry,lexicon_definition,LEX-EN-000335,unassigned,success,missing,missing_or_conflicting_label,False,False,['Label status is missing']
LEX-EN-000335__EX,LEX-EN-000335,lexicon_entry,lexicon_example,LEX-EN-000335,unassigned,manual_review_required,missing,missing_or_conflicting_label,False,False,['Label status is missing']
LEX-EN-000336__DEF,LEX-EN-000336,lexicon_entry,lexicon_definition,LEX-EN-000336,unassigned,manual_review_required,missing,missing_or_conflicting_label,False,False,['Label status is missing']
LEX-EN-000336__EX,LEX-EN-000336,lexicon_entry,lexicon_example,LEX-EN-000336,unassigned,success,missing,missing_or_conflicting_label,False,False,['Label status is missing']
LEX-EN-000337__DEF,LEX-EN-000337,lexicon_entry,lexicon_definition,LEX-EN-000337,unassigned,success,missing,missing_or_conflicting_label,False,False,['Label status is missing']
LEX-EN-000337__EX,LEX-EN-000337,lexicon_entry,lexicon_example,LEX-EN-000337,unassigned,success,missing,missing_or_conflicting_label,False,False,['Label status is missing']
LEX-EN-000338__DEF,LEX-EN-000338,lexicon_entry,lexicon_definition,LEX-EN-000338,unassigned,success,missing,missing_or_conflicting_label,False,False,['Label status is missing']
LEX-EN-000338__EX,LEX-EN-000338,lexicon_entry,lexicon_example,LEX-EN-000338,unassigned,success,missing,missing_or_conflicting_label,False,False,['Label status is missing']
LEX-EN-000339__DEF,LEX-EN-000339,lexicon_entry,lexicon_definition,LEX-EN-000339,unassigned,success,missing,missing_or_conflicting_label,False,False,['Label status is missing']
LEX-EN-000339__EX,LEX-EN-000339,lexicon_entry,lexicon_example,LEX-EN-000339,unassigned,success,missing,missing_or_conflicting_label,False,False,['Label status is missing']
LEX-EN-000340__DEF,LEX-EN-000340,lexicon_entry,lexicon_definition,LEX-EN-000340,unassigned,manual_review_required,missing,missing_or_conflicting_label,False,False,['Label status is missing']
LEX-EN-000340__EX,LEX-EN-000340,lexicon_entry,lexicon_example,LEX-EN-000340,unassigned,success,missing,missing_or_conflicting_label,False,False,['Label status is missing']
LEX-EN-000341__DEF,LEX-EN-000341,lexicon_entry,lexicon_definition,LEX-EN-000341,unassigned,success,missing,missing_or_conflicting_label,False,False,['Label status is missing']
LEX-EN-000341__EX,LEX-EN-000341,lexicon_entry,lexicon_example,LEX-EN-000341,unassigned,success,missing,missing_or_conflicting_label,False,False,['Label status is missing']
LEX-EN-000342__DEF,LEX-EN-000342,lexicon_entry,lexicon_definition,LEX-EN-000342,unassigned,success,missing,missing_or_conflicting_label,False,False,['Label status is missing']
LEX-EN-000342__EX,LEX-EN-000342,lexicon_entry,lexicon_example,LEX-EN-000342,unassigned,success,missing,missing_or_conflicting_label,False,False,['Label status is missing']
LEX-EN-000343__DEF,LEX-EN-000343,lexicon_entry,lexicon_definition,LEX-EN-000343,unassigned,success,missing,missing_or_conflicting_label,False,False,['Label status is missing']
LEX-EN-000343__EX,LEX-EN-000343,lexicon_entry,lexicon_example,LEX-EN-000343,unassigned,success,missing,missing_or_conflicting_label,False,False,['Label status is missing']
LEX-EN-000344__DEF,LEX-EN-000344,lexicon_entry,lexicon_definition,LEX-EN-000344,unassigned,success,missing,missing_or_conflicting_label,False,False,['Label status is missing']
LEX-EN-000344__EX,LEX-EN-000344,lexicon_entry,lexicon_example,LEX-EN-000344,unassigned,success,missing,missing_or_conflicting_label,False,False,['Label status is missing']
LEX-EN-000345__DEF,LEX-EN-000345,lexicon_entry,lexicon_definition,LEX-EN-000345,unassigned,success,missing,missing_or_conflicting_label,False,False,['Label status is missing']
LEX-EN-000345__EX,LEX-EN-000345,lexicon_entry,lexicon_example,LEX-EN-000345,unassigned,success,missing,missing_or_conflicting_label,False,False,['Label status is missing']
LEX-EN-000346__DEF,LEX-EN-000346,lexicon_entry,lexicon_definition,LEX-EN-000346,unassigned,success,missing,missing_or_conflicting_label,False,False,['Label status is missing']
LEX-EN-000346__EX,LEX-EN-000346,lexicon_entry,lexicon_example,LEX-EN-000346,unassigned,success,missing,missing_or_conflicting_label,False,False,['Label status is missing']
LEX-EN-000347__DEF,LEX-EN-000347,lexicon_entry,lexicon_definition,LEX-EN-000347,unassigned,success,missing,missing_or_conflicting_label,False,False,['Label status is missing']
LEX-EN-000347__EX,LEX-EN-000347,lexicon_entry,lexicon_example,LEX-EN-000347,unassigned,manual_review_required,missing,missing_or_conflicting_label,False,False,['Label status is missing']
LEX-EN-000348__DEF,LEX-EN-000348,lexicon_entry,lexicon_definition,LEX-EN-000348,unassigned,manual_review_required,missing,missing_or_conflicting_label,False,False,['Label status is missing']
LEX-EN-000348__EX,LEX-EN-000348,lexicon_entry,lexicon_example,LEX-EN-000348,unassigned,success,missing,missing_or_conflicting_label,False,False,['Label status is missing']
LEX-EN-000349__DEF,LEX-EN-000349,lexicon_entry,lexicon_definition,LEX-EN-000349,unassigned,success,missing,missing_or_conflicting_label,False,False,['Label status is missing']
LEX-EN-000349__EX,LEX-EN-000349,lexicon_entry,lexicon_example,LEX-EN-000349,unassigned,success,missing,missing_or_conflicting_label,False,False,['Label status is missing']
LEX-EN-000350__DEF,LEX-EN-000350,lexicon_entry,lexicon_definition,LEX-EN-000350,unassigned,success,missing,missing_or_conflicting_label,False,False,['Label status is missing']
LEX-EN-000350__EX,LEX-EN-000350,lexicon_entry,lexicon_example,LEX-EN-000350,unassigned,success,missing,missing_or_conflicting_label,False,False,['Label status is missing']
LEX-EN-000351__DEF,LEX-EN-000351,lexicon_entry,lexicon_definition,LEX-EN-000351,unassigned,success,missing,missing_or_conflicting_label,False,False,['Label status is missing']
LEX-EN-000351__EX,LEX-EN-000351,lexicon_entry,lexicon_example,LEX-EN-000351,unassigned,success,missing,missing_or_conflicting_label,False,False,['Label status is missing']
LEX-EN-000352__DEF,LEX-EN-000352,lexicon_entry,lexicon_definition,LEX-EN-000352,unassigned,manual_review_required,missing,missing_or_conflicting_label,False,False,['Label status is missing']
LEX-EN-000352__EX,LEX-EN-000352,lexicon_entry,lexicon_example,LEX-EN-000352,unassigned,success,missing,missing_or_conflicting_label,False,False,['Label status is missing']
LEX-EN-000353__DEF,LEX-EN-000353,lexicon_entry,lexicon_definition,LEX-EN-000353,unassigned,success,missing,missing_or_conflicting_label,False,False,['Label status is missing']
LEX-EN-000353__EX,LEX-EN-000353,lexicon_entry,lexicon_example,LEX-EN-000353,unassigned,success,missing,missing_or_conflicting_label,False,False,['Label status is missing']
LEX-EN-000354__DEF,LEX-EN-000354,lexicon_entry,lexicon_definition,LEX-EN-000354,unassigned,success,missing,missing_or_conflicting_label,False,False,['Label status is missing']
LEX-EN-000354__EX,LEX-EN-000354,lexicon_entry,lexicon_example,LEX-EN-000354,unassigned,success,missing,missing_or_conflicting_label,False,False,['Label status is missing']
LEX-EN-000355__DEF,LEX-EN-000355,lexicon_entry,lexicon_definition,LEX-EN-000355,unassigned,success,missing,missing_or_conflicting_label,False,False,['Label status is missing']
LEX-EN-000355__EX,LEX-EN-000355,lexicon_entry,lexicon_example,LEX-EN-000355,unassigned,success,missing,missing_or_conflicting_label,False,False,['Label status is missing']
LEX-EN-000356__DEF,LEX-EN-000356,lexicon_entry,lexicon_definition,LEX-EN-000356,unassigned,success,missing,missing_or_conflicting_label,False,False,['Label status is missing']
LEX-EN-000356__EX,LEX-EN-000356,lexicon_entry,lexicon_example,LEX-EN-000356,unassigned,success,missing,missing_or_conflicting_label,False,False,['Label status is missing']
LEX-EN-000357__DEF,LEX-EN-000357,lexicon_entry,lexicon_definition,LEX-EN-000357,unassigned,success,missing,missing_or_conflicting_label,False,False,['Label status is missing']
LEX-EN-000357__EX,LEX-EN-000357,lexicon_entry,lexicon_example,LEX-EN-000357,unassigned,success,missing,missing_or_conflicting_label,False,False,['Label status is missing']
LEX-EN-000358__DEF,LEX-EN-000358,lexicon_entry,lexicon_definition,LEX-EN-000358,unassigned,success,missing,missing_or_conflicting_label,False,False,['Label status is missing']
LEX-EN-000358__EX,LEX-EN-000358,lexicon_entry,lexicon_example,LEX-EN-000358,unassigned,success,missing,missing_or_conflicting_label,False,False,['Label status is missing']
LEX-EN-000359__DEF,LEX-EN-000359,lexicon_entry,lexicon_definition,LEX-EN-000359,unassigned,success,missing,missing_or_conflicting_label,False,False,['Label status is missing']
LEX-EN-000359__EX,LEX-EN-000359,lexicon_entry,lexicon_example,LEX-EN-000359,unassigned,manual_review_required,missing,missing_or_conflicting_label,False,False,['Label status is missing']
LEX-EN-000360__DEF,LEX-EN-000360,lexicon_entry,lexicon_definition,LEX-EN-000360,unassigned,manual_review_required,missing,missing_or_conflicting_label,False,False,['Label status is missing']
LEX-EN-000360__EX,LEX-EN-000360,lexicon_entry,lexicon_example,LEX-EN-000360,unassigned,success,missing,missing_or_conflicting_label,False,False,['Label status is missing']
LEX-EN-000361__DEF,LEX-EN-000361,lexicon_entry,lexicon_definition,LEX-EN-000361,unassigned,success,missing,missing_or_conflicting_label,False,False,['Label status is missing']
LEX-EN-000361__EX,LEX-EN-000361,lexicon_entry,lexicon_example,LEX-EN-000361,unassigned,success,missing,missing_or_conflicting_label,False,False,['Label status is missing']
LEX-EN-000362__DEF,LEX-EN-000362,lexicon_entry,lexicon_definition,LEX-EN-000362,unassigned,success,missing,missing_or_conflicting_label,False,False,['Label status is missing']
LEX-EN-000362__EX,LEX-EN-000362,lexicon_entry,lexicon_example,LEX-EN-000362,unassigned,success,missing,missing_or_conflicting_label,False,False,['Label status is missing']
LEX-EN-000363__DEF,LEX-EN-000363,lexicon_entry,lexicon_definition,LEX-EN-000363,unassigned,success,missing,missing_or_conflicting_label,False,False,['Label status is missing']
LEX-EN-000363__EX,LEX-EN-000363,lexicon_entry,lexicon_example,LEX-EN-000363,unassigned,success,missing,missing_or_conflicting_label,False,False,['Label status is missing']
LEX-EN-000364__DEF,LEX-EN-000364,lexicon_entry,lexicon_definition,LEX-EN-000364,unassigned,manual_review_required,missing,missing_or_conflicting_label,False,False,['Label status is missing']
LEX-EN-000364__EX,LEX-EN-000364,lexicon_entry,lexicon_example,LEX-EN-000364,unassigned,success,missing,missing_or_conflicting_label,False,False,['Label status is missing']
LEX-EN-000365__DEF,LEX-EN-000365,lexicon_entry,lexicon_definition,LEX-EN-000365,unassigned,success,missing,missing_or_conflicting_label,False,False,['Label status is missing']
LEX-EN-000365__EX,LEX-EN-000365,lexicon_entry,lexicon_example,LEX-EN-000365,unassigned,success,missing,missing_or_conflicting_label,False,False,['Label status is missing']
LEX-EN-000366__DEF,LEX-EN-000366,lexicon_entry,lexicon_definition,LEX-EN-000366,unassigned,success,missing,missing_or_conflicting_label,False,False,['Label status is missing']
LEX-EN-000366__EX,LEX-EN-000366,lexicon_entry,lexicon_example,LEX-EN-000366,unassigned,success,missing,missing_or_conflicting_label,False,False,['Label status is missing']
LEX-EN-000367__DEF,LEX-EN-000367,lexicon_entry,lexicon_definition,LEX-EN-000367,unassigned,success,missing,missing_or_conflicting_label,False,False,['Label status is missing']
LEX-EN-000367__EX,LEX-EN-000367,lexicon_entry,lexicon_example,LEX-EN-000367,unassigned,success,missing,missing_or_conflicting_label,False,False,['Label status is missing']
LEX-EN-000368__DEF,LEX-EN-000368,lexicon_entry,lexicon_definition,LEX-EN-000368,unassigned,success,missing,missing_or_conflicting_label,False,False,['Label status is missing']
LEX-EN-000368__EX,LEX-EN-000368,lexicon_entry,lexicon_example,LEX-EN-000368,unassigned,success,missing,missing_or_conflicting_label,False,False,['Label status is missing']
LEX-EN-000369__DEF,LEX-EN-000369,lexicon_entry,lexicon_definition,LEX-EN-000369,unassigned,success,missing,missing_or_conflicting_label,False,False,['Label status is missing']
LEX-EN-000369__EX,LEX-EN-000369,lexicon_entry,lexicon_example,LEX-EN-000369,unassigned,success,missing,missing_or_conflicting_label,False,False,['Label status is missing']
LEX-EN-000370__DEF,LEX-EN-000370,lexicon_entry,lexicon_definition,LEX-EN-000370,unassigned,success,missing,missing_or_conflicting_label,False,False,['Label status is missing']
LEX-EN-000370__EX,LEX-EN-000370,lexicon_entry,lexicon_example,LEX-EN-000370,unassigned,success,missing,missing_or_conflicting_label,False,False,['Label status is missing']
LEX-EN-000371__DEF,LEX-EN-000371,lexicon_entry,lexicon_definition,LEX-EN-000371,unassigned,success,missing,missing_or_conflicting_label,False,False,['Label status is missing']
LEX-EN-000371__EX,LEX-EN-000371,lexicon_entry,lexicon_example,LEX-EN-000371,unassigned,manual_review_required,missing,missing_or_conflicting_label,False,False,['Label status is missing']
LEX-EN-000372__DEF,LEX-EN-000372,lexicon_entry,lexicon_definition,LEX-EN-000372,unassigned,manual_review_required,missing,missing_or_conflicting_label,False,False,['Label status is missing']
LEX-EN-000372__EX,LEX-EN-000372,lexicon_entry,lexicon_example,LEX-EN-000372,unassigned,success,missing,missing_or_conflicting_label,False,False,['Label status is missing']
LEX-EN-000373__DEF,LEX-EN-000373,lexicon_entry,lexicon_definition,LEX-EN-000373,unassigned,success,missing,missing_or_conflicting_label,False,False,['Label status is missing']
LEX-EN-000373__EX,LEX-EN-000373,lexicon_entry,lexicon_example,LEX-EN-000373,unassigned,success,missing,missing_or_conflicting_label,False,False,['Label status is missing']
LEX-EN-000374__DEF,LEX-EN-000374,lexicon_entry,lexicon_definition,LEX-EN-000374,unassigned,success,missing,missing_or_conflicting_label,False,False,['Label status is missing']
LEX-EN-000374__EX,LEX-EN-000374,lexicon_entry,lexicon_example,LEX-EN-000374,unassigned,success,missing,missing_or_conflicting_label,False,False,['Label status is missing']
LEX-EN-000375__DEF,LEX-EN-000375,lexicon_entry,lexicon_definition,LEX-EN-000375,unassigned,success,missing,missing_or_conflicting_label,False,False,['Label status is missing']
LEX-EN-000375__EX,LEX-EN-000375,lexicon_entry,lexicon_example,LEX-EN-000375,unassigned,success,missing,missing_or_conflicting_label,False,False,['Label status is missing']
LEX-EN-000376__DEF,LEX-EN-000376,lexicon_entry,lexicon_definition,LEX-EN-000376,unassigned,manual_review_required,missing,missing_or_conflicting_label,False,False,['Label status is missing']
LEX-EN-000376__EX,LEX-EN-000376,lexicon_entry,lexicon_example,LEX-EN-000376,unassigned,success,missing,missing_or_conflicting_label,False,False,['Label status is missing']
LEX-EN-000377__DEF,LEX-EN-000377,lexicon_entry,lexicon_definition,LEX-EN-000377,unassigned,success,missing,missing_or_conflicting_label,False,False,['Label status is missing']
LEX-EN-000377__EX,LEX-EN-000377,lexicon_entry,lexicon_example,LEX-EN-000377,unassigned,success,missing,missing_or_conflicting_label,False,False,['Label status is missing']
LEX-EN-000378__DEF,LEX-EN-000378,lexicon_entry,lexicon_definition,LEX-EN-000378,unassigned,success,missing,missing_or_conflicting_label,False,False,['Label status is missing']
LEX-EN-000378__EX,LEX-EN-000378,lexicon_entry,lexicon_example,LEX-EN-000378,unassigned,success,missing,missing_or_conflicting_label,False,False,['Label status is missing']
LEX-EN-000379__DEF,LEX-EN-000379,lexicon_entry,lexicon_definition,LEX-EN-000379,unassigned,success,missing,missing_or_conflicting_label,False,False,['Label status is missing']
LEX-EN-000379__EX,LEX-EN-000379,lexicon_entry,lexicon_example,LEX-EN-000379,unassigned,success,missing,missing_or_conflicting_label,False,False,['Label status is missing']
LEX-EN-000380__DEF,LEX-EN-000380,lexicon_entry,lexicon_definition,LEX-EN-000380,unassigned,success,missing,missing_or_conflicting_label,False,False,['Label status is missing']
LEX-EN-000380__EX,LEX-EN-000380,lexicon_entry,lexicon_example,LEX-EN-000380,unassigned,success,missing,missing_or_conflicting_label,False,False,['Label status is missing']
LEX-EN-000381__DEF,LEX-EN-000381,lexicon_entry,lexicon_definition,LEX-EN-000381,unassigned,success,missing,missing_or_conflicting_label,False,False,['Label status is missing']
LEX-EN-000381__EX,LEX-EN-000381,lexicon_entry,lexicon_example,LEX-EN-000381,unassigned,success,missing,missing_or_conflicting_label,False,False,['Label status is missing']
LEX-EN-000382__DEF,LEX-EN-000382,lexicon_entry,lexicon_definition,LEX-EN-000382,unassigned,success,missing,missing_or_conflicting_label,False,False,['Label status is missing']
LEX-EN-000382__EX,LEX-EN-000382,lexicon_entry,lexicon_example,LEX-EN-000382,unassigned,success,missing,missing_or_conflicting_label,False,False,['Label status is missing']
LEX-EN-000383__DEF,LEX-EN-000383,lexicon_entry,lexicon_definition,LEX-EN-000383,unassigned,success,missing,missing_or_conflicting_label,False,False,['Label status is missing']
LEX-EN-000383__EX,LEX-EN-000383,lexicon_entry,lexicon_example,LEX-EN-000383,unassigned,manual_review_required,missing,missing_or_conflicting_label,False,False,['Label status is missing']
LEX-EN-000384__DEF,LEX-EN-000384,lexicon_entry,lexicon_definition,LEX-EN-000384,unassigned,manual_review_required,missing,missing_or_conflicting_label,False,False,['Label status is missing']
LEX-EN-000384__EX,LEX-EN-000384,lexicon_entry,lexicon_example,LEX-EN-000384,unassigned,success,missing,missing_or_conflicting_label,False,False,['Label status is missing']
LEX-EN-000385__DEF,LEX-EN-000385,lexicon_entry,lexicon_definition,LEX-EN-000385,unassigned,success,missing,missing_or_conflicting_label,False,False,['Label status is missing']
LEX-EN-000385__EX,LEX-EN-000385,lexicon_entry,lexicon_example,LEX-EN-000385,unassigned,success,missing,missing_or_conflicting_label,False,False,['Label status is missing']
LEX-EN-000386__DEF,LEX-EN-000386,lexicon_entry,lexicon_definition,LEX-EN-000386,unassigned,success,missing,missing_or_conflicting_label,False,False,['Label status is missing']
LEX-EN-000386__EX,LEX-EN-000386,lexicon_entry,lexicon_example,LEX-EN-000386,unassigned,success,missing,missing_or_conflicting_label,False,False,['Label status is missing']
LEX-EN-000387__DEF,LEX-EN-000387,lexicon_entry,lexicon_definition,LEX-EN-000387,unassigned,success,missing,missing_or_conflicting_label,False,False,['Label status is missing']
LEX-EN-000387__EX,LEX-EN-000387,lexicon_entry,lexicon_example,LEX-EN-000387,unassigned,success,missing,missing_or_conflicting_label,False,False,['Label status is missing']
LEX-EN-000388__DEF,LEX-EN-000388,lexicon_entry,lexicon_definition,LEX-EN-000388,unassigned,manual_review_required,missing,missing_or_conflicting_label,False,False,['Label status is missing']
LEX-EN-000388__EX,LEX-EN-000388,lexicon_entry,lexicon_example,LEX-EN-000388,unassigned,success,missing,missing_or_conflicting_label,False,False,['Label status is missing']
LEX-EN-000389__DEF,LEX-EN-000389,lexicon_entry,lexicon_definition,LEX-EN-000389,unassigned,success,missing,missing_or_conflicting_label,False,False,['Label status is missing']
LEX-EN-000389__EX,LEX-EN-000389,lexicon_entry,lexicon_example,LEX-EN-000389,unassigned,success,missing,missing_or_conflicting_label,False,False,['Label status is missing']
LEX-EN-000390__DEF,LEX-EN-000390,lexicon_entry,lexicon_definition,LEX-EN-000390,unassigned,success,missing,missing_or_conflicting_label,False,False,['Label status is missing']
LEX-EN-000390__EX,LEX-EN-000390,lexicon_entry,lexicon_example,LEX-EN-000390,unassigned,success,missing,missing_or_conflicting_label,False,False,['Label status is missing']
LEX-EN-000391__DEF,LEX-EN-000391,lexicon_entry,lexicon_definition,LEX-EN-000391,unassigned,success,missing,missing_or_conflicting_label,False,False,['Label status is missing']
LEX-EN-000391__EX,LEX-EN-000391,lexicon_entry,lexicon_example,LEX-EN-000391,unassigned,success,missing,missing_or_conflicting_label,False,False,['Label status is missing']
LEX-EN-000392__DEF,LEX-EN-000392,lexicon_entry,lexicon_definition,LEX-EN-000392,unassigned,success,missing,missing_or_conflicting_label,False,False,['Label status is missing']
LEX-EN-000392__EX,LEX-EN-000392,lexicon_entry,lexicon_example,LEX-EN-000392,unassigned,success,missing,missing_or_conflicting_label,False,False,['Label status is missing']
LEX-EN-000393__DEF,LEX-EN-000393,lexicon_entry,lexicon_definition,LEX-EN-000393,unassigned,success,missing,missing_or_conflicting_label,False,False,['Label status is missing']
LEX-EN-000393__EX,LEX-EN-000393,lexicon_entry,lexicon_example,LEX-EN-000393,unassigned,success,missing,missing_or_conflicting_label,False,False,['Label status is missing']
LEX-EN-000394__DEF,LEX-EN-000394,lexicon_entry,lexicon_definition,LEX-EN-000394,unassigned,success,missing,missing_or_conflicting_label,False,False,['Label status is missing']
LEX-EN-000394__EX,LEX-EN-000394,lexicon_entry,lexicon_example,LEX-EN-000394,unassigned,success,missing,missing_or_conflicting_label,False,False,['Label status is missing']
LEX-EN-000395__DEF,LEX-EN-000395,lexicon_entry,lexicon_definition,LEX-EN-000395,unassigned,success,missing,missing_or_conflicting_label,False,False,['Label status is missing']
LEX-EN-000395__EX,LEX-EN-000395,lexicon_entry,lexicon_example,LEX-EN-000395,unassigned,manual_review_required,missing,missing_or_conflicting_label,False,False,['Label status is missing']
LEX-EN-000396__DEF,LEX-EN-000396,lexicon_entry,lexicon_definition,LEX-EN-000396,unassigned,manual_review_required,missing,missing_or_conflicting_label,False,False,['Label status is missing']
LEX-EN-000396__EX,LEX-EN-000396,lexicon_entry,lexicon_example,LEX-EN-000396,unassigned,success,missing,missing_or_conflicting_label,False,False,['Label status is missing']
LEX-EN-000397__DEF,LEX-EN-000397,lexicon_entry,lexicon_definition,LEX-EN-000397,unassigned,success,missing,missing_or_conflicting_label,False,False,['Label status is missing']
LEX-EN-000397__EX,LEX-EN-000397,lexicon_entry,lexicon_example,LEX-EN-000397,unassigned,success,missing,missing_or_conflicting_label,False,False,['Label status is missing']
LEX-EN-000398__DEF,LEX-EN-000398,lexicon_entry,lexicon_definition,LEX-EN-000398,unassigned,success,missing,missing_or_conflicting_label,False,False,['Label status is missing']
LEX-EN-000398__EX,LEX-EN-000398,lexicon_entry,lexicon_example,LEX-EN-000398,unassigned,success,missing,missing_or_conflicting_label,False,False,['Label status is missing']
LEX-EN-000399__DEF,LEX-EN-000399,lexicon_entry,lexicon_definition,LEX-EN-000399,unassigned,success,missing,missing_or_conflicting_label,False,False,['Label status is missing']
LEX-EN-000399__EX,LEX-EN-000399,lexicon_entry,lexicon_example,LEX-EN-000399,unassigned,success,missing,missing_or_conflicting_label,False,False,['Label status is missing']
LEX-EN-000400__DEF,LEX-EN-000400,lexicon_entry,lexicon_definition,LEX-EN-000400,unassigned,manual_review_required,missing,missing_or_conflicting_label,False,False,['Label status is missing']
LEX-EN-000400__EX,LEX-EN-000400,lexicon_entry,lexicon_example,LEX-EN-000400,unassigned,success,missing,missing_or_conflicting_label,False,False,['Label status is missing']
LEX-EN-000401__DEF,LEX-EN-000401,lexicon_entry,lexicon_definition,LEX-EN-000401,unassigned,success,missing,missing_or_conflicting_label,False,False,['Label status is missing']
LEX-EN-000401__EX,LEX-EN-000401,lexicon_entry,lexicon_example,LEX-EN-000401,unassigned,success,missing,missing_or_conflicting_label,False,False,['Label status is missing']
LEX-EN-000402__DEF,LEX-EN-000402,lexicon_entry,lexicon_definition,LEX-EN-000402,unassigned,success,missing,missing_or_conflicting_label,False,False,['Label status is missing']
LEX-EN-000402__EX,LEX-EN-000402,lexicon_entry,lexicon_example,LEX-EN-000402,unassigned,success,missing,missing_or_conflicting_label,False,False,['Label status is missing']
LEX-EN-000403__DEF,LEX-EN-000403,lexicon_entry,lexicon_definition,LEX-EN-000403,unassigned,success,missing,missing_or_conflicting_label,False,False,['Label status is missing']
LEX-EN-000403__EX,LEX-EN-000403,lexicon_entry,lexicon_example,LEX-EN-000403,unassigned,success,missing,missing_or_conflicting_label,False,False,['Label status is missing']
LEX-EN-000404__DEF,LEX-EN-000404,lexicon_entry,lexicon_definition,LEX-EN-000404,unassigned,success,missing,missing_or_conflicting_label,False,False,['Label status is missing']
LEX-EN-000404__EX,LEX-EN-000404,lexicon_entry,lexicon_example,LEX-EN-000404,unassigned,success,missing,missing_or_conflicting_label,False,False,['Label status is missing']
LEX-EN-000405__DEF,LEX-EN-000405,lexicon_entry,lexicon_definition,LEX-EN-000405,unassigned,success,missing,missing_or_conflicting_label,False,False,['Label status is missing']
LEX-EN-000405__EX,LEX-EN-000405,lexicon_entry,lexicon_example,LEX-EN-000405,unassigned,success,missing,missing_or_conflicting_label,False,False,['Label status is missing']
LEX-EN-000406__DEF,LEX-EN-000406,lexicon_entry,lexicon_definition,LEX-EN-000406,unassigned,success,missing,missing_or_conflicting_label,False,False,['Label status is missing']
LEX-EN-000406__EX,LEX-EN-000406,lexicon_entry,lexicon_example,LEX-EN-000406,unassigned,success,missing,missing_or_conflicting_label,False,False,['Label status is missing']
LEX-EN-000407__DEF,LEX-EN-000407,lexicon_entry,lexicon_definition,LEX-EN-000407,unassigned,success,missing,missing_or_conflicting_label,False,False,['Label status is missing']
LEX-EN-000407__EX,LEX-EN-000407,lexicon_entry,lexicon_example,LEX-EN-000407,unassigned,manual_review_required,missing,missing_or_conflicting_label,False,False,['Label status is missing']
LEX-EN-000408__DEF,LEX-EN-000408,lexicon_entry,lexicon_definition,LEX-EN-000408,unassigned,manual_review_required,missing,missing_or_conflicting_label,False,False,['Label status is missing']
LEX-EN-000408__EX,LEX-EN-000408,lexicon_entry,lexicon_example,LEX-EN-000408,unassigned,success,missing,missing_or_conflicting_label,False,False,['Label status is missing']
LEX-EN-000409__DEF,LEX-EN-000409,lexicon_entry,lexicon_definition,LEX-EN-000409,unassigned,success,missing,missing_or_conflicting_label,False,False,['Label status is missing']
LEX-EN-000409__EX,LEX-EN-000409,lexicon_entry,lexicon_example,LEX-EN-000409,unassigned,success,missing,missing_or_conflicting_label,False,False,['Label status is missing']
LEX-EN-000410__DEF,LEX-EN-000410,lexicon_entry,lexicon_definition,LEX-EN-000410,unassigned,success,missing,missing_or_conflicting_label,False,False,['Label status is missing']
LEX-EN-000410__EX,LEX-EN-000410,lexicon_entry,lexicon_example,LEX-EN-000410,unassigned,success,missing,missing_or_conflicting_label,False,False,['Label status is missing']
LEX-EN-000411__DEF,LEX-EN-000411,lexicon_entry,lexicon_definition,LEX-EN-000411,unassigned,success,missing,missing_or_conflicting_label,False,False,['Label status is missing']
LEX-EN-000411__EX,LEX-EN-000411,lexicon_entry,lexicon_example,LEX-EN-000411,unassigned,success,missing,missing_or_conflicting_label,False,False,['Label status is missing']
LEX-EN-000412__DEF,LEX-EN-000412,lexicon_entry,lexicon_definition,LEX-EN-000412,unassigned,manual_review_required,missing,missing_or_conflicting_label,False,False,['Label status is missing']
LEX-EN-000412__EX,LEX-EN-000412,lexicon_entry,lexicon_example,LEX-EN-000412,unassigned,success,missing,missing_or_conflicting_label,False,False,['Label status is missing']
LEX-EN-000413__DEF,LEX-EN-000413,lexicon_entry,lexicon_definition,LEX-EN-000413,unassigned,success,missing,missing_or_conflicting_label,False,False,['Label status is missing']
LEX-EN-000413__EX,LEX-EN-000413,lexicon_entry,lexicon_example,LEX-EN-000413,unassigned,success,missing,missing_or_conflicting_label,False,False,['Label status is missing']
LEX-EN-000414__DEF,LEX-EN-000414,lexicon_entry,lexicon_definition,LEX-EN-000414,unassigned,success,missing,missing_or_conflicting_label,False,False,['Label status is missing']
LEX-EN-000414__EX,LEX-EN-000414,lexicon_entry,lexicon_example,LEX-EN-000414,unassigned,success,missing,missing_or_conflicting_label,False,False,['Label status is missing']
LEX-EN-000415__DEF,LEX-EN-000415,lexicon_entry,lexicon_definition,LEX-EN-000415,unassigned,success,missing,missing_or_conflicting_label,False,False,['Label status is missing']
LEX-EN-000415__EX,LEX-EN-000415,lexicon_entry,lexicon_example,LEX-EN-000415,unassigned,success,missing,missing_or_conflicting_label,False,False,['Label status is missing']
LEX-EN-000416__DEF,LEX-EN-000416,lexicon_entry,lexicon_definition,LEX-EN-000416,unassigned,success,missing,missing_or_conflicting_label,False,False,['Label status is missing']
LEX-EN-000416__EX,LEX-EN-000416,lexicon_entry,lexicon_example,LEX-EN-000416,unassigned,success,missing,missing_or_conflicting_label,False,False,['Label status is missing']
LEX-EN-000417__DEF,LEX-EN-000417,lexicon_entry,lexicon_definition,LEX-EN-000417,unassigned,success,missing,missing_or_conflicting_label,False,False,['Label status is missing']
LEX-EN-000417__EX,LEX-EN-000417,lexicon_entry,lexicon_example,LEX-EN-000417,unassigned,success,missing,missing_or_conflicting_label,False,False,['Label status is missing']
LEX-EN-000418__DEF,LEX-EN-000418,lexicon_entry,lexicon_definition,LEX-EN-000418,unassigned,success,missing,missing_or_conflicting_label,False,False,['Label status is missing']
LEX-EN-000418__EX,LEX-EN-000418,lexicon_entry,lexicon_example,LEX-EN-000418,unassigned,success,missing,missing_or_conflicting_label,False,False,['Label status is missing']
LEX-EN-000419__DEF,LEX-EN-000419,lexicon_entry,lexicon_definition,LEX-EN-000419,unassigned,success,missing,missing_or_conflicting_label,False,False,['Label status is missing']
LEX-EN-000419__EX,LEX-EN-000419,lexicon_entry,lexicon_example,LEX-EN-000419,unassigned,manual_review_required,missing,missing_or_conflicting_label,False,False,['Label status is missing']
LEX-EN-000420__DEF,LEX-EN-000420,lexicon_entry,lexicon_definition,LEX-EN-000420,unassigned,manual_review_required,missing,missing_or_conflicting_label,False,False,['Label status is missing']
LEX-EN-000420__EX,LEX-EN-000420,lexicon_entry,lexicon_example,LEX-EN-000420,unassigned,success,missing,missing_or_conflicting_label,False,False,['Label status is missing']
LEX-EN-000421__DEF,LEX-EN-000421,lexicon_entry,lexicon_definition,LEX-EN-000421,unassigned,success,missing,missing_or_conflicting_label,False,False,['Label status is missing']
LEX-EN-000421__EX,LEX-EN-000421,lexicon_entry,lexicon_example,LEX-EN-000421,unassigned,success,missing,missing_or_conflicting_label,False,False,['Label status is missing']
LEX-EN-000422__DEF,LEX-EN-000422,lexicon_entry,lexicon_definition,LEX-EN-000422,unassigned,success,missing,missing_or_conflicting_label,False,False,['Label status is missing']
LEX-EN-000422__EX,LEX-EN-000422,lexicon_entry,lexicon_example,LEX-EN-000422,unassigned,success,missing,missing_or_conflicting_label,False,False,['Label status is missing']
LEX-EN-000423__DEF,LEX-EN-000423,lexicon_entry,lexicon_definition,LEX-EN-000423,unassigned,success,missing,missing_or_conflicting_label,False,False,['Label status is missing']
LEX-EN-000423__EX,LEX-EN-000423,lexicon_entry,lexicon_example,LEX-EN-000423,unassigned,success,missing,missing_or_conflicting_label,False,False,['Label status is missing']
LEX-EN-000424__DEF,LEX-EN-000424,lexicon_entry,lexicon_definition,LEX-EN-000424,unassigned,manual_review_required,missing,missing_or_conflicting_label,False,False,['Label status is missing']
LEX-EN-000424__EX,LEX-EN-000424,lexicon_entry,lexicon_example,LEX-EN-000424,unassigned,success,missing,missing_or_conflicting_label,False,False,['Label status is missing']
LEX-EN-000425__DEF,LEX-EN-000425,lexicon_entry,lexicon_definition,LEX-EN-000425,unassigned,success,missing,missing_or_conflicting_label,False,False,['Label status is missing']
LEX-EN-000425__EX,LEX-EN-000425,lexicon_entry,lexicon_example,LEX-EN-000425,unassigned,success,missing,missing_or_conflicting_label,False,False,['Label status is missing']
LEX-EN-000426__DEF,LEX-EN-000426,lexicon_entry,lexicon_definition,LEX-EN-000426,unassigned,success,missing,missing_or_conflicting_label,False,False,['Label status is missing']
LEX-EN-000426__EX,LEX-EN-000426,lexicon_entry,lexicon_example,LEX-EN-000426,unassigned,success,missing,missing_or_conflicting_label,False,False,['Label status is missing']
LEX-EN-000427__DEF,LEX-EN-000427,lexicon_entry,lexicon_definition,LEX-EN-000427,unassigned,success,missing,missing_or_conflicting_label,False,False,['Label status is missing']
LEX-EN-000427__EX,LEX-EN-000427,lexicon_entry,lexicon_example,LEX-EN-000427,unassigned,success,missing,missing_or_conflicting_label,False,False,['Label status is missing']
LEX-EN-000428__DEF,LEX-EN-000428,lexicon_entry,lexicon_definition,LEX-EN-000428,unassigned,success,missing,missing_or_conflicting_label,False,False,['Label status is missing']
LEX-EN-000428__EX,LEX-EN-000428,lexicon_entry,lexicon_example,LEX-EN-000428,unassigned,success,missing,missing_or_conflicting_label,False,False,['Label status is missing']
LEX-EN-000429__DEF,LEX-EN-000429,lexicon_entry,lexicon_definition,LEX-EN-000429,unassigned,success,missing,missing_or_conflicting_label,False,False,['Label status is missing']
LEX-EN-000429__EX,LEX-EN-000429,lexicon_entry,lexicon_example,LEX-EN-000429,unassigned,success,missing,missing_or_conflicting_label,False,False,['Label status is missing']
LEX-EN-000430__DEF,LEX-EN-000430,lexicon_entry,lexicon_definition,LEX-EN-000430,unassigned,success,missing,missing_or_conflicting_label,False,False,['Label status is missing']
LEX-EN-000430__EX,LEX-EN-000430,lexicon_entry,lexicon_example,LEX-EN-000430,unassigned,success,missing,missing_or_conflicting_label,False,False,['Label status is missing']
LEX-EN-000431__DEF,LEX-EN-000431,lexicon_entry,lexicon_definition,LEX-EN-000431,unassigned,success,missing,missing_or_conflicting_label,False,False,['Label status is missing']
LEX-EN-000431__EX,LEX-EN-000431,lexicon_entry,lexicon_example,LEX-EN-000431,unassigned,manual_review_required,missing,missing_or_conflicting_label,False,False,['Label status is missing']
LEX-EN-000432__DEF,LEX-EN-000432,lexicon_entry,lexicon_definition,LEX-EN-000432,unassigned,manual_review_required,missing,missing_or_conflicting_label,False,False,['Label status is missing']
LEX-EN-000432__EX,LEX-EN-000432,lexicon_entry,lexicon_example,LEX-EN-000432,unassigned,success,missing,missing_or_conflicting_label,False,False,['Label status is missing']
LEX-EN-000433__DEF,LEX-EN-000433,lexicon_entry,lexicon_definition,LEX-EN-000433,unassigned,success,missing,missing_or_conflicting_label,False,False,['Label status is missing']
LEX-EN-000433__EX,LEX-EN-000433,lexicon_entry,lexicon_example,LEX-EN-000433,unassigned,success,missing,missing_or_conflicting_label,False,False,['Label status is missing']
LEX-EN-000434__DEF,LEX-EN-000434,lexicon_entry,lexicon_definition,LEX-EN-000434,unassigned,success,missing,missing_or_conflicting_label,False,False,['Label status is missing']
LEX-EN-000434__EX,LEX-EN-000434,lexicon_entry,lexicon_example,LEX-EN-000434,unassigned,success,missing,missing_or_conflicting_label,False,False,['Label status is missing']
LEX-EN-000435__DEF,LEX-EN-000435,lexicon_entry,lexicon_definition,LEX-EN-000435,unassigned,success,missing,missing_or_conflicting_label,False,False,['Label status is missing']
LEX-EN-000435__EX,LEX-EN-000435,lexicon_entry,lexicon_example,LEX-EN-000435,unassigned,success,missing,missing_or_conflicting_label,False,False,['Label status is missing']
LEX-EN-000436__DEF,LEX-EN-000436,lexicon_entry,lexicon_definition,LEX-EN-000436,unassigned,manual_review_required,missing,missing_or_conflicting_label,False,False,['Label status is missing']
LEX-EN-000436__EX,LEX-EN-000436,lexicon_entry,lexicon_example,LEX-EN-000436,unassigned,success,missing,missing_or_conflicting_label,False,False,['Label status is missing']
LEX-EN-000437__DEF,LEX-EN-000437,lexicon_entry,lexicon_definition,LEX-EN-000437,unassigned,success,missing,missing_or_conflicting_label,False,False,['Label status is missing']
LEX-EN-000437__EX,LEX-EN-000437,lexicon_entry,lexicon_example,LEX-EN-000437,unassigned,success,missing,missing_or_conflicting_label,False,False,['Label status is missing']
LEX-EN-000438__DEF,LEX-EN-000438,lexicon_entry,lexicon_definition,LEX-EN-000438,unassigned,success,missing,missing_or_conflicting_label,False,False,['Label status is missing']
LEX-EN-000438__EX,LEX-EN-000438,lexicon_entry,lexicon_example,LEX-EN-000438,unassigned,success,missing,missing_or_conflicting_label,False,False,['Label status is missing']
LEX-EN-000439__DEF,LEX-EN-000439,lexicon_entry,lexicon_definition,LEX-EN-000439,unassigned,success,missing,missing_or_conflicting_label,False,False,['Label status is missing']
LEX-EN-000439__EX,LEX-EN-000439,lexicon_entry,lexicon_example,LEX-EN-000439,unassigned,success,missing,missing_or_conflicting_label,False,False,['Label status is missing']
LEX-EN-000440__DEF,LEX-EN-000440,lexicon_entry,lexicon_definition,LEX-EN-000440,unassigned,success,missing,missing_or_conflicting_label,False,False,['Label status is missing']
LEX-EN-000440__EX,LEX-EN-000440,lexicon_entry,lexicon_example,LEX-EN-000440,unassigned,success,missing,missing_or_conflicting_label,False,False,['Label status is missing']
LEX-EN-000441__DEF,LEX-EN-000441,lexicon_entry,lexicon_definition,LEX-EN-000441,unassigned,success,missing,missing_or_conflicting_label,False,False,['Label status is missing']
LEX-EN-000441__EX,LEX-EN-000441,lexicon_entry,lexicon_example,LEX-EN-000441,unassigned,success,missing,missing_or_conflicting_label,False,False,['Label status is missing']
LEX-EN-000442__DEF,LEX-EN-000442,lexicon_entry,lexicon_definition,LEX-EN-000442,unassigned,success,missing,missing_or_conflicting_label,False,False,['Label status is missing']
LEX-EN-000442__EX,LEX-EN-000442,lexicon_entry,lexicon_example,LEX-EN-000442,unassigned,success,missing,missing_or_conflicting_label,False,False,['Label status is missing']
LEX-EN-000443__DEF,LEX-EN-000443,lexicon_entry,lexicon_definition,LEX-EN-000443,unassigned,success,missing,missing_or_conflicting_label,False,False,['Label status is missing']
LEX-EN-000443__EX,LEX-EN-000443,lexicon_entry,lexicon_example,LEX-EN-000443,unassigned,manual_review_required,missing,missing_or_conflicting_label,False,False,['Label status is missing']
LEX-EN-000444__DEF,LEX-EN-000444,lexicon_entry,lexicon_definition,LEX-EN-000444,unassigned,manual_review_required,missing,missing_or_conflicting_label,False,False,['Label status is missing']
LEX-EN-000444__EX,LEX-EN-000444,lexicon_entry,lexicon_example,LEX-EN-000444,unassigned,success,missing,missing_or_conflicting_label,False,False,['Label status is missing']
LEX-EN-000445__DEF,LEX-EN-000445,lexicon_entry,lexicon_definition,LEX-EN-000445,unassigned,success,missing,missing_or_conflicting_label,False,False,['Label status is missing']
LEX-EN-000445__EX,LEX-EN-000445,lexicon_entry,lexicon_example,LEX-EN-000445,unassigned,success,missing,missing_or_conflicting_label,False,False,['Label status is missing']
LEX-EN-000446__DEF,LEX-EN-000446,lexicon_entry,lexicon_definition,LEX-EN-000446,unassigned,success,missing,missing_or_conflicting_label,False,False,['Label status is missing']
LEX-EN-000446__EX,LEX-EN-000446,lexicon_entry,lexicon_example,LEX-EN-000446,unassigned,success,missing,missing_or_conflicting_label,False,False,['Label status is missing']
LEX-EN-000447__DEF,LEX-EN-000447,lexicon_entry,lexicon_definition,LEX-EN-000447,unassigned,success,missing,missing_or_conflicting_label,False,False,['Label status is missing']
LEX-EN-000447__EX,LEX-EN-000447,lexicon_entry,lexicon_example,LEX-EN-000447,unassigned,success,missing,missing_or_conflicting_label,False,False,['Label status is missing']
LEX-EN-000448__DEF,LEX-EN-000448,lexicon_entry,lexicon_definition,LEX-EN-000448,unassigned,manual_review_required,missing,missing_or_conflicting_label,False,False,['Label status is missing']
LEX-EN-000448__EX,LEX-EN-000448,lexicon_entry,lexicon_example,LEX-EN-000448,unassigned,success,missing,missing_or_conflicting_label,False,False,['Label status is missing']
LEX-EN-000449__DEF,LEX-EN-000449,lexicon_entry,lexicon_definition,LEX-EN-000449,unassigned,success,missing,missing_or_conflicting_label,False,False,['Label status is missing']
LEX-EN-000449__EX,LEX-EN-000449,lexicon_entry,lexicon_example,LEX-EN-000449,unassigned,success,missing,missing_or_conflicting_label,False,False,['Label status is missing']
LEX-EN-000450__DEF,LEX-EN-000450,lexicon_entry,lexicon_definition,LEX-EN-000450,unassigned,success,missing,missing_or_conflicting_label,False,False,['Label status is missing']
LEX-EN-000450__EX,LEX-EN-000450,lexicon_entry,lexicon_example,LEX-EN-000450,unassigned,success,missing,missing_or_conflicting_label,False,False,['Label status is missing']
LEX-EN-000451__DEF,LEX-EN-000451,lexicon_entry,lexicon_definition,LEX-EN-000451,unassigned,success,missing,missing_or_conflicting_label,False,False,['Label status is missing']
LEX-EN-000451__EX,LEX-EN-000451,lexicon_entry,lexicon_example,LEX-EN-000451,unassigned,success,missing,missing_or_conflicting_label,False,False,['Label status is missing']
LEX-EN-000452__DEF,LEX-EN-000452,lexicon_entry,lexicon_definition,LEX-EN-000452,unassigned,success,missing,missing_or_conflicting_label,False,False,['Label status is missing']
LEX-EN-000452__EX,LEX-EN-000452,lexicon_entry,lexicon_example,LEX-EN-000452,unassigned,success,missing,missing_or_conflicting_label,False,False,['Label status is missing']
LEX-EN-000453__DEF,LEX-EN-000453,lexicon_entry,lexicon_definition,LEX-EN-000453,unassigned,success,missing,missing_or_conflicting_label,False,False,['Label status is missing']
LEX-EN-000453__EX,LEX-EN-000453,lexicon_entry,lexicon_example,LEX-EN-000453,unassigned,success,missing,missing_or_conflicting_label,False,False,['Label status is missing']
LEX-EN-000454__DEF,LEX-EN-000454,lexicon_entry,lexicon_definition,LEX-EN-000454,unassigned,success,missing,missing_or_conflicting_label,False,False,['Label status is missing']
LEX-EN-000454__EX,LEX-EN-000454,lexicon_entry,lexicon_example,LEX-EN-000454,unassigned,success,missing,missing_or_conflicting_label,False,False,['Label status is missing']
LEX-EN-000455__DEF,LEX-EN-000455,lexicon_entry,lexicon_definition,LEX-EN-000455,unassigned,success,missing,missing_or_conflicting_label,False,False,['Label status is missing']
LEX-EN-000455__EX,LEX-EN-000455,lexicon_entry,lexicon_example,LEX-EN-000455,unassigned,manual_review_required,missing,missing_or_conflicting_label,False,False,['Label status is missing']
LEX-EN-000456__DEF,LEX-EN-000456,lexicon_entry,lexicon_definition,LEX-EN-000456,unassigned,manual_review_required,missing,missing_or_conflicting_label,False,False,['Label status is missing']
LEX-EN-000456__EX,LEX-EN-000456,lexicon_entry,lexicon_example,LEX-EN-000456,unassigned,success,missing,missing_or_conflicting_label,False,False,['Label status is missing']
LEX-EN-000457__DEF,LEX-EN-000457,lexicon_entry,lexicon_definition,LEX-EN-000457,unassigned,success,missing,missing_or_conflicting_label,False,False,['Label status is missing']
LEX-EN-000457__EX,LEX-EN-000457,lexicon_entry,lexicon_example,LEX-EN-000457,unassigned,success,missing,missing_or_conflicting_label,False,False,['Label status is missing']
LEX-EN-000458__DEF,LEX-EN-000458,lexicon_entry,lexicon_definition,LEX-EN-000458,unassigned,success,missing,missing_or_conflicting_label,False,False,['Label status is missing']
LEX-EN-000458__EX,LEX-EN-000458,lexicon_entry,lexicon_example,LEX-EN-000458,unassigned,success,missing,missing_or_conflicting_label,False,False,['Label status is missing']
LEX-EN-000459__DEF,LEX-EN-000459,lexicon_entry,lexicon_definition,LEX-EN-000459,unassigned,success,missing,missing_or_conflicting_label,False,False,['Label status is missing']
LEX-EN-000459__EX,LEX-EN-000459,lexicon_entry,lexicon_example,LEX-EN-000459,unassigned,success,missing,missing_or_conflicting_label,False,False,['Label status is missing']
